Order_ID,Order_Date,Customer_ID,Customer_Name,City,Category,Product,Sales_Channel,Quantity,Unit_Price,Discount_Percent,Gross_Sales,Discount_Amount,Shipping_Cost,Net_Sales,Payment_Method,Customer_Segment,Order_Status,Customer_Rating,
ORD100001,13-04-2025,CUST1005,Customer_1,Chennai,Accessories,Laptop,Marketplace,4,9661.18,10,38644.72,3864.47,268.66,35048.91,Debit Card,New,Returned,2.2,3.032751004
ORD100002,15-12-2025,CUST1382,Customer_2,Surat,Electronics,Blender,Website,2,4002.82,0,8005.64,0,167.36,8173,Debit Card,Returning,Delivered,3.7,
ORD100003,28-09-2025,CUST1724,Customer_3,Ahmedabad,Grocery,Laptop,Website,4,1407.03,0,5628.12,0,203.65,5831.77,UPI,VIP,Delivered,2.6,
ORD100004,17-04-2025,CUST1768,Customer_4,Delhi,Accessories,Groceries Pack,Store,1,1921.18,15,1921.18,288.18,136.44,1769.44,UPI,Returning,Delivered,4.9,46006
ORD100005,13-03-2025,CUST1334,Customer_5,Pune,Sports,Novel,Marketplace,4,3485.05,0,13940.2,0,156.41,14096.61,Debit Card,New,Delivered,2.6,Customer_4
ORD100006,08-07-2025,CUST1475,Customer_6,Delhi,Beauty,Football,Marketplace,5,7577.94,5,37889.7,1894.48,274.69,36269.91,Cash on Delivery,New,Delivered,,
ORD100007,21-01-2025,CUST1986,Customer_7,Ahmedabad,Clothing,Blender,Marketplace,5,12630.57,0,63152.85,0,281.29,63434.14,Credit Card,New,Returned,3,
ORD100008,13-04-2025,CUST1928,Customer_8,Mumbai,Grocery,Shoes,Mobile App,4,10564.21,10,42256.84,4225.68,271.76,38302.92,Net Banking,Returning,Cancelled,1.1,
ORD100009,02-05-2025,CUST1030,Customer_9,Jaipur,Clothing,Football,Mobile App,5,11867.25,15,59336.25,8900.44,67.36,50503.17,UPI,Returning,Cancelled,2.7,
ORD100010,03-08-2025,CUST1347,Customer_10,Chennai,Beauty,T-Shirt,Mobile App,2,5361.99,15,10723.98,1608.6,259.52,9374.9,Credit Card,New,Delivered,4.3,
ORD100011,27-11-2025,CUST1922,Customer_11,Surat,Books,Novel,Website,4,6159.11,5,24636.44,1231.82,286.06,23690.68,Debit Card,Returning,Delivered,3.4,
ORD100012,29-03-2025,CUST1594,Customer_12,Delhi,Grocery,Blender,Marketplace,2,5996.18,0,11992.36,0,127.54,12119.9,Credit Card,Returning,Cancelled,4.9,
ORD100013,10-04-2025,CUST1493,Customer_13,Bengaluru,Electronics,Blender,Marketplace,2,2999.32,0,5998.64,0,170.03,6168.67,Credit Card,New,Returned,2.3,
ORD100014,26-12-2025,CUST1983,Customer_14,Delhi,Clothing,Laptop,Website,3,1059.07,5,3177.21,158.86,240.36,3258.71,Credit Card,New,Delivered,1.6,
ORD100015,01-06-2025,CUST1748,Customer_15,Bengaluru,Grocery,Watch,Mobile App,4,8925.1,25,35700.4,8925.1,181.76,26957.06,Debit Card,Returning,Delivered,4,
ORD100016,11-05-2025,CUST1495,Customer_16,Jaipur,Beauty,Novel,Store,5,14839.87,0,74199.35,0,298.24,74497.59,UPI,Returning,Cancelled,1.2,
ORD100017,30-05-2025,CUST1856,Customer_17,Kolkata,Clothing,Football,Marketplace,2,2627.42,5,5254.84,262.74,153.04,5145.14,Net Banking,New,Cancelled,1.6,
ORD100018,05-11-2025,CUST1388,Customer_18,Chennai,Sports,Laptop,Website,3,843.27,0,2529.81,0,222.76,2752.57,Cash on Delivery,New,Delivered,3,
ORD100019,15-09-2025,CUST1873,Customer_19,Kolkata,Books,Shoes,Mobile App,4,11726.05,10,46904.2,4690.42,244,42457.78,UPI,Returning,Delivered,4,
ORD100020,10-12-2025,CUST1835,Customer_20,Kolkata,Accessories,Shoes,Website,4,3900.9,15,15603.6,2340.54,163.41,13426.47,Net Banking,New,Delivered,3.4,
ORD100021,21-10-2025,CUST1253,Customer_21,Chennai,Accessories,Groceries Pack,Store,1,12470.21,10,12470.21,1247.02,261.39,11484.58,Debit Card,Returning,Returned,5,
ORD100022,11-07-2025,CUST1630,Customer_22,Chennai,Accessories,Watch,Store,1,10603.46,20,10603.46,2120.69,177.46,8660.23,Net Banking,New,Delivered,3.6,
ORD100023,04-10-2025,CUST1939,Customer_23,Jaipur,Clothing,Headphones,Mobile App,2,14193.25,10,28386.5,2838.65,141.15,25689,Debit Card,New,Cancelled,3.9,
ORD100024,10-06-2025,CUST1030,Customer_24,Surat,Books,Shoes,Website,1,6222.57,0,6222.57,0,59.11,6281.68,Net Banking,New,Delivered,5,
ORD100025,10-11-2025,CUST1623,Customer_25,Delhi,Books,Watch,Mobile App,2,9980.25,5,19960.5,998.02,136.22,19098.7,UPI,VIP,Returned,3.4,
ORD100026,22-01-2025,CUST1912,Customer_26,Jaipur,Sports,T-Shirt,Website,5,7053.09,15,35265.45,5289.82,228.16,30203.79,Debit Card,Returning,Delivered,3.9,
ORD100027,10-09-2025,CUST1766,Customer_27,Ahmedabad,Grocery,Watch,Website,2,9514.24,10,19028.48,1902.85,278.75,17404.38,Credit Card,VIP,Cancelled,2.2,
ORD100028,24-08-2025,CUST1711,Customer_28,Hyderabad,Books,Blender,Store,1,6826.54,10,6826.54,682.65,97.95,6241.84,Debit Card,New,Delivered,3.1,
ORD100029,11-12-2025,CUST1807,Customer_29,Mumbai,Sports,Football,Website,5,2951.19,15,14755.95,2213.39,125.91,12668.47,Debit Card,Returning,Delivered,4.6,
ORD100030,18-02-2025,CUST1342,Customer_30,Chennai,Accessories,Blender,Website,1,7692.28,10,7692.28,769.23,71.57,6994.62,Net Banking,VIP,Delivered,4.4,
ORD100031,28-02-2025,CUST1809,Customer_31,Delhi,Clothing,Blender,Store,2,7999.48,20,15998.96,3199.79,216.5,13015.67,Debit Card,New,Delivered,2.2,
ORD100032,19-06-2025,CUST1287,Customer_32,Surat,Clothing,Shoes,Marketplace,3,12187.47,10,36562.41,3656.24,289.25,33195.42,Net Banking,VIP,Delivered,2.4,
ORD100033,07-07-2025,CUST1945,Customer_33,Pune,Books,Groceries Pack,Marketplace,4,11072.48,15,44289.92,6643.49,203.06,37849.49,UPI,VIP,Delivered,4.4,
ORD100034,28-09-2025,CUST1397,Customer_34,Surat,Sports,Skincare Kit,Marketplace,1,10007.31,0,10007.31,0,196.61,10203.92,Debit Card,VIP,Cancelled,2.1,
ORD100035,09-07-2025,CUST1509,Customer_35,Mumbai,Clothing,Watch,Marketplace,2,1833.8,15,3667.6,550.14,179.44,3296.9,Credit Card,VIP,Delivered,4.6,
ORD100036,24-06-2025,CUST1937,Customer_36,Ahmedabad,Books,Skincare Kit,Website,5,10851.15,20,54255.75,10851.15,53.88,43458.48,Credit Card,Returning,Delivered,4.1,
ORD100037,20-02-2025,CUST1244,Customer_37,Pune,Grocery,Skincare Kit,Marketplace,1,7579.53,5,7579.53,378.98,226.97,7427.52,UPI,VIP,Delivered,1.6,
ORD100038,30-12-2025,CUST1221,Customer_38,Kolkata,Electronics,Skincare Kit,Marketplace,1,13427.38,15,13427.38,2014.11,192.55,11605.82,Credit Card,New,Delivered,3.9,
ORD100039,24-02-2025,CUST1156,Customer_39,Kolkata,Home & Kitchen,Laptop,Website,4,13810.08,15,55240.32,8286.05,208.6,47162.87,Net Banking,Returning,Delivered,4.3,
ORD100040,01-09-2025,CUST1383,Customer_40,Chennai,Grocery,Skincare Kit,Marketplace,2,969.08,0,1938.16,0,272.68,2210.84,Debit Card,New,Returned,1.6,
ORD100041,16-11-2025,CUST1748,Customer_41,Kolkata,Grocery,Shoes,Marketplace,3,12336.53,10,37009.59,3700.96,241.67,33550.3,Cash on Delivery,Returning,Delivered,2.8,
ORD100042,11-05-2025,CUST1320,Customer_42,Bengaluru,Home & Kitchen,Headphones,Mobile App,5,709.81,0,3549.05,0,240.85,3789.9,Debit Card,Returning,Delivered,4.5,
ORD100043,03-11-2025,CUST1373,Customer_43,Delhi,Beauty,Skincare Kit,Marketplace,2,5602.47,25,11204.94,2801.24,280.34,8684.04,Debit Card,Returning,Delivered,1.8,
ORD100044,15-05-2025,CUST1531,Customer_44,Bengaluru,Books,Laptop,Mobile App,5,8203.15,20,41015.75,8203.15,297.28,33109.88,Cash on Delivery,Returning,Delivered,2.8,
ORD100045,21-01-2025,CUST1215,Customer_45,Chennai,Home & Kitchen,Laptop,Marketplace,1,2349.3,0,2349.3,0,186.95,2536.25,Credit Card,New,Delivered,3.5,
ORD100046,25-11-2025,CUST1367,Customer_46,Jaipur,Electronics,Blender,Website,4,11232.76,0,44931.04,0,59.4,44990.44,Credit Card,Returning,Delivered,1.4,
ORD100047,16-06-2025,CUST1114,Customer_47,Mumbai,Books,Skincare Kit,Marketplace,4,274.07,10,1096.28,109.63,153.97,1140.62,Debit Card,New,Returned,1.8,
ORD100048,01-10-2025,CUST1200,Customer_48,Pune,Home & Kitchen,Headphones,Store,3,2653.7,5,7961.1,398.06,242.65,7805.69,Credit Card,New,Delivered,2.9,
ORD100049,30-03-2025,CUST1025,Customer_49,Pune,Home & Kitchen,Watch,Website,4,8774.83,0,35099.32,0,37.49,35136.81,Net Banking,Returning,Delivered,2.5,
ORD100050,12-11-2025,CUST1934,Customer_50,Kolkata,Electronics,Novel,Marketplace,1,10758.66,10,10758.66,1075.87,45.36,9728.15,Net Banking,Returning,Delivered,2.3,
ORD100051,14-01-2025,CUST1121,Customer_51,Delhi,Accessories,Shoes,Marketplace,3,13762.15,5,41286.45,2064.32,48.13,39270.26,Cash on Delivery,New,Delivered,1.1,
ORD100052,30-08-2025,CUST1742,Customer_52,Hyderabad,Sports,Shoes,Website,2,10626.63,0,21253.26,0,227.38,21480.64,Debit Card,New,Delivered,4.7,
ORD100053,22-09-2025,CUST1611,Customer_53,Surat,Accessories,Watch,Store,4,10125.92,20,40503.68,8100.74,165.31,32568.25,Net Banking,New,Delivered,4.5,
ORD100054,12-12-2025,CUST1858,Customer_54,Pune,Accessories,Blender,Website,3,6005.97,20,18017.91,3603.58,129.6,14543.93,UPI,Returning,Returned,2.6,
ORD100055,22-02-2025,CUST1003,Customer_55,Mumbai,Accessories,Watch,Store,1,169.07,15,169.07,25.36,58.52,202.23,Credit Card,Returning,Delivered,1.7,
ORD100056,06-12-2025,CUST1898,Customer_56,Mumbai,Home & Kitchen,Shoes,Website,5,1934.36,20,9671.8,1934.36,227.7,7965.14,Debit Card,New,Delivered,1.3,
ORD100057,02-04-2025,CUST1773,Customer_57,Bengaluru,Grocery,Blender,Website,5,8088.13,0,40440.65,0,116.68,40557.33,Net Banking,Returning,Delivered,1.5,
ORD100058,21-09-2025,CUST1445,Customer_58,Bengaluru,Accessories,Watch,Mobile App,1,10175.68,5,10175.68,508.78,101.64,9768.54,Cash on Delivery,New,Cancelled,3.4,
ORD100059,04-02-2025,CUST1254,Customer_59,Chennai,Beauty,T-Shirt,Mobile App,1,6349.11,0,6349.11,0,206.13,6555.24,Net Banking,Returning,Delivered,3.9,
ORD100060,25-07-2025,CUST1020,Customer_60,Ahmedabad,Grocery,Novel,Website,5,11000.58,15,55002.9,8250.44,180.93,46933.39,UPI,New,Delivered,1.6,
ORD100061,22-03-2025,CUST1204,Customer_61,Hyderabad,Accessories,Skincare Kit,Mobile App,3,7899.66,25,23698.98,5924.74,127.85,17902.09,Net Banking,VIP,Delivered,1.5,
ORD100062,19-02-2025,CUST1806,Customer_62,Kolkata,Home & Kitchen,Novel,Marketplace,5,1251.52,15,6257.6,938.64,203.2,5522.16,Debit Card,New,Cancelled,3.8,
ORD100063,26-12-2025,CUST1976,Customer_63,Mumbai,Accessories,Blender,Marketplace,1,3001.44,20,3001.44,600.29,103.23,2504.38,Cash on Delivery,Returning,Delivered,3.1,
ORD100064,02-01-2025,CUST1357,Customer_64,Pune,Home & Kitchen,Football,Marketplace,4,12623.97,10,50495.88,5049.59,244.6,45690.89,Cash on Delivery,Returning,Cancelled,2.5,
ORD100065,23-02-2025,CUST1128,Customer_65,Surat,Electronics,Watch,Mobile App,2,10914.95,5,21829.9,1091.49,91.92,20830.33,UPI,New,Returned,3.9,
ORD100066,16-04-2025,CUST1358,Customer_66,Surat,Accessories,Football,Mobile App,4,13437.22,5,53748.88,2687.44,72.89,51134.33,Debit Card,New,Returned,2.8,
ORD100067,17-09-2025,CUST1292,Customer_67,Bengaluru,Accessories,Skincare Kit,Marketplace,4,1895.73,0,7582.92,0,241.26,7824.18,UPI,New,Delivered,2.9,
ORD100068,06-11-2025,CUST1174,Customer_68,Bengaluru,Electronics,Watch,Website,1,14854.8,0,14854.8,0,221.13,15075.93,UPI,Returning,Delivered,1.1,
ORD100069,10-07-2025,CUST1733,Customer_69,Jaipur,Books,Shoes,Marketplace,5,3259.69,15,16298.45,2444.77,79.31,13932.99,UPI,New,Delivered,2.3,
ORD100070,06-08-2025,CUST1355,Customer_70,Hyderabad,Beauty,Skincare Kit,Mobile App,3,324.93,10,974.79,97.48,61.39,938.7,Net Banking,Returning,Returned,1,
ORD100071,13-02-2025,CUST1881,Customer_71,Chennai,Clothing,Groceries Pack,Store,4,14961.73,10,59846.92,5984.69,256.37,54118.6,Credit Card,Returning,Cancelled,4.7,
ORD100072,11-06-2025,CUST1037,Customer_72,Kolkata,Electronics,Shoes,Marketplace,5,4323.95,10,21619.75,2161.98,239.68,19697.45,Net Banking,New,Delivered,2.2,
ORD100073,21-07-2025,CUST1310,Customer_73,Delhi,Accessories,Skincare Kit,Marketplace,3,10070.09,5,30210.27,1510.51,118.36,28818.12,Debit Card,New,Cancelled,1.7,
ORD100074,27-09-2025,CUST1661,Customer_74,Mumbai,Clothing,Skincare Kit,Mobile App,4,2773.73,10,11094.92,1109.49,207.71,10193.14,UPI,VIP,Delivered,1.4,
ORD100075,17-12-2025,CUST1917,Customer_75,Delhi,Accessories,T-Shirt,Mobile App,3,8766.39,10,26299.17,2629.92,63.52,23732.77,UPI,New,Delivered,1.2,
ORD100076,31-10-2025,CUST1604,Customer_76,Jaipur,Beauty,Shoes,Mobile App,5,13574.92,5,67874.6,3393.73,166.9,64647.77,Credit Card,New,Delivered,4.5,
ORD100077,28-09-2025,CUST1582,Customer_77,Kolkata,Home & Kitchen,T-Shirt,Mobile App,2,4904.69,20,9809.38,1961.88,35.06,7882.56,Cash on Delivery,Returning,Delivered,1.7,
ORD100078,03-08-2025,CUST1084,Customer_78,Surat,Books,T-Shirt,Marketplace,5,10103.27,10,50516.35,5051.64,135.73,45600.44,UPI,New,Delivered,3.5,
ORD100079,09-09-2025,CUST1510,Customer_79,Pune,Home & Kitchen,Watch,Mobile App,1,2940.37,10,2940.37,294.04,50.21,2696.54,Net Banking,Returning,Delivered,3.6,
ORD100080,09-07-2025,CUST1444,Customer_80,Jaipur,Grocery,Shoes,Store,3,9428.21,20,28284.63,5656.93,158.29,22785.99,UPI,New,Delivered,2.3,
ORD100081,23-10-2025,CUST1420,Customer_81,Chennai,Books,Shoes,Website,2,5146.29,20,10292.58,2058.52,143.85,8377.91,Debit Card,VIP,Delivered,4.3,
ORD100082,01-08-2025,CUST1205,Customer_82,Kolkata,Clothing,Skincare Kit,Mobile App,3,3286.44,20,9859.32,1971.86,149.98,8037.44,Credit Card,New,Delivered,1.9,
ORD100083,27-07-2025,CUST1488,Customer_83,Bengaluru,Grocery,Shoes,Mobile App,3,4800.75,5,14402.25,720.11,42.24,13724.38,Cash on Delivery,VIP,Returned,1.3,
ORD100084,25-08-2025,CUST1779,Customer_84,Surat,Beauty,Skincare Kit,Marketplace,4,2805.79,0,11223.16,0,127.64,11350.8,Debit Card,New,Delivered,1.3,
ORD100085,04-12-2025,CUST1088,Customer_85,Delhi,Beauty,Headphones,Website,1,13543.45,5,13543.45,677.17,234.25,13100.53,Net Banking,New,Delivered,2.2,
ORD100086,22-02-2025,CUST1252,Customer_86,Kolkata,Electronics,Shoes,Website,3,6048.23,5,18144.69,907.23,129.61,17367.07,Debit Card,VIP,Delivered,2.9,
ORD100087,07-10-2025,CUST1723,Customer_87,Jaipur,Accessories,Headphones,Website,5,3792.4,20,18962,3792.4,223.1,15392.7,UPI,New,Delivered,3.5,
ORD100088,05-08-2025,CUST1855,Customer_88,Chennai,Clothing,Novel,Mobile App,5,6808.86,10,34044.3,3404.43,129.76,30769.63,Credit Card,New,Delivered,3.9,
ORD100089,09-09-2025,CUST1031,Customer_89,Ahmedabad,Books,Groceries Pack,Marketplace,4,4909.96,0,19639.84,0,144.27,19784.11,UPI,New,Delivered,1.7,
ORD100090,07-07-2025,CUST1869,Customer_90,Mumbai,Electronics,Football,Marketplace,1,11204.63,0,11204.63,0,182.25,11386.88,Credit Card,VIP,Delivered,3.7,
ORD100091,10-02-2025,CUST1421,Customer_91,Kolkata,Clothing,Skincare Kit,Mobile App,1,14572.62,0,14572.62,0,286.68,14859.3,Net Banking,New,Delivered,1.7,
ORD100092,06-06-2025,CUST1828,Customer_92,Pune,Grocery,Novel,Website,5,6654.8,10,33274,3327.4,59.39,30005.99,Debit Card,Returning,Delivered,5,
ORD100093,15-01-2025,CUST1061,Customer_93,Ahmedabad,Electronics,Shoes,Website,2,12936.35,15,25872.7,3880.9,38.89,22030.69,Credit Card,Returning,Returned,4.8,
ORD100094,28-10-2025,CUST1579,Customer_94,Kolkata,Electronics,Watch,Marketplace,4,8553.07,20,34212.28,6842.46,194.15,27563.97,Debit Card,New,Delivered,1.4,
ORD100095,06-03-2025,CUST1226,Customer_95,Ahmedabad,Beauty,Headphones,Store,4,2484.95,25,9939.8,2484.95,286.26,7741.11,Credit Card,New,Delivered,3.6,
ORD100096,11-12-2025,CUST1925,Customer_96,Jaipur,Beauty,Shoes,Mobile App,5,10405.75,0,52028.75,0,297.23,52325.98,UPI,VIP,Returned,4.6,
ORD100097,23-11-2025,CUST1963,Customer_97,Pune,Home & Kitchen,Blender,Store,5,7774.5,5,38872.5,1943.62,160.72,37089.6,Credit Card,Returning,Delivered,1.3,
ORD100098,09-01-2025,CUST1335,Customer_98,Hyderabad,Home & Kitchen,Groceries Pack,Store,2,9811.51,0,19623.02,0,156.38,19779.4,Credit Card,Returning,Delivered,1.5,
ORD100099,10-12-2025,CUST1839,Customer_99,Ahmedabad,Beauty,Blender,Website,2,13361.86,5,26723.72,1336.19,204.14,25591.67,Cash on Delivery,New,Delivered,2.4,
ORD100100,09-05-2025,CUST1579,Customer_100,Mumbai,Beauty,Groceries Pack,Store,1,6690.45,20,6690.45,1338.09,180.02,5532.38,Net Banking,New,Returned,1.4,
ORD100101,16-05-2025,CUST1640,Customer_101,Chennai,Grocery,Groceries Pack,Mobile App,4,13532.49,10,54129.96,5413,201.2,48918.16,UPI,Returning,Delivered,4.5,
ORD100102,04-03-2025,CUST1111,Customer_102,Mumbai,Accessories,Novel,Marketplace,4,11297.43,15,45189.72,6778.46,265.98,38677.24,UPI,Returning,Cancelled,4.5,
ORD100103,19-05-2025,CUST1491,Customer_103,Pune,Electronics,Blender,Mobile App,5,7405.78,10,37028.9,3702.89,231.5,33557.51,Debit Card,Returning,Cancelled,4.8,
ORD100104,22-03-2025,CUST1272,Customer_104,Kolkata,Home & Kitchen,Headphones,Mobile App,1,9107.85,0,9107.85,0,164.16,9272.01,Credit Card,New,Returned,1.8,
ORD100105,12-06-2025,CUST1813,Customer_105,Pune,Beauty,Blender,Mobile App,4,4984.88,0,19939.52,0,154.7,20094.22,Credit Card,VIP,Delivered,1.2,
ORD100106,16-10-2025,CUST1034,Customer_106,Delhi,Clothing,Laptop,Mobile App,1,14756.42,10,14756.42,1475.64,202.69,13483.47,Credit Card,New,Delivered,2.8,
ORD100107,18-09-2025,CUST1212,Customer_107,Hyderabad,Clothing,Novel,Store,1,10060.16,15,10060.16,1509.02,153.04,8704.18,UPI,New,Cancelled,4.5,
ORD100108,19-08-2025,CUST1300,Customer_108,Chennai,Home & Kitchen,Headphones,Website,5,801.13,0,4005.65,0,153.6,4159.25,Cash on Delivery,VIP,Delivered,3.6,
ORD100109,10-02-2025,CUST1373,Customer_109,Surat,Clothing,Football,Marketplace,1,5000.34,15,5000.34,750.05,34.4,4284.69,Debit Card,Returning,Returned,5,
ORD100110,28-01-2025,CUST1125,Customer_110,Surat,Books,Headphones,Website,2,9406.22,20,18812.44,3762.49,77,15126.95,Credit Card,New,Returned,4.6,
ORD100111,15-05-2025,CUST1103,Customer_111,Jaipur,Electronics,Blender,Store,2,986.55,5,1973.1,98.66,161.9,2036.34,Cash on Delivery,Returning,Returned,2.6,
ORD100112,20-07-2025,CUST1993,Customer_112,Delhi,Home & Kitchen,Watch,Website,3,504.68,15,1514.04,227.11,252.12,1539.05,Net Banking,Returning,Delivered,1.2,
ORD100113,24-11-2025,CUST1718,Customer_113,Bengaluru,Books,Football,Website,5,6832.86,5,34164.3,1708.22,105.26,32561.34,UPI,New,Delivered,1,
ORD100114,25-09-2025,CUST1120,Customer_114,Surat,Beauty,Skincare Kit,Store,3,5090.45,15,15271.35,2290.7,171.11,13151.76,Net Banking,Returning,Delivered,3.6,
ORD100115,02-02-2025,CUST1682,Customer_115,Bengaluru,Grocery,Blender,Website,2,6658.73,15,13317.46,1997.62,123.14,11442.98,UPI,New,Returned,4.7,
ORD100116,17-02-2025,CUST1547,Customer_116,Mumbai,Grocery,Skincare Kit,Marketplace,3,4051,25,12153,3038.25,58.3,9173.05,Debit Card,New,Delivered,2.8,
ORD100117,03-03-2025,CUST1894,Customer_117,Chennai,Books,Headphones,Store,5,2596.06,5,12980.3,649.02,288.74,12620.02,Net Banking,New,Delivered,4.5,
ORD100118,04-08-2025,CUST1331,Customer_118,Bengaluru,Clothing,Watch,Marketplace,5,10383.78,5,51918.9,2595.95,260.76,49583.71,Debit Card,Returning,Cancelled,3.3,
ORD100119,20-10-2025,CUST1758,Customer_119,Bengaluru,Electronics,Laptop,Website,1,7791.38,0,7791.38,0,51.19,7842.57,Debit Card,New,Cancelled,1.4,
ORD100120,09-04-2025,CUST1852,Customer_120,Jaipur,Beauty,Laptop,Mobile App,4,3122.29,0,12489.16,0,224.34,12713.5,Debit Card,VIP,Cancelled,4.2,
ORD100121,21-06-2025,CUST1926,Customer_121,Hyderabad,Sports,Novel,Mobile App,1,4895.9,15,4895.9,734.38,123.85,4285.37,Net Banking,Returning,Delivered,3,
ORD100122,26-12-2025,CUST1309,Customer_122,Hyderabad,Electronics,T-Shirt,Store,5,8938.35,20,44691.75,8938.35,298.61,36052.01,Net Banking,New,Delivered,1.2,
ORD100123,02-08-2025,CUST1570,Customer_123,Kolkata,Accessories,T-Shirt,Mobile App,2,1222.61,5,2445.22,122.26,111.65,2434.61,Net Banking,Returning,Delivered,4.3,
ORD100124,04-02-2025,CUST1412,Customer_124,Bengaluru,Clothing,Groceries Pack,Mobile App,2,2339.68,0,4679.36,0,94.46,4773.82,Credit Card,Returning,Returned,4,
ORD100125,15-08-2025,CUST1399,Customer_125,Kolkata,Electronics,Skincare Kit,Mobile App,1,1237.7,5,1237.7,61.88,183.33,1359.15,Debit Card,Returning,Delivered,2.8,
ORD100126,11-04-2025,CUST1934,Customer_126,Ahmedabad,Grocery,Shoes,Store,5,12212.91,10,61064.55,6106.46,255.48,55213.57,Credit Card,New,Delivered,1.1,
ORD100127,11-05-2025,CUST1306,Customer_127,Kolkata,Sports,Shoes,Marketplace,2,11323.28,5,22646.56,1132.33,81.98,21596.21,UPI,New,Returned,2.4,
ORD100128,14-09-2025,CUST1653,Customer_128,Ahmedabad,Accessories,Football,Mobile App,5,11336.7,0,56683.5,0,221.54,56905.04,Net Banking,VIP,Returned,2.7,
ORD100129,05-01-2025,CUST1623,Customer_129,Chennai,Sports,Skincare Kit,Store,2,10787.43,15,21574.86,3236.23,46.58,18385.21,Cash on Delivery,New,Delivered,1.7,
ORD100130,06-08-2025,CUST1163,Customer_130,Hyderabad,Electronics,Headphones,Marketplace,5,10090.37,0,50451.85,0,278.11,50729.96,UPI,New,Returned,1.6,
ORD100131,12-09-2025,CUST1623,Customer_131,Chennai,Grocery,Groceries Pack,Store,3,7233.33,10,21699.99,2170,51.89,19581.88,Debit Card,Returning,Delivered,1.7,
ORD100132,25-12-2025,CUST1664,Customer_132,Kolkata,Beauty,Headphones,Mobile App,5,9687.83,15,48439.15,7265.87,276.84,41450.12,Debit Card,New,Cancelled,2.5,
ORD100133,10-10-2025,CUST1888,Customer_133,Surat,Grocery,Novel,Mobile App,5,719.67,5,3598.35,179.92,162.52,3580.95,Credit Card,VIP,Delivered,4.3,
ORD100134,26-07-2025,CUST1065,Customer_134,Bengaluru,Books,Shoes,Website,1,9378.75,10,9378.75,937.88,150.98,8591.85,Net Banking,VIP,Delivered,4,
ORD100135,15-01-2025,CUST1618,Customer_135,Kolkata,Beauty,Watch,Website,3,11701.48,15,35104.44,5265.67,292.79,30131.56,Net Banking,Returning,Returned,1,
ORD100136,12-12-2025,CUST1216,Customer_136,Delhi,Sports,Laptop,Website,4,7580.32,15,30321.28,4548.19,297.4,26070.49,UPI,Returning,Delivered,1,
ORD100137,11-02-2025,CUST1603,Customer_137,Surat,Home & Kitchen,Laptop,Marketplace,1,5459.07,10,5459.07,545.91,205.55,5118.71,UPI,Returning,Delivered,1.3,
ORD100138,28-06-2025,CUST1914,Customer_138,Kolkata,Home & Kitchen,Groceries Pack,Store,4,4269.79,5,17079.16,853.96,64.32,16289.52,UPI,Returning,Delivered,2.9,
ORD100139,04-03-2025,CUST1954,Customer_139,Ahmedabad,Beauty,Shoes,Marketplace,2,9695.61,20,19391.22,3878.24,166.67,15679.65,Cash on Delivery,Returning,Delivered,4.6,
ORD100140,18-12-2025,CUST1026,Customer_140,Pune,Home & Kitchen,Laptop,Website,4,10438.1,15,41752.4,6262.86,172.87,35662.41,Cash on Delivery,New,Delivered,1.7,
ORD100141,19-08-2025,CUST1669,Customer_141,Surat,Beauty,T-Shirt,Website,5,13083.87,5,65419.35,3270.97,168.9,62317.28,Debit Card,VIP,Cancelled,2.9,
ORD100142,29-08-2025,CUST1584,Customer_142,Pune,Clothing,T-Shirt,Mobile App,4,5233.66,0,20934.64,0,183.76,21118.4,Debit Card,VIP,Cancelled,1.2,
ORD100143,21-02-2025,CUST1044,Customer_143,Ahmedabad,Accessories,Football,Marketplace,1,11581.12,0,11581.12,0,35.06,11616.18,Debit Card,VIP,Delivered,1.1,
ORD100144,06-04-2025,CUST1090,Customer_144,Ahmedabad,Beauty,Skincare Kit,Mobile App,1,8486.13,0,8486.13,0,222.03,8708.16,Net Banking,Returning,Delivered,1,
ORD100145,10-08-2025,CUST1133,Customer_145,Delhi,Clothing,Novel,Mobile App,4,13260.12,10,53040.48,5304.05,222.35,47958.78,Debit Card,New,Delivered,3.9,
ORD100146,19-08-2025,CUST1161,Customer_146,Kolkata,Books,Football,Store,1,7988.01,0,7988.01,0,61.18,8049.19,Credit Card,New,Delivered,1.1,
ORD100147,25-08-2025,CUST1744,Customer_147,Chennai,Sports,Laptop,Website,1,7836.8,5,7836.8,391.84,183.96,7628.92,UPI,New,Delivered,2.1,
ORD100148,23-05-2025,CUST1380,Customer_148,Hyderabad,Home & Kitchen,T-Shirt,Mobile App,4,8731.47,15,34925.88,5238.88,183.46,29870.46,Net Banking,New,Delivered,3.6,
ORD100149,20-06-2025,CUST1261,Customer_149,Kolkata,Books,Groceries Pack,Mobile App,3,11277.33,5,33831.99,1691.6,214.26,32354.65,Cash on Delivery,New,Delivered,3.5,
ORD100150,29-01-2025,CUST1383,Customer_150,Bengaluru,Books,Shoes,Website,3,14475.65,15,43426.95,6514.04,53.06,36965.97,UPI,Returning,Delivered,1.2,
ORD100151,05-02-2025,CUST1369,Customer_151,Bengaluru,Grocery,T-Shirt,Website,2,1242.42,15,2484.84,372.73,199.16,2311.27,Debit Card,Returning,Delivered,2,
ORD100152,13-01-2025,CUST1111,Customer_152,Delhi,Grocery,Blender,Store,1,943.5,0,943.5,0,105.8,1049.3,Cash on Delivery,New,Delivered,3.6,
ORD100153,09-06-2025,CUST1676,Customer_153,Pune,Sports,Novel,Store,4,14072.62,15,56290.48,8443.57,166.89,48013.8,Cash on Delivery,Returning,Returned,2.6,
ORD100154,23-11-2025,CUST1077,Customer_154,Pune,Electronics,Laptop,Mobile App,1,8018.65,15,8018.65,1202.8,238.8,7054.65,Cash on Delivery,New,Cancelled,2.9,
ORD100155,06-07-2025,CUST1209,Customer_155,Surat,Accessories,Headphones,Mobile App,5,9281.31,5,46406.55,2320.33,220.52,44306.74,UPI,Returning,Delivered,1.8,
ORD100156,31-08-2025,CUST1013,Customer_156,Chennai,Electronics,Football,Mobile App,1,7313.99,0,7313.99,0,62.1,7376.09,Net Banking,VIP,Delivered,1.2,
ORD100157,27-03-2025,CUST1921,Customer_157,Chennai,Books,Laptop,Marketplace,1,1540.81,10,1540.81,154.08,189.62,1576.35,UPI,Returning,Delivered,2.4,
ORD100158,11-10-2025,CUST1570,Customer_158,Hyderabad,Books,Blender,Store,3,11556.13,25,34668.39,8667.1,291.66,26292.95,Credit Card,New,Cancelled,3.7,
ORD100159,07-03-2025,CUST1898,Customer_159,Bengaluru,Grocery,Watch,Mobile App,4,11246.29,10,44985.16,4498.52,72.33,40558.97,Debit Card,Returning,Delivered,4.1,
ORD100160,19-06-2025,CUST1856,Customer_160,Chennai,Sports,Novel,Website,1,4778.79,0,4778.79,0,260.28,5039.07,Net Banking,Returning,Returned,3.4,
ORD100161,14-02-2025,CUST1548,Customer_161,Mumbai,Accessories,Skincare Kit,Store,3,4697.65,15,14092.95,2113.94,219.69,12198.7,Net Banking,Returning,Cancelled,2.6,
ORD100162,03-03-2025,CUST1025,Customer_162,Kolkata,Beauty,T-Shirt,Store,2,12591.94,5,25183.88,1259.19,238.98,24163.67,Debit Card,VIP,Delivered,3.3,
ORD100163,14-05-2025,CUST1546,Customer_163,Chennai,Beauty,Football,Mobile App,3,1224.51,10,3673.53,367.35,106.13,3412.31,Credit Card,New,Delivered,3.8,
ORD100164,11-10-2025,CUST1140,Customer_164,Mumbai,Accessories,T-Shirt,Marketplace,3,13234.41,15,39703.23,5955.48,107.73,33855.48,Cash on Delivery,New,Returned,4,
ORD100165,28-01-2025,CUST1275,Customer_165,Surat,Home & Kitchen,Blender,Mobile App,3,3961.43,10,11884.29,1188.43,274.63,10970.49,Debit Card,New,Returned,1.4,
ORD100166,18-04-2025,CUST1370,Customer_166,Mumbai,Sports,Football,Marketplace,1,8955.82,20,8955.82,1791.16,127.15,7291.81,Cash on Delivery,Returning,Delivered,4.2,
ORD100167,13-02-2025,CUST1874,Customer_167,Hyderabad,Electronics,Headphones,Marketplace,1,14049.51,15,14049.51,2107.43,47.01,11989.09,Debit Card,Returning,Delivered,1.3,
ORD100168,06-12-2025,CUST1222,Customer_168,Chennai,Sports,Watch,Website,2,10220.12,10,20440.24,2044.02,192.16,18588.38,UPI,New,Delivered,4.5,
ORD100169,13-10-2025,CUST1037,Customer_169,Kolkata,Sports,Shoes,Mobile App,5,6304.28,0,31521.4,0,63.7,31585.1,Credit Card,New,Delivered,2.6,
ORD100170,27-11-2025,CUST1875,Customer_170,Bengaluru,Accessories,Headphones,Marketplace,5,10389.58,20,51947.9,10389.58,245.08,41803.4,Credit Card,Returning,Delivered,3.2,
ORD100171,08-05-2025,CUST1129,Customer_171,Jaipur,Accessories,Football,Store,5,5258.1,25,26290.5,6572.62,203.27,19921.15,Debit Card,VIP,Cancelled,2.2,
ORD100172,14-12-2025,CUST1316,Customer_172,Surat,Grocery,T-Shirt,Mobile App,2,4267.29,0,8534.58,0,266.18,8800.76,Credit Card,New,Returned,2.7,
ORD100173,19-08-2025,CUST1323,Customer_173,Mumbai,Home & Kitchen,Groceries Pack,Marketplace,5,14950.75,10,74753.75,7475.38,241.91,67520.28,Cash on Delivery,New,Cancelled,4.4,
ORD100174,09-07-2025,CUST1433,Customer_174,Hyderabad,Beauty,Skincare Kit,Store,5,11299.23,5,56496.15,2824.81,60.27,53731.61,Credit Card,Returning,Delivered,2.2,
ORD100175,13-08-2025,CUST1218,Customer_175,Bengaluru,Books,Laptop,Website,3,9724.09,15,29172.27,4375.84,132.89,24929.32,Credit Card,New,Returned,3.3,
ORD100176,10-10-2025,CUST1847,Customer_176,Jaipur,Electronics,Watch,Website,1,5426.05,15,5426.05,813.91,239.13,4851.27,Credit Card,Returning,Returned,3.6,
ORD100177,01-05-2025,CUST1942,Customer_177,Kolkata,Home & Kitchen,Novel,Mobile App,1,880.04,0,880.04,0,142.68,1022.72,Net Banking,Returning,Delivered,1.6,
ORD100178,26-04-2025,CUST1248,Customer_178,Mumbai,Accessories,Football,Mobile App,3,611.19,20,1833.57,366.71,292.54,1759.4,Debit Card,Returning,Delivered,4.1,
ORD100179,21-08-2025,CUST1111,Customer_179,Chennai,Electronics,Laptop,Mobile App,3,8379.59,0,25138.77,0,228.65,25367.42,UPI,VIP,Cancelled,5,
ORD100180,16-09-2025,CUST1816,Customer_180,Chennai,Electronics,T-Shirt,Mobile App,3,11466.19,15,34398.57,5159.79,34.18,29272.96,UPI,New,Returned,1.6,
ORD100181,25-12-2025,CUST1732,Customer_181,Jaipur,Beauty,T-Shirt,Mobile App,1,8130.08,10,8130.08,813.01,267.6,7584.67,Net Banking,Returning,Delivered,4.1,
ORD100182,17-07-2025,CUST1708,Customer_182,Pune,Books,T-Shirt,Marketplace,5,12635.66,5,63178.3,3158.92,57.22,60076.6,Net Banking,VIP,Returned,1.6,
ORD100183,17-05-2025,CUST1147,Customer_183,Delhi,Books,Football,Store,3,646.38,0,1939.14,0,67.94,2007.08,UPI,New,Delivered,4.8,
ORD100184,14-11-2025,CUST1344,Customer_184,Ahmedabad,Grocery,Skincare Kit,Mobile App,2,5596.27,0,11192.54,0,228.31,11420.85,Cash on Delivery,New,Delivered,2.6,
ORD100185,14-06-2025,CUST1509,Customer_185,Bengaluru,Beauty,Headphones,Store,3,3670.5,15,11011.5,1651.72,263.54,9623.32,UPI,Returning,Delivered,4.9,
ORD100186,13-08-2025,CUST1505,Customer_186,Delhi,Home & Kitchen,Blender,Marketplace,4,6792,10,27168,2716.8,174.81,24626.01,UPI,Returning,Delivered,1.3,
ORD100187,03-11-2025,CUST1552,Customer_187,Mumbai,Clothing,Skincare Kit,Marketplace,3,1224.79,0,3674.37,0,108.04,3782.41,Debit Card,New,Delivered,4.2,
ORD100188,22-08-2025,CUST1134,Customer_188,Hyderabad,Home & Kitchen,Headphones,Marketplace,1,14318.85,0,14318.85,0,124.86,14443.71,UPI,New,Delivered,2.9,
ORD100189,21-06-2025,CUST1464,Customer_189,Chennai,Home & Kitchen,Laptop,Mobile App,3,3465.34,0,10396.02,0,122.58,10518.6,UPI,Returning,Delivered,2.2,
ORD100190,01-06-2025,CUST1864,Customer_190,Surat,Clothing,Shoes,Website,4,13846.27,15,55385.08,8307.76,118.2,47195.52,Credit Card,New,Cancelled,4,
ORD100191,11-11-2025,CUST1990,Customer_191,Chennai,Electronics,Shoes,Website,2,6474.51,15,12949.02,1942.35,95.59,11102.26,Net Banking,Returning,Delivered,3.5,
ORD100192,09-06-2025,CUST1191,Customer_192,Jaipur,Sports,Shoes,Mobile App,5,14785.03,0,73925.15,0,194.39,74119.54,UPI,Returning,Delivered,4.6,
ORD100193,06-04-2025,CUST1163,Customer_193,Mumbai,Clothing,Laptop,Mobile App,3,8377.77,10,25133.31,2513.33,273.11,22893.09,UPI,VIP,Delivered,2,
ORD100194,21-08-2025,CUST1456,Customer_194,Surat,Sports,T-Shirt,Mobile App,4,13972.87,0,55891.48,0,112.91,56004.39,Cash on Delivery,Returning,Returned,4.8,
ORD100195,29-06-2025,CUST1061,Customer_195,Hyderabad,Accessories,Football,Marketplace,4,229.43,20,917.72,183.54,80.41,814.59,UPI,Returning,Delivered,3.6,
ORD100196,23-04-2025,CUST1005,Customer_196,Hyderabad,Electronics,Shoes,Website,2,11261.35,20,22522.7,4504.54,256.42,18274.58,Debit Card,Returning,Delivered,2.8,
ORD100197,14-11-2025,CUST1037,Customer_197,Surat,Clothing,Headphones,Website,1,13560.3,15,13560.3,2034.04,230.28,11756.54,Cash on Delivery,New,Cancelled,1.2,
ORD100198,21-02-2025,CUST1460,Customer_198,Ahmedabad,Beauty,Novel,Store,3,2224.85,25,6674.55,1668.64,281.33,5287.24,UPI,Returning,Delivered,4.1,
ORD100199,25-09-2025,CUST1217,Customer_199,Mumbai,Home & Kitchen,Laptop,Store,4,1577.47,20,6309.88,1261.98,74.69,5122.59,Debit Card,Returning,Returned,4.4,
ORD100200,22-10-2025,CUST1737,Customer_200,Kolkata,Clothing,Groceries Pack,Website,2,6454.9,20,12909.8,2581.96,68.95,10396.79,Net Banking,Returning,Returned,4.2,
ORD100201,23-04-2025,CUST1999,Customer_201,Jaipur,Clothing,Blender,Website,5,14015.13,10,70075.65,7007.56,176.19,63244.28,UPI,Returning,Delivered,3.9,
ORD100202,11-04-2025,CUST1728,Customer_202,Bengaluru,Electronics,Headphones,Marketplace,4,8204.44,5,32817.76,1640.89,195.9,31372.77,Net Banking,Returning,Cancelled,4.9,
ORD100203,23-04-2025,CUST1139,Customer_203,Hyderabad,Beauty,Shoes,Store,2,7982.73,0,15965.46,0,159.65,16125.11,UPI,New,Cancelled,4.4,
ORD100204,22-03-2025,CUST1618,Customer_204,Mumbai,Clothing,T-Shirt,Mobile App,1,2245.72,5,2245.72,112.29,191.72,2325.15,Cash on Delivery,VIP,Cancelled,4.7,
ORD100205,06-07-2025,CUST1099,Customer_205,Pune,Accessories,Football,Marketplace,1,161.72,10,161.72,16.17,78.7,224.25,Cash on Delivery,New,Delivered,3.9,
ORD100206,23-04-2025,CUST1680,Customer_206,Mumbai,Beauty,Skincare Kit,Store,4,12180.58,0,48722.32,0,159.5,48881.82,Debit Card,VIP,Returned,4.3,
ORD100207,02-01-2025,CUST1961,Customer_207,Pune,Sports,Groceries Pack,Mobile App,4,1450.48,5,5801.92,290.1,207.68,5719.5,Credit Card,New,Delivered,2.2,
ORD100208,10-05-2025,CUST1264,Customer_208,Chennai,Clothing,Shoes,Mobile App,3,9562.67,10,28688.01,2868.8,146.83,25966.04,Debit Card,New,Delivered,3.7,
ORD100209,08-08-2025,CUST1599,Customer_209,Chennai,Accessories,T-Shirt,Website,2,13732.05,0,27464.1,0,213.45,27677.55,UPI,VIP,Delivered,1.8,
ORD100210,23-02-2025,CUST1596,Customer_210,Kolkata,Beauty,Football,Website,4,3248.48,10,12993.92,1299.39,151.82,11846.35,Net Banking,Returning,Delivered,1.3,
ORD100211,09-12-2025,CUST1224,Customer_211,Delhi,Home & Kitchen,Skincare Kit,Mobile App,3,10029.3,25,30087.9,7521.98,120.07,22685.99,Net Banking,Returning,Delivered,3.3,
ORD100212,12-08-2025,CUST1011,Customer_212,Bengaluru,Electronics,Blender,Mobile App,3,1318.67,15,3956.01,593.4,111.97,3474.58,UPI,New,Delivered,4.1,
ORD100213,13-08-2025,CUST1327,Customer_213,Kolkata,Books,Watch,Website,4,9115.76,15,36463.04,5469.46,140.94,31134.52,Credit Card,VIP,Delivered,1.3,
ORD100214,06-05-2025,CUST1698,Customer_214,Jaipur,Beauty,Football,Website,1,2584.39,10,2584.39,258.44,36.23,2362.18,Credit Card,Returning,Delivered,1.7,
ORD100215,10-05-2025,CUST1350,Customer_215,Chennai,Electronics,Blender,Website,2,11078.91,10,22157.82,2215.78,210.5,20152.54,Credit Card,Returning,Delivered,1.4,
ORD100216,22-02-2025,CUST1379,Customer_216,Jaipur,Books,Groceries Pack,Website,2,4623.28,0,9246.56,0,258.18,9504.74,UPI,VIP,Delivered,3.5,
ORD100217,21-06-2025,CUST1944,Customer_217,Kolkata,Accessories,Shoes,Store,1,7031.36,20,7031.36,1406.27,125.75,5750.84,Cash on Delivery,Returning,Returned,1.3,
ORD100218,06-08-2025,CUST1231,Customer_218,Bengaluru,Clothing,Laptop,Website,4,9051.54,0,36206.16,0,42.43,36248.59,Cash on Delivery,New,Cancelled,1.4,
ORD100219,09-06-2025,CUST1141,Customer_219,Pune,Clothing,Watch,Marketplace,2,2693.41,0,5386.82,0,296.43,5683.25,UPI,Returning,Delivered,2.1,
ORD100220,17-07-2025,CUST1618,Customer_220,Kolkata,Sports,Blender,Marketplace,4,11163.32,15,44653.28,6697.99,101.2,38056.49,Cash on Delivery,Returning,Delivered,2.1,
ORD100221,04-09-2025,CUST1765,Customer_221,Chennai,Electronics,Laptop,Marketplace,4,4644.21,0,18576.84,0,64.19,18641.03,Credit Card,VIP,Returned,3.2,
ORD100222,20-11-2025,CUST1956,Customer_222,Bengaluru,Home & Kitchen,Laptop,Website,3,9986.22,5,29958.66,1497.93,129.83,28590.56,Cash on Delivery,New,Cancelled,1.1,
ORD100223,22-07-2025,CUST1049,Customer_223,Hyderabad,Grocery,Laptop,Mobile App,1,2500.5,0,2500.5,0,229.41,2729.91,UPI,Returning,Delivered,3.5,
ORD100224,03-07-2025,CUST1451,Customer_224,Ahmedabad,Home & Kitchen,Laptop,Mobile App,4,10368.55,0,41474.2,0,109.36,41583.56,Cash on Delivery,Returning,Returned,2.6,
ORD100225,03-05-2025,CUST1775,Customer_225,Ahmedabad,Beauty,Novel,Store,5,2053.59,0,10267.95,0,185.17,10453.12,Cash on Delivery,New,Returned,1.7,
ORD100226,12-09-2025,CUST1491,Customer_226,Kolkata,Home & Kitchen,Headphones,Website,1,6466.54,0,6466.54,0,142.2,6608.74,Cash on Delivery,New,Returned,3.6,
ORD100227,21-10-2025,CUST1205,Customer_227,Jaipur,Books,Groceries Pack,Marketplace,2,3821.01,15,7642.02,1146.3,61.8,6557.52,Cash on Delivery,Returning,Delivered,2.3,
ORD100228,07-10-2025,CUST1869,Customer_228,Ahmedabad,Electronics,Football,Mobile App,3,11263.37,20,33790.11,6758.02,119.18,27151.27,UPI,Returning,Delivered,4.3,
ORD100229,21-11-2025,CUST1409,Customer_229,Mumbai,Clothing,T-Shirt,Website,2,4041.22,5,8082.44,404.12,225.72,7904.04,Debit Card,Returning,Delivered,5,
ORD100230,08-04-2025,CUST1407,Customer_230,Bengaluru,Electronics,Groceries Pack,Marketplace,2,13243.5,20,26487,5297.4,195.24,21384.84,Cash on Delivery,Returning,Delivered,4.1,
ORD100231,17-07-2025,CUST1051,Customer_231,Ahmedabad,Electronics,Shoes,Marketplace,1,13393.53,0,13393.53,0,62.34,13455.87,Debit Card,Returning,Delivered,4,
ORD100232,28-08-2025,CUST1175,Customer_232,Mumbai,Clothing,Football,Marketplace,2,3067.15,5,6134.3,306.71,74.1,5901.69,UPI,Returning,Delivered,2.4,
ORD100233,24-05-2025,CUST1737,Customer_233,Pune,Books,T-Shirt,Marketplace,4,9265.61,0,37062.44,0,203,37265.44,Net Banking,New,Returned,3.1,
ORD100234,07-04-2025,CUST1261,Customer_234,Jaipur,Accessories,Blender,Marketplace,2,1452.61,10,2905.22,290.52,249.62,2864.32,Debit Card,New,Returned,1.2,
ORD100235,20-07-2025,CUST1480,Customer_235,Hyderabad,Electronics,Shoes,Store,3,5964.33,5,17892.99,894.65,124.36,17122.7,UPI,Returning,Delivered,3.9,
ORD100236,04-05-2025,CUST1734,Customer_236,Hyderabad,Home & Kitchen,Skincare Kit,Marketplace,3,10742.83,10,32228.49,3222.85,190.73,29196.37,Net Banking,Returning,Delivered,3.7,
ORD100237,06-07-2025,CUST1223,Customer_237,Bengaluru,Beauty,Groceries Pack,Store,5,9942.44,15,49712.2,7456.83,76.07,42331.44,Cash on Delivery,Returning,Delivered,2.1,
ORD100238,22-11-2025,CUST1269,Customer_238,Mumbai,Grocery,Blender,Marketplace,3,9426.8,10,28280.4,2828.04,114.07,25566.43,UPI,Returning,Cancelled,3.1,
ORD100239,15-12-2025,CUST1810,Customer_239,Delhi,Beauty,Laptop,Marketplace,2,4345.73,10,8691.46,869.15,35.47,7857.78,Credit Card,Returning,Delivered,3.7,
ORD100240,16-09-2025,CUST1893,Customer_240,Hyderabad,Electronics,Blender,Marketplace,3,5763.67,25,17291.01,4322.75,237.43,13205.69,Net Banking,New,Delivered,2.5,
ORD100241,28-05-2025,CUST1901,Customer_241,Hyderabad,Books,Blender,Marketplace,1,1678.75,5,1678.75,83.94,138.27,1733.08,Credit Card,Returning,Delivered,3.9,
ORD100242,09-09-2025,CUST1919,Customer_242,Pune,Clothing,Groceries Pack,Store,3,10827.49,5,32482.47,1624.12,250.35,31108.7,Cash on Delivery,Returning,Delivered,4.2,
ORD100243,12-12-2025,CUST1318,Customer_243,Hyderabad,Sports,Novel,Website,4,7632.75,15,30531,4579.65,221.26,26172.61,Cash on Delivery,Returning,Delivered,1.9,
ORD100244,27-05-2025,CUST1385,Customer_244,Hyderabad,Books,Blender,Mobile App,1,10675.17,10,10675.17,1067.52,253.76,9861.41,Debit Card,Returning,Delivered,2.2,
ORD100245,28-05-2025,CUST1586,Customer_245,Ahmedabad,Electronics,Blender,Store,5,3846.81,0,19234.05,0,107.13,19341.18,Cash on Delivery,Returning,Delivered,2.6,
ORD100246,18-12-2025,CUST1626,Customer_246,Hyderabad,Electronics,Headphones,Store,4,4967.91,5,19871.64,993.58,79.98,18958.04,Debit Card,New,Returned,1.9,
ORD100247,18-07-2025,CUST1219,Customer_247,Pune,Sports,Groceries Pack,Store,2,5113.1,10,10226.2,1022.62,292.41,9495.99,Net Banking,New,Cancelled,4.1,
ORD100248,04-11-2025,CUST1054,Customer_248,Jaipur,Beauty,Shoes,Website,2,532.27,5,1064.54,53.23,223.68,1234.99,Credit Card,New,Delivered,3.3,
ORD100249,08-05-2025,CUST1200,Customer_249,Kolkata,Books,Football,Mobile App,2,5214.56,0,10429.12,0,255.19,10684.31,Net Banking,Returning,Delivered,2.5,
ORD100250,08-02-2025,CUST1884,Customer_250,Hyderabad,Beauty,Watch,Website,4,12079.07,25,48316.28,12079.07,33.55,36270.76,Credit Card,New,Delivered,1.1,
ORD100251,04-12-2025,CUST1643,Customer_251,Surat,Grocery,Skincare Kit,Mobile App,4,13474.88,15,53899.52,8084.93,125.7,45940.29,UPI,New,Delivered,2.3,
ORD100252,26-12-2025,CUST1339,Customer_252,Bengaluru,Sports,Blender,Mobile App,4,7845.54,10,31382.16,3138.22,230.56,28474.5,Net Banking,VIP,Delivered,4.3,
ORD100253,09-05-2025,CUST1704,Customer_253,Delhi,Clothing,Blender,Mobile App,1,6914.2,15,6914.2,1037.13,51.06,5928.13,UPI,Returning,Delivered,4,
ORD100254,24-09-2025,CUST1691,Customer_254,Surat,Grocery,Football,Website,1,607.75,20,607.75,121.55,183.18,669.38,Credit Card,New,Delivered,1.3,
ORD100255,31-05-2025,CUST1898,Customer_255,Ahmedabad,Electronics,Headphones,Mobile App,2,13206.18,0,26412.36,0,145.85,26558.21,Debit Card,Returning,Delivered,4.2,
ORD100256,25-10-2025,CUST1305,Customer_256,Chennai,Home & Kitchen,Groceries Pack,Marketplace,3,343.2,5,1029.6,51.48,34.76,1012.88,Net Banking,Returning,Returned,1.7,
ORD100257,09-04-2025,CUST1799,Customer_257,Pune,Beauty,Headphones,Store,2,14179.54,10,28359.08,2835.91,93.71,25616.88,Net Banking,Returning,Returned,4.9,
ORD100258,20-09-2025,CUST1752,Customer_258,Bengaluru,Beauty,Groceries Pack,Mobile App,5,7414.86,15,37074.3,5561.14,106.89,31620.05,Debit Card,Returning,Delivered,4.5,
ORD100259,09-09-2025,CUST1245,Customer_259,Kolkata,Books,Shoes,Store,1,5227.73,0,5227.73,0,60.2,5287.93,Debit Card,New,Delivered,4.7,
ORD100260,24-05-2025,CUST1842,Customer_260,Chennai,Grocery,Watch,Website,4,13874.64,25,55498.56,13874.64,200.51,41824.43,Cash on Delivery,New,Cancelled,4.1,
ORD100261,12-12-2025,CUST1629,Customer_261,Surat,Grocery,Watch,Website,1,512.21,10,512.21,51.22,95.45,556.44,Cash on Delivery,New,Delivered,3.8,
ORD100262,22-04-2025,CUST1208,Customer_262,Jaipur,Beauty,Skincare Kit,Marketplace,4,8784.16,5,35136.64,1756.83,104.96,33484.77,Credit Card,New,Delivered,2,
ORD100263,01-03-2025,CUST1997,Customer_263,Bengaluru,Accessories,Laptop,Mobile App,5,8301.65,5,41508.25,2075.41,272.52,39705.36,Net Banking,Returning,Delivered,3.3,
ORD100264,02-01-2025,CUST1724,Customer_264,Surat,Clothing,Blender,Store,5,3406.91,0,17034.55,0,156.12,17190.67,Debit Card,New,Cancelled,3.8,
ORD100265,31-10-2025,CUST1511,Customer_265,Surat,Sports,Skincare Kit,Store,1,6518.98,15,6518.98,977.85,135.87,5677,Debit Card,Returning,Delivered,2.2,
ORD100266,11-09-2025,CUST1259,Customer_266,Jaipur,Clothing,Groceries Pack,Store,4,9836.12,25,39344.48,9836.12,225.45,29733.81,UPI,Returning,Delivered,2.6,
ORD100267,20-05-2025,CUST1380,Customer_267,Bengaluru,Beauty,Groceries Pack,Website,5,10947.9,5,54739.5,2736.98,275.6,52278.12,Cash on Delivery,New,Delivered,4.8,
ORD100268,06-02-2025,CUST1163,Customer_268,Ahmedabad,Books,Groceries Pack,Mobile App,2,160.65,25,321.3,80.32,36.76,277.74,UPI,New,Delivered,2.6,
ORD100269,09-06-2025,CUST1738,Customer_269,Jaipur,Electronics,T-Shirt,Marketplace,2,14062.27,20,28124.54,5624.91,151.02,22650.65,Debit Card,New,Cancelled,2.3,
ORD100270,09-01-2025,CUST1341,Customer_270,Ahmedabad,Beauty,Shoes,Marketplace,4,2593.2,10,10372.8,1037.28,194.91,9530.43,Net Banking,New,Delivered,1.4,
ORD100271,21-08-2025,CUST1932,Customer_271,Delhi,Electronics,Novel,Website,1,3618.67,15,3618.67,542.8,116.01,3191.88,Net Banking,Returning,Delivered,2.4,
ORD100272,09-04-2025,CUST1576,Customer_272,Chennai,Books,Novel,Mobile App,5,4062.58,10,20312.9,2031.29,238.55,18520.16,UPI,Returning,Returned,3.4,
ORD100273,27-05-2025,CUST1928,Customer_273,Delhi,Electronics,Headphones,Marketplace,1,711.63,10,711.63,71.16,292.3,932.77,Cash on Delivery,Returning,Delivered,1.6,
ORD100274,31-10-2025,CUST1758,Customer_274,Jaipur,Beauty,Novel,Marketplace,2,1977.32,0,3954.64,0,284.73,4239.37,Credit Card,Returning,Delivered,3.4,
ORD100275,27-07-2025,CUST1530,Customer_275,Pune,Beauty,Football,Website,5,14797.3,15,73986.5,11097.98,101.82,62990.34,Net Banking,New,Returned,4,
ORD100276,11-05-2025,CUST1034,Customer_276,Delhi,Electronics,Groceries Pack,Store,1,4830.97,0,4830.97,0,91.11,4922.08,Credit Card,Returning,Cancelled,4.1,
ORD100277,01-06-2025,CUST1824,Customer_277,Pune,Clothing,Blender,Marketplace,3,1862.22,20,5586.66,1117.33,288.52,4757.85,Cash on Delivery,Returning,Cancelled,4.9,
ORD100278,23-02-2025,CUST1998,Customer_278,Pune,Clothing,Headphones,Website,4,1738.82,20,6955.28,1391.06,153.83,5718.05,UPI,New,Delivered,2.7,
ORD100279,30-04-2025,CUST1323,Customer_279,Jaipur,Books,Blender,Marketplace,4,10833.98,0,43335.92,0,86.24,43422.16,Cash on Delivery,VIP,Delivered,1.1,
ORD100280,10-06-2025,CUST1181,Customer_280,Kolkata,Clothing,Headphones,Marketplace,3,12840.34,5,38521.02,1926.05,220.89,36815.86,Debit Card,New,Returned,4.4,
ORD100281,26-04-2025,CUST1963,Customer_281,Hyderabad,Grocery,Blender,Website,2,3965.74,10,7931.48,793.15,106.79,7245.12,Cash on Delivery,Returning,Delivered,1.3,
ORD100282,16-03-2025,CUST1347,Customer_282,Surat,Home & Kitchen,Groceries Pack,Website,5,460.51,10,2302.55,230.26,102.16,2174.45,UPI,Returning,Returned,4.4,
ORD100283,23-04-2025,CUST1706,Customer_283,Delhi,Electronics,Football,Mobile App,4,3462.89,5,13851.56,692.58,267.4,13426.38,UPI,Returning,Delivered,4.9,
ORD100284,14-04-2025,CUST1192,Customer_284,Mumbai,Home & Kitchen,Football,Marketplace,3,989.26,10,2967.78,296.78,73.87,2744.87,Cash on Delivery,VIP,Returned,4.6,
ORD100285,06-12-2025,CUST1579,Customer_285,Delhi,Home & Kitchen,Laptop,Store,3,1685.41,5,5056.23,252.81,47.39,4850.81,UPI,VIP,Returned,4.9,
ORD100286,11-09-2025,CUST1721,Customer_286,Kolkata,Grocery,Groceries Pack,Store,2,6557.9,0,13115.8,0,102.68,13218.48,Debit Card,Returning,Returned,1.1,
ORD100287,15-08-2025,CUST1878,Customer_287,Chennai,Electronics,Skincare Kit,Mobile App,2,3564.29,0,7128.58,0,193.88,7322.46,Credit Card,Returning,Returned,1,
ORD100288,22-04-2025,CUST1679,Customer_288,Kolkata,Home & Kitchen,Football,Mobile App,1,7811.8,0,7811.8,0,63.23,7875.03,Cash on Delivery,New,Returned,1.8,
ORD100289,09-04-2025,CUST1246,Customer_289,Hyderabad,Books,Headphones,Website,4,3914.38,15,15657.52,2348.63,157.33,13466.22,UPI,Returning,Returned,4.2,
ORD100290,02-06-2025,CUST1245,Customer_290,Jaipur,Books,Laptop,Store,1,14116.98,25,14116.98,3529.24,199.38,10787.12,Credit Card,VIP,Delivered,1.4,
ORD100291,15-12-2025,CUST1678,Customer_291,Surat,Electronics,Shoes,Marketplace,3,13603.27,5,40809.81,2040.49,259.16,39028.48,Debit Card,Returning,Delivered,4,
ORD100292,04-12-2025,CUST1808,Customer_292,Kolkata,Sports,Groceries Pack,Website,5,8567.07,10,42835.35,4283.54,92.06,38643.87,Cash on Delivery,New,Delivered,1.1,
ORD100293,13-07-2025,CUST1915,Customer_293,Delhi,Sports,Groceries Pack,Marketplace,5,5413.2,0,27066,0,250.68,27316.68,UPI,New,Returned,3.9,
ORD100294,06-11-2025,CUST1723,Customer_294,Chennai,Accessories,T-Shirt,Store,2,5810.03,10,11620.06,1162.01,93.42,10551.47,Credit Card,New,Delivered,2,
ORD100295,12-06-2025,CUST1133,Customer_295,Kolkata,Grocery,Laptop,Website,5,6266.01,0,31330.05,0,212.73,31542.78,Debit Card,New,Delivered,2.8,
ORD100296,27-07-2025,CUST1197,Customer_296,Mumbai,Electronics,Headphones,Marketplace,5,10954.55,10,54772.75,5477.28,146.28,49441.75,Net Banking,New,Delivered,4.9,
ORD100297,18-06-2025,CUST1910,Customer_297,Chennai,Electronics,Groceries Pack,Mobile App,5,6856.84,25,34284.2,8571.05,60.96,25774.11,UPI,New,Delivered,3.2,
ORD100298,10-06-2025,CUST1347,Customer_298,Pune,Electronics,Groceries Pack,Marketplace,3,12872.44,0,38617.32,0,222.85,38840.17,Debit Card,New,Delivered,1.3,
ORD100299,09-03-2025,CUST1049,Customer_299,Jaipur,Clothing,Laptop,Marketplace,5,14169.81,15,70849.05,10627.36,88.8,60310.49,Credit Card,New,Returned,4.5,
ORD100300,16-10-2025,CUST1064,Customer_300,Bengaluru,Electronics,Groceries Pack,Website,5,5138.8,0,25694,0,77.69,25771.69,Cash on Delivery,VIP,Delivered,2.3,
ORD100301,04-10-2025,CUST1624,Customer_301,Ahmedabad,Books,Laptop,Store,5,8476.31,5,42381.55,2119.08,126.75,40389.22,Credit Card,Returning,Delivered,3.3,
ORD100302,31-10-2025,CUST1868,Customer_302,Surat,Books,Watch,Marketplace,1,1561.59,0,1561.59,0,206.39,1767.98,Cash on Delivery,Returning,Delivered,3.8,
ORD100303,15-05-2025,CUST1697,Customer_303,Jaipur,Beauty,Shoes,Marketplace,3,3126.97,5,9380.91,469.05,93.18,9005.04,Debit Card,Returning,Returned,4.1,
ORD100304,14-07-2025,CUST1104,Customer_304,Hyderabad,Sports,Blender,Marketplace,2,6289.97,0,12579.94,0,79.59,12659.53,Debit Card,New,Delivered,2.7,
ORD100305,08-05-2025,CUST1931,Customer_305,Jaipur,Accessories,Novel,Marketplace,1,3212.11,5,3212.11,160.61,32.69,3084.19,Credit Card,Returning,Delivered,4.1,
ORD100306,02-02-2025,CUST1213,Customer_306,Delhi,Sports,Blender,Mobile App,4,13166.92,5,52667.68,2633.38,157.34,50191.64,Credit Card,VIP,Cancelled,1.5,
ORD100307,25-06-2025,CUST1517,Customer_307,Jaipur,Grocery,Blender,Store,3,2500.55,5,7501.65,375.08,145.73,7272.3,Cash on Delivery,New,Delivered,3.1,
ORD100308,22-01-2025,CUST1119,Customer_308,Jaipur,Electronics,Shoes,Store,3,6916.56,15,20749.68,3112.45,93.14,17730.37,UPI,New,Returned,1.1,
ORD100309,26-08-2025,CUST1856,Customer_309,Ahmedabad,Sports,Groceries Pack,Website,4,9144.63,20,36578.52,7315.7,44.49,29307.31,Credit Card,Returning,Delivered,2.6,
ORD100310,07-06-2025,CUST1761,Customer_310,Unkonwn,Electronics,Novel,Marketplace,4,10424.18,5,41696.72,2084.84,145.9,39757.78,UPI,New,Delivered,2.5,
ORD100311,07-02-2025,CUST1679,Customer_311,Chennai,Electronics,Groceries Pack,Website,4,5838.58,0,23354.32,0,242.82,23597.14,UPI,VIP,Delivered,4.9,
ORD100312,18-08-2025,CUST1895,Customer_312,Ahmedabad,Sports,Football,Mobile App,2,13056.12,5,26112.24,1305.61,223.13,25029.76,UPI,Returning,Returned,2.6,
ORD100313,31-12-2025,CUST1242,Customer_313,Delhi,Sports,Football,Mobile App,5,8589.54,20,42947.7,8589.54,262.41,34620.57,Debit Card,New,Delivered,4.6,
ORD100314,20-02-2025,CUST1280,Customer_314,Delhi,Beauty,Blender,Marketplace,3,6676.69,10,20030.07,2003.01,32.59,18059.65,Debit Card,New,Delivered,2.7,
ORD100315,21-09-2025,CUST1424,Customer_315,Hyderabad,Grocery,Watch,Website,5,1148.52,10,5742.6,574.26,290.93,5459.27,UPI,Returning,Returned,3.1,
ORD100316,10-10-2025,CUST1363,Customer_316,Pune,Accessories,Laptop,Website,5,7050.64,0,35253.2,0,122.18,35375.38,UPI,New,Delivered,2.4,
ORD100317,27-01-2025,CUST1750,Customer_317,Chennai,Home & Kitchen,Skincare Kit,Store,4,12337.93,10,49351.72,4935.17,297.41,44713.96,Debit Card,VIP,Returned,3.6,
ORD100318,14-08-2025,CUST1306,Customer_318,Delhi,Beauty,Watch,Website,2,9275.93,5,18551.86,927.59,98.21,17722.48,Cash on Delivery,New,Returned,4,
ORD100319,04-10-2025,CUST1717,Customer_319,Ahmedabad,Beauty,Skincare Kit,Mobile App,1,12507.61,25,12507.61,3126.9,157.31,9538.02,Net Banking,VIP,Delivered,4.2,
ORD100320,13-10-2025,CUST1486,Customer_320,Delhi,Sports,Watch,Mobile App,2,7486.07,20,14972.14,2994.43,125.56,12103.27,Credit Card,New,Delivered,3.8,
ORD100321,07-04-2025,CUST1314,Customer_321,Jaipur,Accessories,Shoes,Marketplace,5,1909.16,0,9545.8,0,126.06,9671.86,UPI,Returning,Cancelled,2.3,
ORD100322,11-10-2025,CUST1513,Customer_322,Pune,Grocery,Headphones,Website,2,352.55,10,705.1,70.51,257.42,892.01,Debit Card,New,Delivered,2.3,
ORD100323,13-11-2025,CUST1683,Customer_323,Delhi,Books,Laptop,Website,4,4652.81,0,18611.24,0,231.53,18842.77,UPI,New,Delivered,2.4,
ORD100324,31-10-2025,CUST1167,Customer_324,Jaipur,Grocery,T-Shirt,Mobile App,1,10515.16,5,10515.16,525.76,297.88,10287.28,UPI,Returning,Delivered,1.2,
ORD100325,27-05-2025,CUST1394,Customer_325,Hyderabad,Beauty,Groceries Pack,Marketplace,4,11885.36,20,47541.44,9508.29,195.65,38228.8,UPI,New,Cancelled,4.8,
ORD100326,04-01-2025,CUST1770,Customer_326,Delhi,Books,Laptop,Store,1,4541.93,10,4541.93,454.19,155.08,4242.82,UPI,New,Delivered,1.8,
ORD100327,04-02-2025,CUST1063,Customer_327,Pune,Sports,Blender,Store,5,7510.46,5,37552.3,1877.62,54.32,35729,Cash on Delivery,New,Returned,1.6,
ORD100328,11-07-2025,CUST1272,Customer_328,Ahmedabad,Clothing,Watch,Marketplace,1,6403.62,0,6403.62,0,299.07,6702.69,Credit Card,Returning,Cancelled,3.2,
ORD100329,18-02-2025,CUST1037,Customer_329,Hyderabad,Electronics,Skincare Kit,Marketplace,1,6246.26,20,6246.26,1249.25,178.91,5175.92,Credit Card,Returning,Delivered,1.2,
ORD100330,17-01-2025,CUST1016,Customer_330,Kolkata,Home & Kitchen,Groceries Pack,Store,1,3585.53,10,3585.53,358.55,219.13,3446.11,Debit Card,Returning,Cancelled,4.4,
ORD100331,21-06-2025,CUST1766,Customer_331,Chennai,Books,Laptop,Mobile App,2,2175.11,10,4350.22,435.02,139.82,4055.02,Cash on Delivery,New,Cancelled,4.5,
ORD100332,08-08-2025,CUST1343,Customer_332,Jaipur,Clothing,Blender,Website,2,3070.83,0,6141.66,0,177.88,6319.54,Cash on Delivery,New,Cancelled,2.6,
ORD100333,07-06-2025,CUST1346,Customer_333,Hyderabad,Books,Laptop,Store,5,971.69,5,4858.45,242.92,284.5,4900.03,Credit Card,New,Delivered,4.9,
ORD100334,15-02-2025,CUST1848,Customer_334,Pune,Electronics,Headphones,Marketplace,1,3092.24,25,3092.24,773.06,74.93,2394.11,Debit Card,VIP,Delivered,2.3,
ORD100335,06-01-2025,CUST1539,Customer_335,Hyderabad,Electronics,Headphones,Marketplace,3,286.63,10,859.89,85.99,108.94,882.84,Cash on Delivery,VIP,Delivered,2,
ORD100336,09-04-2025,CUST1959,Customer_336,Chennai,Grocery,Blender,Website,5,9464.79,5,47323.95,2366.2,71.06,45028.81,Debit Card,Returning,Returned,5,
ORD100337,21-08-2025,CUST1623,Customer_337,Kolkata,Home & Kitchen,Watch,Marketplace,1,4848.17,10,4848.17,484.82,243.9,4607.25,Credit Card,VIP,Delivered,2,
ORD100338,06-02-2025,CUST1233,Customer_338,Jaipur,Beauty,Shoes,Mobile App,1,14601.2,15,14601.2,2190.18,46.75,12457.77,UPI,Returning,Delivered,2.8,
ORD100339,07-10-2025,CUST1990,Customer_339,Pune,Electronics,Skincare Kit,Marketplace,2,3026.7,5,6053.4,302.67,52.04,5802.77,Cash on Delivery,New,Delivered,3.4,
ORD100340,15-12-2025,CUST1576,Customer_340,Chennai,Home & Kitchen,Blender,Website,5,5285.55,0,26427.75,0,110.59,26538.34,Debit Card,New,Returned,2.3,
ORD100341,29-10-2025,CUST1609,Customer_341,Jaipur,Books,Headphones,Store,1,5463.94,10,5463.94,546.39,168.83,5086.38,UPI,New,Delivered,2.5,
ORD100342,30-06-2025,CUST1416,Customer_342,Ahmedabad,Books,Groceries Pack,Mobile App,1,275.5,15,275.5,41.32,139.69,373.87,Credit Card,New,Delivered,3.9,
ORD100343,05-04-2025,CUST1905,Customer_343,Jaipur,Books,Watch,Marketplace,5,12612.24,15,63061.2,9459.18,42.1,53644.12,Net Banking,Returning,Delivered,3.9,
ORD100344,09-04-2025,CUST1267,Customer_344,Chennai,Grocery,Novel,Website,3,625.12,20,1875.36,375.07,288.52,1788.81,Cash on Delivery,Returning,Delivered,4.2,
ORD100345,07-07-2025,CUST1997,Customer_345,Mumbai,Books,Groceries Pack,Store,5,14111.67,5,70558.35,3527.92,287.27,67317.7,Cash on Delivery,Returning,Delivered,3.4,
ORD100346,26-04-2025,CUST1326,Customer_346,Mumbai,Books,Skincare Kit,Store,5,13397.3,0,66986.5,0,105.43,67091.93,Debit Card,New,Delivered,1.9,
ORD100347,10-07-2025,CUST1926,Customer_347,Hyderabad,Sports,Blender,Website,3,8102.5,25,24307.5,6076.88,227.51,18458.13,Credit Card,Returning,Delivered,2.3,
ORD100348,10-09-2025,CUST1744,Customer_348,Delhi,Electronics,Blender,Store,5,8222.39,10,41111.95,4111.2,186.22,37186.97,Credit Card,New,Returned,4.6,
ORD100349,10-06-2025,CUST1911,Customer_349,Ahmedabad,Grocery,Headphones,Store,1,9858.6,10,9858.6,985.86,94.12,8966.86,Cash on Delivery,Returning,Returned,3.9,
ORD100350,13-09-2025,CUST1443,Customer_350,Jaipur,Electronics,Shoes,Store,5,5897.69,15,29488.45,4423.27,100.79,25165.97,Cash on Delivery,VIP,Delivered,1.4,
ORD100351,19-11-2025,CUST1560,Customer_351,Chennai,Beauty,Headphones,Store,3,9761.25,10,29283.75,2928.38,162.61,26517.98,Debit Card,New,Delivered,4,
ORD100352,08-05-2025,CUST1862,Customer_352,Bengaluru,Grocery,Headphones,Website,4,814.81,0,3259.24,0,143.19,3402.43,Debit Card,New,Delivered,2.3,
ORD100353,18-01-2025,CUST1722,Customer_353,Ahmedabad,Accessories,Novel,Website,5,952.61,15,4763.05,714.46,108.63,4157.22,Net Banking,Returning,Delivered,1.1,
ORD100354,08-10-2025,CUST1076,Customer_354,Mumbai,Beauty,Shoes,Marketplace,2,6939.87,20,13879.74,2775.95,248.03,11351.82,UPI,VIP,Cancelled,2.9,
ORD100355,11-08-2025,CUST1247,Customer_355,Kolkata,Grocery,Shoes,Marketplace,1,8311.89,10,8311.89,831.19,159.99,7640.69,Debit Card,New,Delivered,4.5,
ORD100356,23-02-2025,CUST1828,Customer_356,Bengaluru,Sports,Football,Mobile App,1,13334.09,10,13334.09,1333.41,206.81,12207.49,UPI,Returning,Delivered,2.8,
ORD100357,27-02-2025,CUST1580,Customer_357,Delhi,Electronics,Shoes,Store,2,1704.21,0,3408.42,0,81.1,3489.52,Cash on Delivery,VIP,Delivered,5,
ORD100358,19-11-2025,CUST1313,Customer_358,Unkonwn,Grocery,Groceries Pack,Store,2,12366.32,0,24732.64,0,174.05,24906.69,Net Banking,New,Delivered,1.7,
ORD100359,26-12-2025,CUST1576,Customer_359,Bengaluru,Beauty,Groceries Pack,Mobile App,5,3269.2,5,16346,817.3,115.85,15644.55,Net Banking,New,Delivered,2.4,
ORD100360,23-06-2025,CUST1694,Customer_360,Chennai,Grocery,T-Shirt,Website,2,6002.14,5,12004.28,600.21,172.13,11576.2,Net Banking,Returning,Delivered,1.1,
ORD100361,07-10-2025,CUST1592,Customer_361,Pune,Home & Kitchen,Skincare Kit,Website,4,4851.55,25,19406.2,4851.55,240.82,14795.47,Credit Card,New,Delivered,1.2,
ORD100362,24-04-2025,CUST1343,Customer_362,Pune,Books,Football,Mobile App,3,6092.31,15,18276.93,2741.54,237.61,15773,Cash on Delivery,New,Delivered,2.4,
ORD100363,15-10-2025,CUST1715,Customer_363,Hyderabad,Books,T-Shirt,Marketplace,2,2384.86,15,4769.72,715.46,125.64,4179.9,Credit Card,VIP,Delivered,3.1,
ORD100364,08-12-2025,CUST1182,Customer_364,Bengaluru,Accessories,Shoes,Marketplace,2,7628.02,10,15256.04,1525.6,217.45,13947.89,Credit Card,Returning,Delivered,1.9,
ORD100365,31-05-2025,CUST1955,Customer_365,Mumbai,Electronics,Laptop,Store,4,12054.39,0,48217.56,0,284.15,48501.71,Net Banking,New,Returned,1.7,
ORD100366,07-05-2025,CUST1984,Customer_366,Hyderabad,Books,Groceries Pack,Marketplace,1,6706.78,25,6706.78,1676.7,198.93,5229.01,Credit Card,New,Returned,2.7,
ORD100367,04-06-2025,CUST1726,Customer_367,Pune,Books,Football,Website,1,7435.61,5,7435.61,371.78,70.07,7133.9,Cash on Delivery,Returning,Delivered,1.7,
ORD100368,30-09-2025,CUST1935,Customer_368,Delhi,Accessories,Watch,Mobile App,5,12754.2,0,63771,0,213.52,63984.52,Cash on Delivery,Returning,Delivered,3.5,
ORD100369,14-04-2025,CUST1632,Customer_369,Bengaluru,Home & Kitchen,Football,Mobile App,4,10634.96,10,42539.84,4253.98,58.32,38344.18,Credit Card,Returning,Delivered,4.8,
ORD100370,26-10-2025,CUST1399,Customer_370,Delhi,Clothing,Groceries Pack,Mobile App,3,7433.25,20,22299.75,4459.95,265.47,18105.27,Cash on Delivery,Returning,Delivered,4.2,
ORD100371,03-09-2025,CUST1241,Customer_371,Delhi,Sports,Skincare Kit,Marketplace,3,3976.78,20,11930.34,2386.07,169.5,9713.77,UPI,Returning,Delivered,1.9,
ORD100372,25-06-2025,CUST1847,Customer_372,Bengaluru,Beauty,Novel,Mobile App,4,13291.16,0,53164.64,0,133.99,53298.63,Credit Card,VIP,Returned,4.8,
ORD100373,08-02-2025,CUST1714,Customer_373,Mumbai,Clothing,Blender,Mobile App,3,8718.75,20,26156.25,5231.25,45.39,20970.39,Net Banking,VIP,Delivered,4,
ORD100374,19-06-2025,CUST1924,Customer_374,Bengaluru,Beauty,Novel,Marketplace,1,3434.04,5,3434.04,171.7,132.81,3395.15,Net Banking,New,Delivered,1.6,
ORD100375,04-09-2025,CUST1292,Customer_375,Surat,Clothing,Watch,Website,3,4146.43,0,12439.29,0,273.87,12713.16,Cash on Delivery,New,Cancelled,3.3,
ORD100376,26-01-2025,CUST1054,Customer_376,Mumbai,Books,Laptop,Store,3,12076.53,20,36229.59,7245.92,35.67,29019.34,Cash on Delivery,New,Delivered,4.9,
ORD100377,21-12-2025,CUST1145,Customer_377,Surat,Beauty,T-Shirt,Website,4,805.56,20,3222.24,644.45,158.16,2735.95,Net Banking,New,Delivered,1.4,
ORD100378,02-11-2025,CUST1356,Customer_378,Jaipur,Sports,Shoes,Marketplace,4,14882.57,10,59530.28,5953.03,281.41,53858.66,UPI,New,Delivered,2.1,
ORD100379,13-01-2025,CUST1598,Customer_379,Surat,Electronics,Groceries Pack,Mobile App,3,2085.72,10,6257.16,625.72,136.61,5768.05,Net Banking,New,Delivered,2.5,
ORD100380,12-11-2025,CUST1983,Customer_380,Pune,Home & Kitchen,Novel,Store,2,11971.62,20,23943.24,4788.65,145.61,19300.2,Credit Card,New,Delivered,1.5,
ORD100381,09-11-2025,CUST1477,Customer_381,Chennai,Clothing,Novel,Website,4,6012.41,15,24049.64,3607.45,186.21,20628.4,Net Banking,New,Delivered,2.2,
ORD100382,05-02-2025,CUST1022,Customer_382,Bengaluru,Home & Kitchen,Headphones,Store,5,7459.41,20,37297.05,7459.41,154.99,29992.63,Debit Card,New,Delivered,3.8,
ORD100383,22-06-2025,CUST1331,Customer_383,Surat,Accessories,Football,Website,5,13227.66,10,66138.3,6613.83,75.52,59599.99,UPI,New,Returned,2.9,
ORD100384,20-01-2025,CUST1292,Customer_384,Hyderabad,Home & Kitchen,T-Shirt,Website,1,6281.73,25,6281.73,1570.43,35.01,4746.31,UPI,Returning,Returned,2.7,
ORD100385,17-11-2025,CUST1236,Customer_385,Surat,Beauty,Skincare Kit,Marketplace,3,8131.78,25,24395.34,6098.84,194.65,18491.15,Net Banking,New,Cancelled,2.7,
ORD100386,21-09-2025,CUST1029,Customer_386,Bengaluru,Electronics,Shoes,Website,2,882.1,0,1764.2,0,278.62,2042.82,Debit Card,VIP,Returned,4,
ORD100387,22-05-2025,CUST1695,Customer_387,Hyderabad,Beauty,Skincare Kit,Mobile App,1,184.86,20,184.86,36.97,58.72,206.61,Credit Card,New,Delivered,5,
ORD100388,23-05-2025,CUST1938,Customer_388,Ahmedabad,Accessories,Shoes,Marketplace,3,3785.28,10,11355.84,1135.58,86.96,10307.22,Net Banking,VIP,Delivered,3.4,
ORD100389,02-04-2025,CUST1160,Customer_389,Hyderabad,Home & Kitchen,T-Shirt,Store,4,10256.66,5,41026.64,2051.33,129.96,39105.27,Credit Card,New,Cancelled,4,
ORD100390,20-12-2025,CUST1910,Customer_390,Hyderabad,Books,Headphones,Marketplace,5,1950.78,10,9753.9,975.39,248.36,9026.87,Debit Card,Returning,Cancelled,2.5,
ORD100391,18-11-2025,CUST1530,Customer_391,Mumbai,Grocery,Shoes,Website,2,1839.37,0,3678.74,0,102.7,3781.44,Net Banking,New,Delivered,4.4,
ORD100392,15-10-2025,CUST1550,Customer_392,Surat,Sports,Watch,Store,5,6252.77,10,31263.85,3126.38,268.15,28405.62,Net Banking,Returning,Delivered,2.7,
ORD100393,03-08-2025,CUST1101,Customer_393,Surat,Electronics,Headphones,Mobile App,4,9770.38,20,39081.52,7816.3,44.84,31310.06,Credit Card,New,Delivered,4.7,
ORD100394,08-12-2025,CUST1290,Customer_394,Kolkata,Electronics,Football,Marketplace,3,10724.27,0,32172.81,0,284.06,32456.87,Net Banking,VIP,Delivered,4,
ORD100395,20-02-2025,CUST1377,Customer_395,Hyderabad,Books,Laptop,Website,4,2799.99,5,11199.96,560,181.4,10821.36,Debit Card,New,Returned,3.8,
ORD100396,02-06-2025,CUST1173,Customer_396,Chennai,Home & Kitchen,Laptop,Store,4,1331.88,25,5327.52,1331.88,207.87,4203.51,Net Banking,New,Returned,2.2,
ORD100397,05-07-2025,CUST1343,Customer_397,Mumbai,Accessories,Blender,Mobile App,5,14114.9,5,70574.5,3528.72,129.28,67175.06,Cash on Delivery,Returning,Delivered,4.2,
ORD100398,04-03-2025,CUST1928,Customer_398,Mumbai,Beauty,Football,Mobile App,2,4020.9,5,8041.8,402.09,241.14,7880.85,Debit Card,Returning,Cancelled,1.4,
ORD100399,09-07-2025,CUST1878,Customer_399,Mumbai,Books,Laptop,Marketplace,4,12822.2,10,51288.8,5128.88,74.97,46234.89,UPI,VIP,Delivered,3.2,
ORD100400,05-05-2025,CUST1579,Customer_400,Surat,Sports,Shoes,Store,5,12972.85,10,64864.25,6486.42,43.21,58421.04,Credit Card,New,Delivered,3.9,
ORD100401,30-05-2025,CUST1191,Customer_401,Kolkata,Clothing,Blender,Website,2,11621.96,10,23243.92,2324.39,136.79,21056.32,Debit Card,Returning,Delivered,4.5,
ORD100402,10-11-2025,CUST1439,Customer_402,Delhi,Beauty,Headphones,Store,3,2657.18,20,7971.54,1594.31,260.5,6637.73,UPI,Returning,Delivered,3.3,
ORD100403,27-02-2025,CUST1555,Customer_403,Bengaluru,Electronics,Football,Mobile App,3,12353.75,10,37061.25,3706.12,233.83,33588.96,UPI,Returning,Returned,2,
ORD100404,08-12-2025,CUST1635,Customer_404,Ahmedabad,Books,Shoes,Store,1,11573.37,20,11573.37,2314.67,169.63,9428.33,Debit Card,Returning,Delivered,4.4,
ORD100405,01-11-2025,CUST1790,Customer_405,Ahmedabad,Accessories,Novel,Marketplace,5,9011.34,10,45056.7,4505.67,184.48,40735.51,UPI,New,Delivered,4.1,
ORD100406,29-06-2025,CUST1343,Customer_406,Bengaluru,Beauty,Laptop,Store,2,5157.45,5,10314.9,515.74,65.07,9864.23,UPI,New,Delivered,1.6,
ORD100407,19-06-2025,CUST1708,Customer_407,Mumbai,Clothing,Watch,Store,4,4048.25,15,16193,2428.95,256.98,14021.03,Cash on Delivery,Returning,Delivered,4.5,
ORD100408,22-11-2025,CUST1845,Customer_408,Jaipur,Accessories,Laptop,Marketplace,3,1960.05,15,5880.15,882.02,242.48,5240.61,Net Banking,Returning,Delivered,4.8,
ORD100409,28-09-2025,CUST1125,Customer_409,Bengaluru,Grocery,Laptop,Store,2,7719.89,10,15439.78,1543.98,207.25,14103.05,Cash on Delivery,VIP,Delivered,3.2,
ORD100410,23-02-2025,CUST1608,Customer_410,Delhi,Grocery,Shoes,Marketplace,5,8841.12,0,44205.6,0,155.87,44361.47,Net Banking,Returning,Returned,1.2,
ORD100411,11-04-2025,CUST1890,Customer_411,Delhi,Sports,Laptop,Marketplace,1,5486.18,0,5486.18,0,290.4,5776.58,UPI,VIP,Returned,4.7,
ORD100412,21-09-2025,CUST1669,Customer_412,Hyderabad,Grocery,Blender,Marketplace,3,7209.08,5,21627.24,1081.36,267.34,20813.22,Net Banking,New,Delivered,1.5,
ORD100413,22-02-2025,CUST1552,Customer_413,Hyderabad,Grocery,Skincare Kit,Mobile App,2,5548.19,5,11096.38,554.82,204,10745.56,Cash on Delivery,New,Delivered,3.5,
ORD100414,01-03-2025,CUST1360,Customer_414,Hyderabad,Books,Football,Store,2,9668.94,15,19337.88,2900.68,130.39,16567.59,Credit Card,New,Delivered,2.6,
ORD100415,18-04-2025,CUST1503,Customer_415,Hyderabad,Sports,Novel,Marketplace,2,13533.7,0,27067.4,0,196.87,27264.27,Credit Card,VIP,Delivered,5,
ORD100416,05-01-2025,CUST1173,Customer_416,Jaipur,Clothing,Novel,Website,5,2584.22,15,12921.1,1938.16,185.37,11168.31,Net Banking,New,Delivered,4.7,
ORD100417,13-04-2025,CUST1887,Customer_417,Jaipur,Clothing,Headphones,Website,5,5813.92,5,29069.6,1453.48,136.45,27752.57,Credit Card,New,Returned,4.1,
ORD100418,15-07-2025,CUST1394,Customer_418,Kolkata,Grocery,Shoes,Mobile App,5,2241.9,5,11209.5,560.48,112.8,10761.82,Debit Card,New,Delivered,1.8,
ORD100419,19-09-2025,CUST1461,Customer_419,Ahmedabad,Home & Kitchen,Football,Marketplace,4,9430.41,10,37721.64,3772.16,139.89,34089.37,Credit Card,New,Delivered,3.8,
ORD100420,31-12-2025,CUST1685,Customer_420,Surat,Accessories,Groceries Pack,Marketplace,2,10973.73,0,21947.46,0,184.96,22132.42,Net Banking,New,Delivered,3.3,
ORD100421,16-12-2025,CUST1120,Customer_421,Jaipur,Accessories,Groceries Pack,Mobile App,3,13988.9,20,41966.7,8393.34,145.6,33718.96,UPI,New,Delivered,1.5,
ORD100422,16-02-2025,CUST1273,Customer_422,Pune,Electronics,T-Shirt,Store,5,4291.25,0,21456.25,0,101.17,21557.42,Cash on Delivery,New,Delivered,4.2,
ORD100423,21-12-2025,CUST1358,Customer_423,Delhi,Home & Kitchen,Football,Marketplace,5,14260.64,10,71303.2,7130.32,235.46,64408.34,Credit Card,VIP,Delivered,1.3,
ORD100424,07-11-2025,CUST1386,Customer_424,Surat,Beauty,Shoes,Marketplace,2,1089.45,20,2178.9,435.78,173.5,1916.62,Net Banking,Returning,Delivered,2.9,
ORD100425,04-11-2025,CUST1913,Customer_425,Delhi,Clothing,Groceries Pack,Website,5,9104.76,10,45523.8,4552.38,48.27,41019.69,Cash on Delivery,Returning,Returned,2.7,
ORD100426,24-05-2025,CUST1876,Customer_426,Hyderabad,Home & Kitchen,Football,Marketplace,4,998.42,5,3993.68,199.68,129.45,3923.45,Debit Card,Returning,Delivered,4.2,
ORD100427,26-09-2025,CUST1858,Customer_427,Jaipur,Electronics,Skincare Kit,Mobile App,4,13422.55,5,53690.2,2684.51,268.93,51274.62,UPI,Returning,Delivered,2.7,
ORD100428,04-05-2025,CUST1887,Customer_428,Surat,Electronics,Groceries Pack,Website,5,8017.66,15,40088.3,6013.24,233.91,34308.97,Cash on Delivery,VIP,Delivered,3.8,
ORD100429,16-04-2025,CUST1934,Customer_429,Mumbai,Clothing,Football,Mobile App,2,10089.82,25,20179.64,5044.91,117.28,15252.01,Cash on Delivery,VIP,Delivered,2.9,
ORD100430,07-06-2025,CUST1933,Customer_430,Kolkata,Accessories,Novel,Mobile App,2,12498.87,20,24997.74,4999.55,283.31,20281.5,Net Banking,New,Returned,3.3,
ORD100431,27-05-2025,CUST1319,Customer_431,Pune,Books,Blender,Marketplace,2,2382.11,5,4764.22,238.21,50.68,4576.69,Debit Card,VIP,Cancelled,2,
ORD100432,25-05-2025,CUST1261,Customer_432,Pune,Accessories,Shoes,Store,1,723.08,25,723.08,180.77,289.53,831.84,Credit Card,New,Delivered,1.8,
ORD100433,30-04-2025,CUST1281,Customer_433,Ahmedabad,Home & Kitchen,Laptop,Marketplace,5,13201.39,0,66006.95,0,96.34,66103.29,Debit Card,New,Delivered,3.8,
ORD100434,15-11-2025,CUST1329,Customer_434,Hyderabad,Sports,Novel,Store,2,4826.76,0,9653.52,0,32.46,9685.98,UPI,New,Delivered,1.5,
ORD100435,02-10-2025,CUST1124,Customer_435,Pune,Accessories,Skincare Kit,Website,4,2065.34,20,8261.36,1652.27,147.13,6756.22,Credit Card,Returning,Returned,1.7,
ORD100436,02-04-2025,CUST1476,Customer_436,Chennai,Clothing,Shoes,Mobile App,3,7106.65,0,21319.95,0,126.92,21446.87,Debit Card,Returning,Cancelled,4.8,
ORD100437,27-02-2025,CUST1278,Customer_437,Chennai,Grocery,T-Shirt,Mobile App,3,9034.85,0,27104.55,0,175.55,27280.1,UPI,New,Delivered,2,
ORD100438,12-12-2025,CUST1093,Customer_438,Bengaluru,Beauty,Blender,Marketplace,2,609.91,0,1219.82,0,245.13,1464.95,Cash on Delivery,Returning,Delivered,2.3,
ORD100439,17-08-2025,CUST1959,Customer_439,Pune,Home & Kitchen,Shoes,Store,3,4232.2,5,12696.6,634.83,257.46,12319.23,Cash on Delivery,New,Delivered,3.5,
ORD100440,27-04-2025,CUST1547,Customer_440,Surat,Home & Kitchen,Football,Mobile App,3,637.08,15,1911.24,286.69,138.33,1762.88,Cash on Delivery,New,Delivered,2.8,
ORD100441,14-11-2025,CUST1823,Customer_441,Jaipur,Clothing,Skincare Kit,Mobile App,1,6391.98,10,6391.98,639.2,146.06,5898.84,Cash on Delivery,New,Returned,3.2,
ORD100442,06-10-2025,CUST1128,Customer_442,Mumbai,Books,T-Shirt,Store,4,13442.24,0,53768.96,0,70.01,53838.97,Credit Card,Returning,Cancelled,1.6,
ORD100443,07-05-2025,CUST1532,Customer_443,Ahmedabad,Home & Kitchen,Watch,Mobile App,4,14742.39,10,58969.56,5896.96,42.84,53115.44,Cash on Delivery,New,Delivered,3.7,
ORD100444,09-05-2025,CUST1773,Customer_444,Hyderabad,Home & Kitchen,Laptop,Mobile App,1,9610.16,25,9610.16,2402.54,203.13,7410.75,Credit Card,New,Delivered,1.6,
ORD100445,27-02-2025,CUST1167,Customer_445,Bengaluru,Beauty,Football,Mobile App,1,2550.32,20,2550.32,510.06,47.4,2087.66,Credit Card,VIP,Delivered,4,
ORD100446,02-05-2025,CUST1831,Customer_446,Surat,Books,Blender,Store,3,13601.86,5,40805.58,2040.28,228.13,38993.43,Debit Card,VIP,Delivered,3.1,
ORD100447,01-01-2025,CUST1236,Customer_447,Delhi,Beauty,Laptop,Store,5,7816.28,25,39081.4,9770.35,175.55,29486.6,Cash on Delivery,New,Delivered,4.3,
ORD100448,27-08-2025,CUST1032,Customer_448,Chennai,Sports,Laptop,Website,3,2433.18,15,7299.54,1094.93,83.62,6288.23,Net Banking,Returning,Returned,1.7,
ORD100449,17-10-2025,CUST1231,Customer_449,Jaipur,Beauty,Skincare Kit,Mobile App,1,13837.64,0,13837.64,0,175.67,14013.31,Cash on Delivery,New,Delivered,2.5,
ORD100450,06-04-2025,CUST1191,Customer_450,Bengaluru,Grocery,Shoes,Mobile App,4,11398.42,0,45593.68,0,79.41,45673.09,Net Banking,Returning,Delivered,4.4,
ORD100451,06-05-2025,CUST1842,Customer_451,Surat,Sports,Novel,Website,3,11015.82,0,33047.46,0,148.46,33195.92,Cash on Delivery,Returning,Delivered,4.2,
ORD100452,28-04-2025,CUST1936,Customer_452,Hyderabad,Beauty,Headphones,Store,5,10681.33,15,53406.65,8011,245.88,45641.53,Credit Card,New,Cancelled,4.9,
ORD100453,17-02-2025,CUST1657,Customer_453,Mumbai,Sports,Shoes,Store,3,3125.05,0,9375.15,0,154.72,9529.87,Cash on Delivery,New,Delivered,1.9,
ORD100454,30-03-2025,CUST1613,Customer_454,Jaipur,Books,Novel,Marketplace,2,3283.45,10,6566.9,656.69,70.15,5980.36,Cash on Delivery,New,Delivered,3.2,
ORD100455,25-08-2025,CUST1591,Customer_455,Hyderabad,Beauty,Novel,Store,3,10371.15,0,31113.45,0,225.43,31338.88,Cash on Delivery,Returning,Delivered,1.1,
ORD100456,29-09-2025,CUST1508,Customer_456,Kolkata,Beauty,Blender,Marketplace,1,3412.88,25,3412.88,853.22,80.43,2640.09,Cash on Delivery,VIP,Cancelled,4.9,
ORD100457,08-07-2025,CUST1457,Customer_457,Hyderabad,Clothing,T-Shirt,Website,4,6664.27,5,26657.08,1332.85,229.41,25553.64,Debit Card,VIP,Returned,1.7,
ORD100458,11-07-2025,CUST1672,Customer_458,Hyderabad,Beauty,Shoes,Store,4,11762.73,20,47050.92,9410.18,159.43,37800.17,Debit Card,VIP,Delivered,4.6,
ORD100459,10-03-2025,CUST1255,Customer_459,Mumbai,Sports,T-Shirt,Website,1,11791.69,25,11791.69,2947.92,152.51,8996.28,Credit Card,VIP,Delivered,3.7,
ORD100460,05-10-2025,CUST1279,Customer_460,Pune,Clothing,Headphones,Marketplace,2,6880.94,0,13761.88,0,259.89,14021.77,Credit Card,New,Delivered,4.7,
ORD100461,15-12-2025,CUST1971,Customer_461,Kolkata,Sports,Shoes,Mobile App,1,11914.02,10,11914.02,1191.4,221.32,10943.94,Net Banking,Returning,Delivered,2,
ORD100462,04-09-2025,CUST1700,Customer_462,Ahmedabad,Accessories,Groceries Pack,Mobile App,3,12603.53,0,37810.59,0,38.89,37849.48,Credit Card,New,Delivered,2.4,
ORD100463,17-03-2025,CUST1973,Customer_463,Bengaluru,Beauty,Skincare Kit,Website,1,9873.42,20,9873.42,1974.68,109.97,8008.71,Debit Card,VIP,Delivered,1.7,
ORD100464,03-06-2025,CUST1722,Customer_464,Surat,Beauty,Shoes,Mobile App,1,3542.12,10,3542.12,354.21,265.15,3453.06,Credit Card,Returning,Returned,2.7,
ORD100465,24-05-2025,CUST1753,Customer_465,Surat,Accessories,Laptop,Website,2,4219.07,0,8438.14,0,34.95,8473.09,Net Banking,New,Delivered,4.8,
ORD100466,27-03-2025,CUST1056,Customer_466,Delhi,Sports,Football,Marketplace,3,4825.39,0,14476.17,0,177.22,14653.39,Net Banking,Returning,Delivered,3.3,
ORD100467,04-07-2025,CUST1649,Customer_467,Ahmedabad,Accessories,Headphones,Mobile App,5,1884.54,5,9422.7,471.14,226.51,9178.07,Debit Card,New,Delivered,2.7,
ORD100468,12-10-2025,CUST1106,Customer_468,Ahmedabad,Books,Skincare Kit,Marketplace,5,4206.42,25,21032.1,5258.02,197.9,15971.98,Credit Card,New,Delivered,2.3,
ORD100469,08-08-2025,CUST1581,Customer_469,Ahmedabad,Books,Watch,Store,4,3261.36,15,13045.44,1956.82,235.34,11323.96,Net Banking,VIP,Returned,3.3,
ORD100470,10-03-2025,CUST1702,Customer_470,Ahmedabad,Grocery,Laptop,Mobile App,1,6911.63,20,6911.63,1382.33,225.94,5755.24,Credit Card,VIP,Delivered,3.9,
ORD100471,16-02-2025,CUST1192,Customer_471,Mumbai,Books,Football,Mobile App,4,13640.3,5,54561.2,2728.06,216.85,52049.99,Credit Card,New,Delivered,2.6,
ORD100472,04-04-2025,CUST1278,Customer_472,Pune,Home & Kitchen,Shoes,Mobile App,2,1701.53,0,3403.06,0,251.82,3654.88,Debit Card,New,Delivered,1.9,
ORD100473,26-08-2025,CUST1544,Customer_473,Mumbai,Clothing,T-Shirt,Website,5,10845.98,25,54229.9,13557.48,204.34,40876.76,Debit Card,New,Returned,3.3,
ORD100474,23-07-2025,CUST1175,Customer_474,Bengaluru,Clothing,Watch,Store,1,10356.15,0,10356.15,0,138.65,10494.8,Credit Card,VIP,Delivered,2.5,
ORD100475,06-08-2025,CUST1770,Customer_475,Kolkata,Accessories,Football,Store,2,1571.95,25,3143.9,785.98,157.42,2515.34,Cash on Delivery,VIP,Delivered,5,
ORD100476,07-12-2025,CUST1635,Customer_476,Delhi,Books,T-Shirt,Store,2,13850.2,5,27700.4,1385.02,223.52,26538.9,Cash on Delivery,Returning,Returned,2.8,
ORD100477,08-02-2025,CUST1085,Customer_477,Mumbai,Accessories,Novel,Marketplace,1,8591.81,0,8591.81,0,266.6,8858.41,UPI,Returning,Delivered,2.7,
ORD100478,10-04-2025,CUST1988,Customer_478,Bengaluru,Beauty,Shoes,Store,2,5551.32,15,11102.64,1665.4,103.5,9540.74,UPI,Returning,Delivered,4.4,
ORD100479,16-10-2025,CUST1948,Customer_479,Kolkata,Clothing,T-Shirt,Website,1,11384.6,25,11384.6,2846.15,122.36,8660.81,UPI,New,Delivered,2,
ORD100480,11-09-2025,CUST1728,Customer_480,Bengaluru,Sports,Football,Website,1,3971.88,25,3971.88,992.97,281.3,3260.21,Debit Card,VIP,Returned,1.3,
ORD100481,10-08-2025,CUST1216,Customer_481,Pune,Beauty,Football,Marketplace,3,10448.62,0,31345.86,0,186.2,31532.06,Credit Card,Returning,Returned,4.4,
ORD100482,23-12-2025,CUST1014,Customer_482,Bengaluru,Clothing,Groceries Pack,Marketplace,4,739.71,0,2958.84,0,78.32,3037.16,Net Banking,New,Returned,3.4,
ORD100483,23-01-2025,CUST1037,Customer_483,Jaipur,Electronics,Watch,Store,2,12615.21,10,25230.42,2523.04,209.2,22916.58,Credit Card,New,Delivered,2,
ORD100484,07-09-2025,CUST1027,Customer_484,Bengaluru,Clothing,Football,Store,2,6805.34,10,13610.68,1361.07,297.51,12547.12,Credit Card,Returning,Delivered,2.4,
ORD100485,10-01-2025,CUST1664,Customer_485,Mumbai,Books,Skincare Kit,Website,3,9604.89,15,28814.67,4322.2,252.33,24744.8,UPI,New,Cancelled,2.7,
ORD100486,03-09-2025,CUST1576,Customer_486,Bengaluru,Sports,T-Shirt,Website,3,3435.38,0,10306.14,0,231.35,10537.49,Credit Card,Returning,Delivered,3.7,
ORD100487,21-11-2025,CUST1070,Customer_487,Mumbai,Clothing,Shoes,Store,3,10204.54,25,30613.62,7653.4,86.17,23046.39,UPI,VIP,Returned,2.9,
ORD100488,10-04-2025,CUST1154,Customer_488,Kolkata,Accessories,Novel,Website,5,11617.77,10,58088.85,5808.88,266.56,52546.53,Credit Card,Returning,Delivered,2.6,
ORD100489,17-10-2025,CUST1438,Customer_489,Jaipur,Grocery,Skincare Kit,Marketplace,5,7177.22,20,35886.1,7177.22,171.96,28880.84,Net Banking,Returning,Delivered,4.1,
ORD100490,29-06-2025,CUST1765,Customer_490,Kolkata,Home & Kitchen,Groceries Pack,Website,5,9323.24,10,46616.2,4661.62,270.11,42224.69,Cash on Delivery,Returning,Delivered,1.3,
ORD100491,11-08-2025,CUST1271,Customer_491,Bengaluru,Books,Novel,Store,1,6926.44,5,6926.44,346.32,119.05,6699.17,Cash on Delivery,New,Delivered,3.6,
ORD100492,07-09-2025,CUST1541,Customer_492,Ahmedabad,Grocery,Novel,Marketplace,2,13427.26,25,26854.52,6713.63,46.75,20187.64,Debit Card,Returning,Cancelled,2.8,
ORD100493,27-05-2025,CUST1996,Customer_493,Delhi,Grocery,Watch,Website,4,7543.36,10,30173.44,3017.34,158.51,27314.61,Net Banking,New,Delivered,2.3,
ORD100494,06-04-2025,CUST1074,Customer_494,Chennai,Home & Kitchen,Watch,Marketplace,1,12650.86,20,12650.86,2530.17,102.86,10223.55,Credit Card,VIP,Delivered,4.7,
ORD100495,14-09-2025,CUST1796,Customer_495,Ahmedabad,Beauty,Football,Store,2,12050.08,25,24100.16,6025.04,223.11,18298.23,Net Banking,VIP,Delivered,4.1,
ORD100496,21-11-2025,CUST1571,Customer_496,Jaipur,Accessories,Watch,Website,2,6246,15,12492,1873.8,288.42,10906.62,Credit Card,New,Cancelled,1.9,
ORD100497,04-01-2025,CUST1755,Customer_497,Kolkata,Home & Kitchen,Laptop,Store,3,3566.75,10,10700.25,1070.03,216.56,9846.78,Net Banking,Returning,Delivered,3.6,
ORD100498,16-01-2025,CUST1841,Customer_498,Jaipur,Sports,Blender,Mobile App,3,6180.32,0,18540.96,0,269.47,18810.43,Net Banking,Returning,Returned,4.3,
ORD100499,07-10-2025,CUST1149,Customer_499,Pune,Electronics,Football,Store,1,12419.33,0,12419.33,0,152.32,12571.65,Cash on Delivery,VIP,Delivered,5,
ORD100500,02-12-2025,CUST1506,Customer_500,Kolkata,Electronics,Watch,Mobile App,3,3530.34,0,10591.02,0,238.34,10829.36,Net Banking,Returning,Delivered,3.8,
ORD100501,04-09-2025,CUST1010,Customer_501,Bengaluru,Beauty,Groceries Pack,Marketplace,2,7937.88,0,15875.76,0,257.62,16133.38,Debit Card,Returning,Delivered,3.8,
ORD100502,15-09-2025,CUST1644,Customer_502,Kolkata,Accessories,Shoes,Marketplace,3,12120.54,5,36361.62,1818.08,221.94,34765.48,Credit Card,Returning,Delivered,3.5,
ORD100503,09-06-2025,CUST1502,Customer_503,Ahmedabad,Beauty,Novel,Mobile App,5,5399.14,5,26995.7,1349.78,167.1,25813.02,UPI,New,Delivered,1.2,
ORD100504,06-12-2025,CUST1062,Customer_504,Delhi,Accessories,Laptop,Marketplace,3,9686.81,5,29060.43,1453.02,198.98,27806.39,Net Banking,New,Delivered,3.3,
ORD100505,01-06-2025,CUST1388,Customer_505,Bengaluru,Home & Kitchen,Shoes,Marketplace,2,3797.63,5,7595.26,379.76,219.14,7434.64,UPI,New,Delivered,4.2,
ORD100506,27-06-2025,CUST1895,Customer_506,Surat,Accessories,Shoes,Store,1,1772.8,0,1772.8,0,98.33,1871.13,Cash on Delivery,New,Delivered,2.6,
ORD100507,12-06-2025,CUST1774,Customer_507,Ahmedabad,Grocery,Headphones,Mobile App,4,11946.61,0,47786.44,0,248.59,48035.03,UPI,New,Delivered,3.3,
ORD100508,02-02-2025,CUST1730,Customer_508,Hyderabad,Sports,T-Shirt,Website,3,1619.68,15,4859.04,728.86,286.59,4416.77,Debit Card,Returning,Returned,4.7,
ORD100509,28-06-2025,CUST1232,Customer_509,Bengaluru,Home & Kitchen,T-Shirt,Marketplace,2,4180.01,10,8360.02,836,155.61,7679.63,Debit Card,Returning,Cancelled,1.7,
ORD100510,11-04-2025,CUST1848,Customer_510,Bengaluru,Sports,Groceries Pack,Marketplace,4,12848.37,10,51393.48,5139.35,219.29,46473.42,Cash on Delivery,VIP,Returned,2.1,
ORD100511,25-09-2025,CUST1584,Customer_511,Ahmedabad,Accessories,Football,Website,4,5295.07,10,21180.28,2118.03,229,19291.25,Debit Card,New,Delivered,1.4,
ORD100512,19-11-2025,CUST1988,Customer_512,Pune,Sports,Headphones,Store,5,14599.72,20,72998.6,14599.72,208.81,58607.69,Credit Card,VIP,Delivered,3,
ORD100513,06-03-2025,CUST1528,Customer_513,Kolkata,Electronics,Groceries Pack,Store,4,14699.05,5,58796.2,2939.81,177.72,56034.11,Debit Card,Returning,Delivered,4.4,
ORD100514,17-06-2025,CUST1550,Customer_514,Hyderabad,Grocery,Novel,Store,2,4133.9,10,8267.8,826.78,268.04,7709.06,Net Banking,Returning,Delivered,2.7,
ORD100515,26-11-2025,CUST1689,Customer_515,Jaipur,Sports,Skincare Kit,Website,2,758.53,25,1517.06,379.26,151.21,1289.01,Debit Card,Returning,Cancelled,1.3,
ORD100516,12-02-2025,CUST1445,Customer_516,Bengaluru,Clothing,Skincare Kit,Store,3,10620.19,20,31860.57,6372.11,46.5,25534.96,Credit Card,Returning,Returned,2.1,
ORD100517,13-02-2025,CUST1321,Customer_517,Kolkata,Sports,Headphones,Marketplace,3,6847.15,5,20541.45,1027.07,258.03,19772.41,Cash on Delivery,New,Delivered,4.6,
ORD100518,12-10-2025,CUST1894,Customer_518,Chennai,Accessories,T-Shirt,Store,3,1646.18,10,4938.54,493.85,211.97,4656.66,Debit Card,Returning,Delivered,3.2,
ORD100519,12-01-2025,CUST1083,Customer_519,Chennai,Electronics,Skincare Kit,Marketplace,4,10656.71,0,42626.84,0,259.3,42886.14,Credit Card,Returning,Cancelled,4.7,
ORD100520,05-04-2025,CUST1434,Customer_520,Jaipur,Books,T-Shirt,Website,4,612.95,10,2451.8,245.18,67.41,2274.03,Net Banking,VIP,Cancelled,4.3,
ORD100521,29-10-2025,CUST1017,Customer_521,Mumbai,Home & Kitchen,Football,Store,5,13072.42,25,65362.1,16340.52,38.3,49059.88,UPI,VIP,Delivered,2.7,
ORD100522,10-09-2025,CUST1369,Customer_522,Hyderabad,Sports,Blender,Store,3,2208.99,10,6626.97,662.7,282.28,6246.55,UPI,Returning,Delivered,3.5,
ORD100523,30-08-2025,CUST1668,Customer_523,Chennai,Clothing,Shoes,Marketplace,1,2040.58,25,2040.58,510.14,69.89,1600.33,Cash on Delivery,Returning,Delivered,3.7,
ORD100524,04-02-2025,CUST1684,Customer_524,Delhi,Accessories,Novel,Website,5,2758.73,5,13793.65,689.68,248.61,13352.58,Cash on Delivery,VIP,Delivered,4,
ORD100525,03-08-2025,CUST1908,Customer_525,Jaipur,Beauty,Headphones,Store,1,14409.96,25,14409.96,3602.49,252.27,11059.74,UPI,VIP,Returned,2.3,
ORD100526,03-12-2025,CUST1582,Customer_526,Ahmedabad,Home & Kitchen,T-Shirt,Website,4,10443.56,10,41774.24,4177.42,221.35,37818.17,UPI,Returning,Returned,2.2,
ORD100527,31-03-2025,CUST1583,Customer_527,Ahmedabad,Beauty,Watch,Marketplace,5,12050.37,0,60251.85,0,65.44,60317.29,Cash on Delivery,Returning,Delivered,3.7,
ORD100528,21-09-2025,CUST1255,Customer_528,Surat,Clothing,Shoes,Marketplace,5,6054.88,10,30274.4,3027.44,210.2,27457.16,UPI,New,Cancelled,4.3,
ORD100529,03-04-2025,CUST1456,Customer_529,Delhi,Electronics,Watch,Store,2,5144.24,5,10288.48,514.42,270.05,10044.11,Debit Card,Returning,Returned,2.7,
ORD100530,31-03-2025,CUST1643,Customer_530,Hyderabad,Books,Skincare Kit,Website,4,3632.09,0,14528.36,0,144.89,14673.25,Credit Card,New,Delivered,2.3,
ORD100531,25-04-2025,CUST1561,Customer_531,Chennai,Grocery,Blender,Marketplace,4,7287.62,20,29150.48,5830.1,141.65,23462.03,Cash on Delivery,Returning,Delivered,4.3,
ORD100532,15-04-2025,CUST1533,Customer_532,Mumbai,Electronics,Blender,Website,5,8344.66,5,41723.3,2086.16,149.57,39786.71,Credit Card,New,Delivered,3.7,
ORD100533,15-07-2025,CUST1392,Customer_533,Hyderabad,Books,Football,Mobile App,4,9531.86,15,38127.44,5719.12,52.21,32460.53,Net Banking,New,Delivered,2.4,
ORD100534,10-11-2025,CUST1320,Customer_534,Pune,Grocery,Novel,Mobile App,5,3968.21,5,19841.05,992.05,270.85,19119.85,Net Banking,New,Delivered,3.1,
ORD100535,24-04-2025,CUST1220,Customer_535,Hyderabad,Home & Kitchen,Skincare Kit,Store,2,14237.51,0,28475.02,0,264.68,28739.7,Debit Card,VIP,Cancelled,4.8,
ORD100536,16-03-2025,CUST1699,Customer_536,Ahmedabad,Sports,T-Shirt,Website,5,2670.91,25,13354.55,3338.64,299.44,10315.35,Net Banking,Returning,Delivered,4,
ORD100537,05-08-2025,CUST1414,Customer_537,Surat,Sports,Shoes,Website,4,14489.95,5,57959.8,2897.99,188,55249.81,Cash on Delivery,Returning,Delivered,1.9,
ORD100538,04-10-2025,CUST1032,Customer_538,Chennai,Accessories,Laptop,Marketplace,4,370.61,10,1482.44,148.24,232.82,1567.02,Debit Card,Returning,Returned,2.2,
ORD100539,06-09-2025,CUST1715,Customer_539,Jaipur,Beauty,Blender,Website,5,7294.72,10,36473.6,3647.36,84.72,32910.96,Debit Card,VIP,Delivered,2.1,
ORD100540,13-06-2025,CUST1788,Customer_540,Chennai,Electronics,Watch,Website,5,5100.51,10,25502.55,2550.26,210.23,23162.52,Cash on Delivery,New,Delivered,4.4,
ORD100541,23-12-2025,CUST1754,Customer_541,Kolkata,Accessories,Novel,Marketplace,5,6819.48,20,34097.4,6819.48,205.43,27483.35,UPI,Returning,Returned,3.6,
ORD100542,11-07-2025,CUST1016,Customer_542,Ahmedabad,Sports,T-Shirt,Store,3,8624.37,15,25873.11,3880.97,273.33,22265.47,Credit Card,Returning,Delivered,4.8,
ORD100543,15-08-2025,CUST1409,Customer_543,Surat,Accessories,Watch,Marketplace,4,6618.5,5,26474,1323.7,254.31,25404.61,Cash on Delivery,VIP,Delivered,1.4,
ORD100544,26-06-2025,CUST1828,Customer_544,Kolkata,Books,Shoes,Mobile App,4,6310.48,20,25241.92,5048.38,283.39,20476.93,UPI,New,Delivered,1.2,
ORD100545,09-04-2025,CUST1173,Customer_545,Delhi,Grocery,Shoes,Website,3,11030.94,0,33092.82,0,264.59,33357.41,UPI,VIP,Cancelled,3.7,
ORD100546,05-02-2025,CUST1649,Customer_546,Mumbai,Sports,Skincare Kit,Website,5,10335.26,10,51676.3,5167.63,264.55,46773.22,Net Banking,New,Delivered,2.1,
ORD100547,06-04-2025,CUST1179,Customer_547,Hyderabad,Electronics,Groceries Pack,Store,2,12524.08,25,25048.16,6262.04,47.21,18833.33,Debit Card,New,Delivered,3.7,
ORD100548,01-06-2025,CUST1871,Customer_548,Pune,Electronics,Watch,Mobile App,5,3861.89,10,19309.45,1930.94,258.41,17636.92,Debit Card,New,Delivered,3.9,
ORD100549,31-05-2025,CUST1573,Customer_549,Bengaluru,Clothing,T-Shirt,Website,5,9201.5,20,46007.5,9201.5,194.02,37000.02,Net Banking,New,Delivered,2.2,
ORD100550,09-07-2025,CUST1497,Customer_550,Bengaluru,Grocery,Shoes,Marketplace,3,8840.14,15,26520.42,3978.06,132.72,22675.08,Net Banking,Returning,Cancelled,4.8,
ORD100551,12-08-2025,CUST1936,Customer_551,Jaipur,Beauty,Skincare Kit,Website,4,5640.61,20,22562.44,4512.49,45.26,18095.21,Debit Card,Returning,Cancelled,4.1,
ORD100552,06-02-2025,CUST1104,Customer_552,Surat,Accessories,Skincare Kit,Store,5,7367.95,25,36839.75,9209.94,212.97,27842.78,Cash on Delivery,New,Cancelled,2.5,
ORD100553,25-09-2025,CUST1317,Customer_553,Delhi,Grocery,Football,Marketplace,4,4809.66,5,19238.64,961.93,118.61,18395.32,Cash on Delivery,Returning,Delivered,2.6,
ORD100554,02-07-2025,CUST1707,Customer_554,Ahmedabad,Accessories,Laptop,Website,1,2256.39,0,2256.39,0,156.3,2412.69,Cash on Delivery,Returning,Cancelled,3.9,
ORD100555,13-01-2025,CUST1768,Customer_555,Pune,Electronics,Groceries Pack,Store,4,3324.95,10,13299.8,1329.98,214.07,12183.89,Cash on Delivery,Returning,Cancelled,2.2,
ORD100556,06-10-2025,CUST1976,Customer_556,Jaipur,Grocery,Headphones,Mobile App,2,1716.88,15,3433.76,515.06,276.18,3194.88,Net Banking,Returning,Delivered,2.2,
ORD100557,05-08-2025,CUST1588,Customer_557,Delhi,Clothing,Shoes,Marketplace,2,10293.58,0,20587.16,0,252.87,20840.03,Credit Card,VIP,Delivered,3.5,
ORD100558,21-12-2025,CUST1783,Customer_558,Mumbai,Grocery,T-Shirt,Marketplace,5,9961.8,0,49809,0,151.66,49960.66,Credit Card,Returning,Cancelled,1.5,
ORD100559,27-12-2025,CUST1181,Customer_559,Ahmedabad,Electronics,T-Shirt,Mobile App,4,14266.5,5,57066,2853.3,134.7,54347.4,Debit Card,New,Returned,5,
ORD100560,13-10-2025,CUST1132,Customer_560,Bengaluru,Home & Kitchen,Blender,Marketplace,5,10985.72,25,54928.6,13732.15,94.74,41291.19,Credit Card,New,Delivered,2.1,
ORD100561,30-09-2025,CUST1663,Customer_561,Mumbai,Books,Football,Store,3,922.88,15,2768.64,415.3,130.56,2483.9,Cash on Delivery,New,Returned,2.5,
ORD100562,03-03-2025,CUST1155,Customer_562,Jaipur,Books,Football,Mobile App,2,13281.04,5,26562.08,1328.1,59.98,25293.96,Net Banking,Returning,Delivered,1.9,
ORD100563,25-03-2025,CUST1359,Customer_563,Surat,Home & Kitchen,Football,Website,5,12960.73,0,64803.65,0,292.2,65095.85,Cash on Delivery,VIP,Delivered,3.6,
ORD100564,05-08-2025,CUST1235,Customer_564,Kolkata,Home & Kitchen,T-Shirt,Store,3,6733.31,5,20199.93,1010,184.96,19374.89,UPI,Returning,Delivered,1.2,
ORD100565,08-12-2025,CUST1760,Customer_565,Surat,Accessories,Groceries Pack,Mobile App,5,8850.07,0,44250.35,0,64.51,44314.86,Net Banking,New,Delivered,4.7,
ORD100566,06-07-2025,CUST1165,Customer_566,Ahmedabad,Accessories,Skincare Kit,Website,4,14644.76,0,58579.04,0,125.26,58704.3,UPI,Returning,Delivered,2.2,
ORD100567,19-01-2025,CUST1717,Customer_567,Mumbai,Electronics,Watch,Store,4,8054.72,20,32218.88,6443.78,177.7,25952.8,UPI,Returning,Delivered,4.7,
ORD100568,26-06-2025,CUST1427,Customer_568,Hyderabad,Accessories,Novel,Store,4,13594.03,25,54376.12,13594.03,173.88,40955.97,Debit Card,VIP,Delivered,2,
ORD100569,10-04-2025,CUST1677,Customer_569,Surat,Sports,Laptop,Marketplace,4,1383.13,0,5532.52,0,39.59,5572.11,UPI,New,Delivered,3.1,
ORD100570,21-08-2025,CUST1488,Customer_570,Chennai,Sports,Shoes,Marketplace,1,2987.12,0,2987.12,0,286.73,3273.85,Credit Card,Returning,Cancelled,3.8,
ORD100571,17-03-2025,CUST1213,Customer_571,Mumbai,Home & Kitchen,Football,Mobile App,3,6695.21,5,20085.63,1004.28,104.35,19185.7,Credit Card,VIP,Returned,3.5,
ORD100572,22-09-2025,CUST1925,Customer_572,Jaipur,Beauty,Groceries Pack,Website,3,8833.64,10,26500.92,2650.09,34.37,23885.2,UPI,VIP,Cancelled,3,
ORD100573,11-10-2025,CUST1766,Customer_573,Surat,Books,T-Shirt,Store,4,12270.98,0,49083.92,0,50.64,49134.56,Debit Card,New,Cancelled,4.2,
ORD100574,25-07-2025,CUST1157,Customer_574,Kolkata,Clothing,Skincare Kit,Store,1,14825.69,5,14825.69,741.28,186.65,14271.06,UPI,New,Returned,2.9,
ORD100575,11-08-2025,CUST1689,Customer_575,Jaipur,Home & Kitchen,Novel,Mobile App,4,5924.44,0,23697.76,0,67.2,23764.96,Net Banking,Returning,Delivered,2.3,
ORD100576,21-02-2025,CUST1075,Customer_576,Kolkata,Books,T-Shirt,Marketplace,1,854.12,15,854.12,128.12,41.27,767.27,Net Banking,VIP,Returned,3.9,
ORD100577,05-12-2025,CUST1435,Customer_577,Hyderabad,Clothing,Skincare Kit,Store,4,12047.4,15,48189.6,7228.44,132.5,41093.66,Net Banking,New,Delivered,4.7,
ORD100578,24-05-2025,CUST1178,Customer_578,Chennai,Grocery,Groceries Pack,Store,2,9125.05,10,18250.1,1825.01,198.15,16623.24,Net Banking,VIP,Cancelled,3.4,
ORD100579,10-03-2025,CUST1796,Customer_579,Hyderabad,Clothing,Groceries Pack,Marketplace,2,3098.36,5,6196.72,309.84,60.2,5947.08,UPI,New,Delivered,2.1,
ORD100580,09-04-2025,CUST1842,Customer_580,Chennai,Home & Kitchen,Skincare Kit,Website,5,7498.2,20,37491,7498.2,114.6,30107.4,Cash on Delivery,Returning,Returned,4.1,
ORD100581,25-01-2025,CUST1645,Customer_581,Delhi,Sports,Blender,Website,4,11173.31,25,44693.24,11173.31,142.8,33662.73,Cash on Delivery,Returning,Delivered,4,
ORD100582,22-02-2025,CUST1637,Customer_582,Bengaluru,Beauty,Laptop,Marketplace,3,11590.62,0,34771.86,0,73.05,34844.91,Net Banking,New,Delivered,2.1,
ORD100583,31-05-2025,CUST1312,Customer_583,Kolkata,Books,T-Shirt,Store,5,7569.33,0,37846.65,0,166.64,38013.29,Debit Card,New,Cancelled,2.5,
ORD100584,24-05-2025,CUST1832,Customer_584,Delhi,Home & Kitchen,T-Shirt,Marketplace,2,4682.44,10,9364.88,936.49,53.01,8481.4,Debit Card,Returning,Delivered,1.6,
ORD100585,26-02-2025,CUST1127,Customer_585,Mumbai,Clothing,Shoes,Website,4,14610.08,0,58440.32,0,42.56,58482.88,UPI,Returning,Delivered,1.3,
ORD100586,08-02-2025,CUST1377,Customer_586,Chennai,Accessories,Blender,Mobile App,5,10000.93,10,50004.65,5000.46,170.36,45174.55,Cash on Delivery,New,Cancelled,4.2,
ORD100587,19-04-2025,CUST1345,Customer_587,Hyderabad,Books,Novel,Mobile App,4,6212.33,10,24849.32,2484.93,96.93,22461.32,UPI,Returning,Cancelled,2.5,
ORD100588,30-06-2025,CUST1225,Customer_588,Delhi,Electronics,Groceries Pack,Website,2,4314.88,10,8629.76,862.98,55.75,7822.53,Credit Card,Returning,Delivered,2.1,
ORD100589,11-02-2025,CUST1017,Customer_589,Hyderabad,Grocery,Football,Website,5,11006.88,5,55034.4,2751.72,144.46,52427.14,Net Banking,Returning,Delivered,2,
ORD100590,05-07-2025,CUST1497,Customer_590,Chennai,Accessories,Watch,Website,2,3746.42,10,7492.84,749.28,277.09,7020.65,Credit Card,VIP,Delivered,1.3,
ORD100591,11-08-2025,CUST1993,Customer_591,Hyderabad,Electronics,Skincare Kit,Marketplace,1,2699.89,25,2699.89,674.97,225.53,2250.45,Credit Card,Returning,Delivered,4.9,
ORD100592,02-05-2025,CUST1473,Customer_592,Ahmedabad,Books,T-Shirt,Mobile App,2,8018.03,0,16036.06,0,250.22,16286.28,Debit Card,Returning,Returned,2.5,
ORD100593,13-05-2025,CUST1865,Customer_593,Ahmedabad,Books,Groceries Pack,Website,4,4456.31,15,17825.24,2673.79,265.42,15416.87,Cash on Delivery,Returning,Delivered,1.7,
ORD100594,12-06-2025,CUST1311,Customer_594,Kolkata,Clothing,Watch,Store,3,9489.24,0,28467.72,0,292.61,28760.33,Net Banking,Returning,Delivered,4.5,
ORD100595,03-08-2025,CUST1758,Customer_595,Hyderabad,Accessories,Laptop,Mobile App,2,1901.39,0,3802.78,0,236.08,4038.86,UPI,New,Delivered,3.9,
ORD100596,09-08-2025,CUST1137,Customer_596,Mumbai,Home & Kitchen,Groceries Pack,Marketplace,3,9875.88,10,29627.64,2962.76,194.27,26859.15,Net Banking,VIP,Delivered,3.7,
ORD100597,23-08-2025,CUST1475,Customer_597,Ahmedabad,Accessories,T-Shirt,Store,1,4356.95,0,4356.95,0,128.66,4485.61,UPI,New,Cancelled,2.2,
ORD100598,27-11-2025,CUST1217,Customer_598,Mumbai,Sports,Groceries Pack,Marketplace,5,153.61,0,768.05,0,79.04,847.09,UPI,Returning,Returned,2.7,
ORD100599,26-05-2025,CUST1196,Customer_599,Jaipur,Home & Kitchen,Watch,Website,5,2035,0,10175,0,215.4,10390.4,Cash on Delivery,Returning,Delivered,4.4,
ORD100600,27-08-2025,CUST1201,Customer_600,Pune,Beauty,Laptop,Website,3,14014.19,10,42042.57,4204.26,298.64,38136.95,Credit Card,New,Delivered,3.6,
ORD100601,17-03-2025,CUST1366,Customer_601,Chennai,Books,Novel,Website,5,13030.22,15,65151.1,9772.67,156.19,55534.62,UPI,New,Returned,2.4,
ORD100602,09-01-2025,CUST1719,Customer_602,Chennai,Electronics,Skincare Kit,Store,2,3619.09,0,7238.18,0,225.39,7463.57,Cash on Delivery,New,Delivered,1.4,
ORD100603,15-03-2025,CUST1528,Customer_603,Mumbai,Clothing,Groceries Pack,Website,3,11708.82,15,35126.46,5268.97,163.67,30021.16,Credit Card,New,Cancelled,4.6,
ORD100604,10-09-2025,CUST1400,Customer_604,Bengaluru,Accessories,Shoes,Mobile App,4,9187.29,0,36749.16,0,146.62,36895.78,Credit Card,VIP,Cancelled,4.8,
ORD100605,18-08-2025,CUST1525,Customer_605,Mumbai,Sports,Blender,Website,2,14567.93,10,29135.86,2913.59,140.78,26363.05,Net Banking,VIP,Delivered,3.9,
ORD100606,07-01-2025,CUST1590,Customer_606,Chennai,Grocery,Skincare Kit,Mobile App,2,5698.04,5,11396.08,569.8,166.25,10992.53,Net Banking,New,Delivered,3.8,
ORD100607,23-06-2025,CUST1214,Customer_607,Pune,Home & Kitchen,Groceries Pack,Store,2,10269.69,15,20539.38,3080.91,129.06,17587.53,Net Banking,New,Cancelled,3.2,
ORD100608,21-05-2025,CUST1341,Customer_608,Ahmedabad,Beauty,Skincare Kit,Marketplace,4,1093.51,25,4374.04,1093.51,232.17,3512.7,Debit Card,VIP,Cancelled,4.9,
ORD100609,17-06-2025,CUST1329,Customer_609,Mumbai,Accessories,Groceries Pack,Marketplace,1,6034.27,25,6034.27,1508.57,266.05,4791.75,Credit Card,New,Delivered,,
ORD100610,19-06-2025,CUST1959,Customer_610,Hyderabad,Home & Kitchen,Headphones,Mobile App,5,14462.69,0,72313.45,0,268.38,72581.83,Debit Card,VIP,Delivered,1.3,
ORD100611,10-10-2025,CUST1119,Customer_611,Bengaluru,Grocery,Shoes,Store,3,8153.87,20,24461.61,4892.32,91.48,19660.77,Net Banking,New,Delivered,1.4,
ORD100612,02-05-2025,CUST1425,Customer_612,Chennai,Beauty,T-Shirt,Mobile App,1,4425.01,0,4425.01,0,271.9,4696.91,Cash on Delivery,Returning,Delivered,4.9,
ORD100613,13-07-2025,CUST1693,Customer_613,Mumbai,Home & Kitchen,Shoes,Website,3,1936.02,25,5808.06,1452.02,122.22,4478.26,Net Banking,New,Delivered,4.8,
ORD100614,05-01-2025,CUST1836,Customer_614,Mumbai,Sports,Laptop,Website,5,10597.4,5,52987,2649.35,113.51,50451.16,UPI,New,Returned,3.2,
ORD100615,29-01-2025,CUST1842,Customer_615,Hyderabad,Accessories,Headphones,Website,4,9726.11,5,38904.44,1945.22,226.22,37185.44,Cash on Delivery,New,Returned,1.9,
ORD100616,14-06-2025,CUST1867,Customer_616,Jaipur,Sports,Shoes,Marketplace,2,5702.99,0,11405.98,0,112.27,11518.25,Cash on Delivery,Returning,Cancelled,3.3,
ORD100617,05-12-2025,CUST1373,Customer_617,Ahmedabad,Clothing,Watch,Mobile App,2,14271.48,0,28542.96,0,44.3,28587.26,Credit Card,New,Cancelled,4.1,
ORD100618,16-05-2025,CUST1649,Customer_618,Pune,Sports,Shoes,Store,4,479.71,15,1918.84,287.83,130.88,1761.89,Debit Card,Returning,Delivered,1,
ORD100619,31-12-2025,CUST1179,Customer_619,Ahmedabad,Beauty,Blender,Mobile App,1,4660.3,25,4660.3,1165.08,224.8,3720.02,UPI,New,Cancelled,4.3,
ORD100620,17-11-2025,CUST1432,Customer_620,Hyderabad,Clothing,Groceries Pack,Mobile App,1,13827.88,10,13827.88,1382.79,118.28,12563.37,Cash on Delivery,New,Cancelled,2.9,
ORD100621,08-12-2025,CUST1720,Customer_621,Chennai,Grocery,Laptop,Mobile App,3,4915.89,15,14747.67,2212.15,199.98,12735.5,Debit Card,Returning,Returned,2.9,
ORD100622,25-05-2025,CUST1945,Customer_622,Hyderabad,Sports,Novel,Website,4,3895.95,15,15583.8,2337.57,208.23,13454.46,Debit Card,New,Delivered,2.7,
ORD100623,23-11-2025,CUST1402,Customer_623,Kolkata,Electronics,T-Shirt,Website,1,8083.17,5,8083.17,404.16,228.11,7907.12,UPI,New,Delivered,3.8,
ORD100624,05-08-2025,CUST1394,Customer_624,Delhi,Accessories,Groceries Pack,Mobile App,4,12383.46,0,49533.84,0,272.23,49806.07,UPI,Returning,Cancelled,1.8,
ORD100625,28-10-2025,CUST1981,Customer_625,Jaipur,Grocery,Novel,Website,5,1681.73,0,8408.65,0,146.79,8555.44,Net Banking,Returning,Delivered,3.4,
ORD100626,12-05-2025,CUST1883,Customer_626,Delhi,Beauty,Novel,Marketplace,2,14153.86,5,28307.72,1415.39,74.94,26967.27,Net Banking,VIP,Delivered,1.2,
ORD100627,19-10-2025,CUST1566,Customer_627,Chennai,Grocery,Groceries Pack,Website,2,11956.83,0,23913.66,0,116.11,24029.77,Cash on Delivery,Returning,Delivered,4.2,
ORD100628,11-03-2025,CUST1079,Customer_628,Pune,Accessories,Shoes,Marketplace,2,2841.57,0,5683.14,0,146.69,5829.83,Cash on Delivery,New,Delivered,4.3,
ORD100629,09-09-2025,CUST1783,Customer_629,Ahmedabad,Grocery,Blender,Marketplace,4,10723.32,0,42893.28,0,222.75,43116.03,Cash on Delivery,New,Delivered,2.2,
ORD100630,02-10-2025,CUST1907,Customer_630,Bengaluru,Clothing,Football,Mobile App,4,5866.64,0,23466.56,0,33.54,23500.1,Net Banking,New,Delivered,1.4,
ORD100631,30-12-2025,CUST1424,Customer_631,Kolkata,Beauty,Headphones,Mobile App,3,6124.08,20,18372.24,3674.45,115.26,14813.05,Cash on Delivery,New,Delivered,4,
ORD100632,01-07-2025,CUST1118,Customer_632,Jaipur,Clothing,Football,Website,2,11781.86,0,23563.72,0,240.56,23804.28,Cash on Delivery,New,Delivered,2.9,
ORD100633,16-06-2025,CUST1368,Customer_633,Delhi,Accessories,T-Shirt,Store,3,14447.35,10,43342.05,4334.2,211.13,39218.98,Net Banking,New,Delivered,4.7,
ORD100634,01-04-2025,CUST1106,Customer_634,Mumbai,Accessories,Skincare Kit,Mobile App,2,2030.84,10,4061.68,406.17,227.57,3883.08,Net Banking,New,Delivered,2.4,
ORD100635,21-07-2025,CUST1105,Customer_635,Kolkata,Beauty,Skincare Kit,Marketplace,3,6396.36,10,19189.08,1918.91,249.19,17519.36,Cash on Delivery,New,Delivered,4.4,
ORD100636,12-12-2025,CUST1303,Customer_636,Ahmedabad,Electronics,Skincare Kit,Marketplace,3,7291.98,0,21875.94,0,241.47,22117.41,Cash on Delivery,New,Cancelled,1.1,
ORD100637,19-01-2025,CUST1630,Customer_637,Kolkata,Accessories,Watch,Website,5,5738.23,5,28691.15,1434.56,214.19,27470.78,Debit Card,New,Delivered,4.1,
ORD100638,08-02-2025,CUST1894,Customer_638,Chennai,Grocery,Headphones,Marketplace,3,5543.36,0,16630.08,0,148.71,16778.79,Credit Card,New,Returned,3.7,
ORD100639,06-05-2025,CUST1741,Customer_639,Mumbai,Sports,Groceries Pack,Mobile App,4,926.19,5,3704.76,185.24,295.57,3815.09,Net Banking,Returning,Delivered,3.1,
ORD100640,22-06-2025,CUST1148,Customer_640,Pune,Home & Kitchen,Novel,Website,3,10330.25,0,30990.75,0,183.65,31174.4,Credit Card,New,Delivered,4.6,
ORD100641,21-05-2025,CUST1866,Customer_641,Mumbai,Grocery,Football,Website,2,6627.78,10,13255.56,1325.56,84.75,12014.75,Net Banking,New,Returned,4.8,
ORD100642,30-08-2025,CUST1150,Customer_642,Pune,Home & Kitchen,Groceries Pack,Store,3,3042.69,15,9128.07,1369.21,109.06,7867.92,Debit Card,New,Delivered,4.7,
ORD100643,08-08-2025,CUST1816,Customer_643,Chennai,Home & Kitchen,Shoes,Website,1,12268.1,10,12268.1,1226.81,217.26,11258.55,Credit Card,Returning,Delivered,3.4,
ORD100644,06-05-2025,CUST1256,Customer_644,Pune,Grocery,Headphones,Store,2,12068.03,10,24136.06,2413.61,279.68,22002.13,Debit Card,Returning,Cancelled,3.1,
ORD100645,27-02-2025,CUST1082,Customer_645,Mumbai,Clothing,Shoes,Mobile App,1,7372.92,5,7372.92,368.65,78.25,7082.52,UPI,New,Cancelled,2.1,
ORD100646,28-05-2025,CUST1016,Customer_646,Pune,Sports,Watch,Marketplace,2,4581.99,20,9163.98,1832.8,52.23,7383.41,Credit Card,Returning,Delivered,1.6,
ORD100647,13-11-2025,CUST1901,Customer_647,Surat,Grocery,T-Shirt,Mobile App,4,9625.68,0,38502.72,0,268.01,38770.73,Credit Card,Returning,Delivered,3.2,
ORD100648,27-12-2025,CUST1193,Customer_648,Hyderabad,Books,Headphones,Website,4,4429.06,15,17716.24,2657.44,277.13,15335.93,Credit Card,Returning,Returned,1.6,
ORD100649,01-01-2025,CUST1723,Customer_649,Pune,Clothing,Headphones,Store,4,3654.72,15,14618.88,2192.83,104.62,12530.67,UPI,VIP,Returned,1.7,
ORD100650,14-12-2025,CUST1074,Customer_650,Mumbai,Grocery,Novel,Marketplace,1,10998.14,5,10998.14,549.91,131.87,10580.1,UPI,VIP,Delivered,2.4,
ORD100651,09-07-2025,CUST1277,Customer_651,Hyderabad,Accessories,Blender,Website,5,748.83,5,3744.15,187.21,208.25,3765.19,Debit Card,New,Delivered,1.7,
ORD100652,10-07-2025,CUST1061,Customer_652,Hyderabad,Grocery,Skincare Kit,Mobile App,2,1557.31,10,3114.62,311.46,119.08,2922.24,UPI,New,Delivered,3,
ORD100653,08-11-2025,CUST1973,Customer_653,Mumbai,Clothing,Novel,Website,4,250.8,0,1003.2,0,266.83,1270.03,Net Banking,Returning,Delivered,3.7,
ORD100654,27-04-2025,CUST1951,Customer_654,Bengaluru,Grocery,Football,Store,2,2421.21,0,4842.42,0,59.05,4901.47,Cash on Delivery,VIP,Returned,3.8,
ORD100655,14-05-2025,CUST1536,Customer_655,Chennai,Clothing,Football,Mobile App,1,1174.5,0,1174.5,0,40.26,1214.76,Credit Card,Returning,Delivered,3.1,
ORD100656,27-02-2025,CUST1535,Customer_656,Ahmedabad,Grocery,Football,Website,5,14937.67,0,74688.35,0,86.29,74774.64,Debit Card,New,Delivered,3.1,
ORD100657,13-02-2025,CUST1343,Customer_657,Ahmedabad,Books,Football,Store,1,4438.83,10,4438.83,443.88,107.24,4102.19,Debit Card,New,Delivered,2.9,
ORD100658,22-06-2025,CUST1395,Customer_658,Hyderabad,Grocery,Novel,Website,2,2366.63,20,4733.26,946.65,60.49,3847.1,Debit Card,Returning,Delivered,2,
ORD100659,09-06-2025,CUST1943,Customer_659,Chennai,Accessories,Laptop,Store,5,3728.79,0,18643.95,0,47.74,18691.69,Debit Card,Returning,Delivered,3.6,
ORD100660,22-06-2025,CUST1258,Customer_660,Pune,Accessories,T-Shirt,Website,5,14051.46,25,70257.3,17564.32,234.01,52926.99,Credit Card,Returning,Delivered,3.6,
ORD100661,13-11-2025,CUST1198,Customer_661,Surat,Clothing,Laptop,Mobile App,1,7874.38,25,7874.38,1968.6,74.35,5980.13,Debit Card,Returning,Delivered,2,
ORD100662,30-10-2025,CUST1053,Customer_662,Jaipur,Accessories,Novel,Mobile App,4,5567.55,25,22270.2,5567.55,276.76,16979.41,Credit Card,New,Delivered,3.8,
ORD100663,29-05-2025,CUST1651,Customer_663,Bengaluru,Accessories,Headphones,Mobile App,2,13119.86,20,26239.72,5247.94,129.36,21121.14,Debit Card,VIP,Returned,4.4,
ORD100664,21-03-2025,CUST1271,Customer_664,Delhi,Sports,Football,Mobile App,3,6015.61,5,18046.83,902.34,211.06,17355.55,Debit Card,VIP,Returned,3.4,
ORD100665,01-08-2025,CUST1201,Customer_665,Chennai,Grocery,Skincare Kit,Mobile App,3,5124.88,0,15374.64,0,90.86,15465.5,Cash on Delivery,Returning,Delivered,1.5,
ORD100666,22-07-2025,CUST1396,Customer_666,Bengaluru,Home & Kitchen,Laptop,Marketplace,1,3228.15,10,3228.15,322.82,94.89,3000.22,Net Banking,Returning,Delivered,2.3,
ORD100667,09-09-2025,CUST1378,Customer_667,Ahmedabad,Accessories,Skincare Kit,Website,2,5760.28,10,11520.56,1152.06,185.17,10553.67,UPI,Returning,Cancelled,1.4,
ORD100668,17-08-2025,CUST1891,Customer_668,Jaipur,Beauty,Groceries Pack,Mobile App,2,4852.76,20,9705.52,1941.1,181.37,7945.79,UPI,New,Delivered,2.2,
ORD100669,13-06-2025,CUST1676,Customer_669,Pune,Clothing,T-Shirt,Marketplace,1,10207.96,25,10207.96,2551.99,237.56,7893.53,UPI,New,Delivered,1.8,
ORD100670,15-08-2025,CUST1604,Customer_670,Jaipur,Grocery,Football,Marketplace,2,4450.3,10,8900.6,890.06,234.61,8245.15,Net Banking,New,Returned,3.2,
ORD100671,27-05-2025,CUST1535,Customer_671,Jaipur,Sports,Shoes,Website,4,8721.42,5,34885.68,1744.28,211.09,33352.49,Credit Card,VIP,Delivered,2.7,
ORD100672,20-01-2025,CUST1923,Customer_672,Pune,Electronics,Laptop,Store,1,1128.5,0,1128.5,0,151.27,1279.77,UPI,New,Delivered,3.9,
ORD100673,16-02-2025,CUST1088,Customer_673,Jaipur,Beauty,Football,Website,4,2990.64,0,11962.56,0,270.47,12233.03,UPI,New,Delivered,2.5,
ORD100674,21-08-2025,CUST1398,Customer_674,Chennai,Clothing,Laptop,Website,2,6199.97,10,12399.94,1239.99,198.1,11358.05,UPI,Returning,Delivered,1.6,
ORD100675,01-11-2025,CUST1182,Customer_675,Delhi,Clothing,Shoes,Store,1,14063.7,10,14063.7,1406.37,297.35,12954.68,Credit Card,New,Delivered,1.9,
ORD100676,14-01-2025,CUST1867,Customer_676,Bengaluru,Grocery,Groceries Pack,Store,2,5752.19,20,11504.38,2300.88,251.23,9454.73,Net Banking,New,Delivered,3.2,
ORD100677,23-05-2025,CUST1283,Customer_677,Chennai,Beauty,Blender,Mobile App,1,10011.5,10,10011.5,1001.15,41.96,9052.31,Net Banking,Returning,Delivered,2.8,
ORD100678,01-01-2025,CUST1533,Customer_678,Bengaluru,Beauty,Football,Store,2,3938.05,20,7876.1,1575.22,116.56,6417.44,Credit Card,Returning,Returned,1.2,
ORD100679,23-02-2025,CUST1561,Customer_679,Hyderabad,Clothing,Football,Store,4,2036.45,10,8145.8,814.58,184.41,7515.63,Cash on Delivery,Returning,Cancelled,1.8,
ORD100680,16-09-2025,CUST1190,Customer_680,Mumbai,Sports,T-Shirt,Website,4,1019.27,20,4077.08,815.42,224.8,3486.46,Debit Card,Returning,Delivered,2.2,
ORD100681,24-05-2025,CUST1205,Customer_681,Mumbai,Electronics,Novel,Website,2,4685.39,0,9370.78,0,178.59,9549.37,Credit Card,Returning,Delivered,3.9,
ORD100682,12-01-2025,CUST1968,Customer_682,Delhi,Grocery,Laptop,Website,1,2491.27,20,2491.27,498.25,242.26,2235.28,Debit Card,New,Returned,3.9,
ORD100683,26-11-2025,CUST1044,Customer_683,Surat,Accessories,Shoes,Store,3,2734.06,15,8202.18,1230.33,106.32,7078.17,Net Banking,Returning,Delivered,3.8,
ORD100684,12-08-2025,CUST1300,Customer_684,Chennai,Accessories,Watch,Marketplace,4,11447.28,0,45789.12,0,79.66,45868.78,Debit Card,New,Delivered,4.3,
ORD100685,29-09-2025,CUST1640,Customer_685,Delhi,Sports,Shoes,Mobile App,4,385.2,0,1540.8,0,44.56,1585.36,UPI,New,Delivered,4.5,
ORD100686,24-12-2025,CUST1994,Customer_686,Delhi,Accessories,Headphones,Website,3,8433.48,25,25300.44,6325.11,184.79,19160.12,Debit Card,New,Delivered,1.3,
ORD100687,05-06-2025,CUST1701,Customer_687,Bengaluru,Accessories,Skincare Kit,Marketplace,2,5785,0,11570,0,215.92,11785.92,Debit Card,New,Delivered,3,
ORD100688,08-01-2025,CUST1682,Customer_688,Surat,Books,Laptop,Mobile App,1,7672.27,10,7672.27,767.23,118.06,7023.1,Net Banking,New,Cancelled,1.6,
ORD100689,02-05-2025,CUST1279,Customer_689,Hyderabad,Home & Kitchen,T-Shirt,Website,2,8508.03,5,17016.06,850.8,195.67,16360.93,Cash on Delivery,New,Returned,2.4,
ORD100690,14-12-2025,CUST1713,Customer_690,Ahmedabad,Home & Kitchen,Groceries Pack,Marketplace,5,4803.51,15,24017.55,3602.63,44.08,20459,Debit Card,Returning,Cancelled,3.7,
ORD100691,13-06-2025,CUST1385,Customer_691,Hyderabad,Home & Kitchen,Watch,Mobile App,4,4532.37,20,18129.48,3625.9,56.81,14560.39,Net Banking,Returning,Returned,3.4,
ORD100692,31-03-2025,CUST1637,Customer_692,Jaipur,Clothing,Skincare Kit,Website,5,11041.02,5,55205.1,2760.26,219.47,52664.31,UPI,New,Delivered,1.5,
ORD100693,16-05-2025,CUST1804,Customer_693,Jaipur,Grocery,Headphones,Website,4,13088.46,5,52353.84,2617.69,129.38,49865.53,Debit Card,VIP,Delivered,4,
ORD100694,05-07-2025,CUST1311,Customer_694,Hyderabad,Grocery,Groceries Pack,Marketplace,4,3009.84,25,12039.36,3009.84,211.26,9240.78,Debit Card,Returning,Delivered,4.1,
ORD100695,12-11-2025,CUST1878,Customer_695,Hyderabad,Electronics,Headphones,Store,5,1599.64,15,7998.2,1199.73,254.56,7053.03,UPI,VIP,Delivered,1.6,
ORD100696,27-06-2025,CUST1528,Customer_696,Delhi,Electronics,Football,Store,5,13482.27,20,67411.35,13482.27,260.21,54189.29,Credit Card,Returning,Delivered,3.5,
ORD100697,28-01-2025,CUST1857,Customer_697,Mumbai,Grocery,Laptop,Website,2,5345.95,10,10691.9,1069.19,76.49,9699.2,Cash on Delivery,New,Cancelled,4.8,
ORD100698,08-08-2025,CUST1274,Customer_698,Chennai,Books,Blender,Marketplace,5,8337.06,0,41685.3,0,161.3,41846.6,UPI,VIP,Delivered,1.4,
ORD100699,23-12-2025,CUST1482,Customer_699,Jaipur,Clothing,Football,Store,2,5489.22,5,10978.44,548.92,228.16,10657.68,UPI,VIP,Delivered,1.7,
ORD100700,10-02-2025,CUST1806,Customer_700,Surat,Clothing,T-Shirt,Store,2,2018.16,15,4036.32,605.45,238.97,3669.84,UPI,Returning,Delivered,4.1,
ORD100701,16-08-2025,CUST1451,Customer_701,Hyderabad,Accessories,Shoes,Store,2,8901.57,0,17803.14,0,241.86,18045,Credit Card,New,Cancelled,2.3,
ORD100702,11-07-2025,CUST1532,Customer_702,Pune,Accessories,Blender,Marketplace,4,7948.34,5,31793.36,1589.67,91.61,30295.3,UPI,New,Delivered,4.8,
ORD100703,25-05-2025,CUST1531,Customer_703,Bengaluru,Clothing,T-Shirt,Marketplace,4,3164.45,0,12657.8,0,81.98,12739.78,Credit Card,Returning,Delivered,3.5,
ORD100704,20-07-2025,CUST1525,Customer_704,Ahmedabad,Electronics,Skincare Kit,Mobile App,5,6860.26,10,34301.3,3430.13,189.3,31060.47,Cash on Delivery,New,Delivered,2.9,
ORD100705,31-07-2025,CUST1017,Customer_705,Kolkata,Accessories,T-Shirt,Store,4,11984.67,20,47938.68,9587.74,230.09,38581.03,Credit Card,Returning,Delivered,2.4,
ORD100706,08-08-2025,CUST1718,Customer_706,Surat,Clothing,Novel,Marketplace,5,8917.83,0,44589.15,0,116.17,44705.32,Cash on Delivery,Returning,Delivered,2,
ORD100707,28-08-2025,CUST1030,Customer_707,Bengaluru,Beauty,Football,Mobile App,4,1589.22,15,6356.88,953.53,58.27,5461.62,Cash on Delivery,New,Returned,3.6,
ORD100708,15-02-2025,CUST1470,Customer_708,Mumbai,Accessories,Laptop,Website,1,8288.12,25,8288.12,2072.03,223.52,6439.61,Cash on Delivery,Returning,Cancelled,3.4,
ORD100709,04-02-2025,CUST1811,Customer_709,Bengaluru,Beauty,Headphones,Mobile App,1,10585.66,0,10585.66,0,110.92,10696.58,Net Banking,Returning,Delivered,2.4,
ORD100710,10-09-2025,CUST1304,Customer_710,Pune,Beauty,Shoes,Store,5,11921.65,15,59608.25,8941.24,74.92,50741.93,Cash on Delivery,New,Delivered,4.7,
ORD100711,23-03-2025,CUST1555,Customer_711,Mumbai,Clothing,Blender,Marketplace,4,9492.4,25,37969.6,9492.4,69.89,28547.09,Credit Card,Returning,Delivered,4,
ORD100712,13-09-2025,CUST1093,Customer_712,Chennai,Beauty,Watch,Store,4,2416.97,25,9667.88,2416.97,115.03,7365.94,Net Banking,Returning,Returned,2,
ORD100713,16-07-2025,CUST1882,Customer_713,Delhi,Grocery,Shoes,Store,2,10696.07,0,21392.14,0,190.02,21582.16,UPI,Returning,Delivered,4.8,
ORD100714,30-10-2025,CUST1578,Customer_714,Jaipur,Books,Shoes,Website,3,10208.53,0,30625.59,0,126.77,30752.36,UPI,Returning,Cancelled,4,
ORD100715,10-01-2025,CUST1631,Customer_715,Bengaluru,Clothing,Groceries Pack,Marketplace,5,512.74,0,2563.7,0,35.58,2599.28,Debit Card,New,Delivered,4.6,
ORD100716,08-11-2025,CUST1821,Customer_716,Pune,Books,Shoes,Marketplace,3,6264.45,15,18793.35,2819,56.17,16030.52,Cash on Delivery,New,Delivered,1.5,
ORD100717,13-10-2025,CUST1584,Customer_717,Delhi,Beauty,Shoes,Website,3,5094.31,15,15282.93,2292.44,108.44,13098.93,Debit Card,VIP,Delivered,1.1,
ORD100718,30-08-2025,CUST1846,Customer_718,Pune,Clothing,Shoes,Marketplace,5,10090.77,15,50453.85,7568.08,208.12,43093.89,Cash on Delivery,Returning,Delivered,3,
ORD100719,08-09-2025,CUST1162,Customer_719,Kolkata,Sports,Headphones,Mobile App,4,3359.62,5,13438.48,671.92,56.6,12823.16,Cash on Delivery,New,Cancelled,2.8,
ORD100720,31-12-2025,CUST1973,Customer_720,Mumbai,Home & Kitchen,Novel,Store,5,8924.45,0,44622.25,0,181.38,44803.63,Credit Card,Returning,Cancelled,4.5,
ORD100721,05-01-2025,CUST1842,Customer_721,Chennai,Sports,Shoes,Website,3,13711.11,10,41133.33,4113.33,62.37,37082.37,Credit Card,Returning,Returned,1.7,
ORD100722,29-04-2025,CUST1328,Customer_722,Surat,Home & Kitchen,Blender,Website,4,11997.37,10,47989.48,4798.95,87.14,43277.67,UPI,New,Delivered,1.1,
ORD100723,16-10-2025,CUST1967,Customer_723,Jaipur,Home & Kitchen,Novel,Store,1,13833.65,15,13833.65,2075.05,76.49,11835.09,Net Banking,VIP,Returned,3.1,
ORD100724,06-03-2025,CUST1781,Customer_724,Delhi,Beauty,Shoes,Website,5,14680.81,10,73404.05,7340.4,48.15,66111.8,UPI,New,Delivered,1.7,
ORD100725,26-05-2025,CUST1730,Customer_725,Bengaluru,Home & Kitchen,Blender,Marketplace,5,308.45,5,1542.25,77.11,211.26,1676.4,Cash on Delivery,Returning,Delivered,1.2,
ORD100726,12-08-2025,CUST1254,Customer_726,Surat,Home & Kitchen,Blender,Marketplace,4,9397.71,5,37590.84,1879.54,155.12,35866.42,Net Banking,Returning,Delivered,1.1,
ORD100727,27-08-2025,CUST1440,Customer_727,Mumbai,Sports,Skincare Kit,Store,1,6280.67,0,6280.67,0,254.38,6535.05,Debit Card,New,Cancelled,1.6,
ORD100728,26-06-2025,CUST1571,Customer_728,Surat,Home & Kitchen,Football,Website,1,12918.84,5,12918.84,645.94,56.7,12329.6,Cash on Delivery,Returning,Delivered,2.5,
ORD100729,24-09-2025,CUST1544,Customer_729,Kolkata,Clothing,T-Shirt,Mobile App,4,3889.45,0,15557.8,0,69.08,15626.88,Credit Card,Returning,Delivered,4.5,
ORD100730,07-12-2025,CUST1851,Customer_730,Delhi,Books,Watch,Store,2,14718.29,5,29436.58,1471.83,112.74,28077.49,UPI,Returning,Returned,4,
ORD100731,09-10-2025,CUST1120,Customer_731,Kolkata,Grocery,T-Shirt,Marketplace,5,9263.56,0,46317.8,0,236.78,46554.58,UPI,New,Cancelled,3.1,
ORD100732,04-03-2025,CUST1975,Customer_732,Chennai,Books,Groceries Pack,Marketplace,5,11934.03,0,59670.15,0,112.55,59782.7,Debit Card,VIP,Delivered,2.7,
ORD100733,05-08-2025,CUST1822,Customer_733,Hyderabad,Accessories,Laptop,Marketplace,3,1421.15,15,4263.45,639.52,140.27,3764.2,UPI,New,Returned,2.8,
ORD100734,08-12-2025,CUST1514,Customer_734,Delhi,Clothing,Watch,Mobile App,4,2874.35,5,11497.4,574.87,111.43,11033.96,UPI,Returning,Delivered,4.5,
ORD100735,11-11-2025,CUST1630,Customer_735,Chennai,Accessories,Novel,Marketplace,3,11412.29,15,34236.87,5135.53,51.66,29153,Net Banking,VIP,Delivered,3.9,
ORD100736,10-10-2025,CUST1549,Customer_736,Delhi,Grocery,Watch,Store,3,476.5,15,1429.5,214.42,283.65,1498.73,Cash on Delivery,New,Delivered,1.7,
ORD100737,26-06-2025,CUST1979,Customer_737,Hyderabad,Accessories,T-Shirt,Store,1,12280.64,10,12280.64,1228.06,178.11,11230.69,Net Banking,New,Delivered,4.8,
ORD100738,08-04-2025,CUST1097,Customer_738,Jaipur,Beauty,Blender,Store,5,357.14,25,1785.7,446.42,242.71,1581.99,Net Banking,VIP,Delivered,4.1,
ORD100739,15-04-2025,CUST1871,Customer_739,Pune,Grocery,T-Shirt,Marketplace,3,9908.21,0,29724.63,0,207.76,29932.39,UPI,VIP,Returned,1.1,
ORD100740,09-04-2025,CUST1370,Customer_740,Delhi,Grocery,Watch,Mobile App,1,5571.64,15,5571.64,835.75,168.85,4904.74,Cash on Delivery,Returning,Cancelled,3,
ORD100741,07-11-2025,CUST1417,Customer_741,Hyderabad,Accessories,Laptop,Mobile App,4,9230.7,25,36922.8,9230.7,54.21,27746.31,UPI,Returning,Delivered,3.6,
ORD100742,06-01-2025,CUST1257,Customer_742,Jaipur,Sports,Watch,Marketplace,3,10486.07,20,31458.21,6291.64,203.54,25370.11,UPI,Returning,Delivered,1.2,
ORD100743,16-07-2025,CUST1128,Customer_743,Surat,Grocery,Blender,Website,5,5235.76,0,26178.8,0,71.95,26250.75,Net Banking,New,Delivered,2.4,
ORD100744,17-12-2025,CUST1359,Customer_744,Delhi,Grocery,Novel,Website,3,1753.24,5,5259.72,262.99,141.88,5138.61,Credit Card,New,Cancelled,3.6,
ORD100745,13-05-2025,CUST1156,Customer_745,Pune,Electronics,Blender,Store,4,1184.24,0,4736.96,0,199.86,4936.82,Credit Card,New,Delivered,4.3,
ORD100746,24-12-2025,CUST1657,Customer_746,Kolkata,Books,Shoes,Mobile App,3,8895.7,10,26687.1,2668.71,241.2,24259.59,Net Banking,New,Delivered,4.9,
ORD100747,16-09-2025,CUST1057,Customer_747,Surat,Sports,Groceries Pack,Marketplace,5,7881.73,15,39408.65,5911.3,214.96,33712.31,Net Banking,Returning,Returned,1.5,
ORD100748,23-01-2025,CUST1582,Customer_748,Surat,Books,Laptop,Mobile App,1,11171.68,5,11171.68,558.58,211.31,10824.41,UPI,Returning,Returned,3.5,
ORD100749,22-02-2025,CUST1948,Customer_749,Delhi,Electronics,Blender,Mobile App,5,7719.57,10,38597.85,3859.78,70.24,34808.31,Cash on Delivery,Returning,Delivered,4.6,
ORD100750,14-06-2025,CUST1556,Customer_750,Mumbai,Accessories,Laptop,Website,1,6423.32,15,6423.32,963.5,123.45,5583.27,UPI,Returning,Returned,3.9,
ORD100751,21-07-2025,CUST1724,Customer_751,Jaipur,Home & Kitchen,Skincare Kit,Mobile App,2,6061.59,5,12123.18,606.16,41.59,11558.61,UPI,VIP,Delivered,3.5,
ORD100752,24-03-2025,CUST1687,Customer_752,Chennai,Electronics,Watch,Mobile App,5,542.74,20,2713.7,542.74,224.26,2395.22,Debit Card,New,Returned,1.9,
ORD100753,25-05-2025,CUST1653,Customer_753,Kolkata,Home & Kitchen,Groceries Pack,Marketplace,5,5133.02,15,25665.1,3849.76,287.2,22102.54,UPI,New,Delivered,4.3,
ORD100754,26-03-2025,CUST1076,Customer_754,Bengaluru,Books,Headphones,Marketplace,4,14643.9,0,58575.6,0,101.31,58676.91,Cash on Delivery,Returning,Returned,3.2,
ORD100755,19-03-2025,CUST1158,Customer_755,Delhi,Accessories,Shoes,Mobile App,3,13122.3,10,39366.9,3936.69,53.68,35483.89,UPI,New,Delivered,1.4,
ORD100756,01-01-2025,CUST1085,Customer_756,Surat,Grocery,Novel,Mobile App,1,5041.26,0,5041.26,0,158.4,5199.66,Net Banking,New,Delivered,4.7,
ORD100757,20-02-2025,CUST1322,Customer_757,Pune,Sports,T-Shirt,Marketplace,1,8878.76,10,8878.76,887.88,261.31,8252.19,Cash on Delivery,Returning,Delivered,5,
ORD100758,22-06-2025,CUST1309,Customer_758,Ahmedabad,Sports,Football,Website,4,12732.36,25,50929.44,12732.36,179.03,38376.11,Net Banking,New,Delivered,3.2,
ORD100759,24-07-2025,CUST1530,Customer_759,Pune,Beauty,Football,Marketplace,4,6702.92,20,26811.68,5362.34,42.63,21491.97,Debit Card,VIP,Delivered,4.1,
ORD100760,17-09-2025,CUST1284,Customer_760,Delhi,Books,Headphones,Marketplace,3,416.67,5,1250.01,62.5,293.05,1480.56,Debit Card,Returning,Delivered,3.3,
ORD100761,15-10-2025,CUST1900,Customer_761,Ahmedabad,Beauty,Watch,Marketplace,3,1256.48,5,3769.44,188.47,253.74,3834.71,Cash on Delivery,New,Returned,2.7,
ORD100762,03-02-2025,CUST1042,Customer_762,Delhi,Accessories,Shoes,Marketplace,5,7729.33,0,38646.65,0,65.53,38712.18,Credit Card,Returning,Delivered,2.6,
ORD100763,14-12-2025,CUST1894,Customer_763,Pune,Grocery,Laptop,Marketplace,2,14546.17,10,29092.34,2909.23,278.89,26462,Credit Card,Returning,Delivered,4.9,
ORD100764,05-04-2025,CUST1885,Customer_764,Pune,Books,Novel,Website,3,10444.16,0,31332.48,0,151.69,31484.17,Cash on Delivery,Returning,Delivered,2.5,
ORD100765,13-03-2025,CUST1134,Customer_765,Surat,Accessories,Watch,Store,4,1203.11,10,4812.44,481.24,130.41,4461.61,Cash on Delivery,VIP,Returned,3,
ORD100766,08-02-2025,CUST1614,Customer_766,Jaipur,Grocery,Watch,Marketplace,3,2962.01,0,8886.03,0,154.48,9040.51,Net Banking,Returning,Returned,2,
ORD100767,03-06-2025,CUST1649,Customer_767,Ahmedabad,Home & Kitchen,Groceries Pack,Marketplace,1,11604.15,5,11604.15,580.21,255.33,11279.27,Debit Card,New,Returned,2,
ORD100768,07-09-2025,CUST1404,Customer_768,Chennai,Books,Laptop,Website,2,12645.38,0,25290.76,0,208.06,25498.82,Cash on Delivery,New,Delivered,2.4,
ORD100769,11-06-2025,CUST1493,Customer_769,Pune,Books,Football,Store,5,9322.76,25,46613.8,11653.45,46,35006.35,UPI,Returning,Delivered,4.7,
ORD100770,28-04-2025,CUST1222,Customer_770,Delhi,Home & Kitchen,Laptop,Mobile App,1,9719.68,15,9719.68,1457.95,288.55,8550.28,Net Banking,New,Delivered,2.6,
ORD100771,16-09-2025,CUST1229,Customer_771,Bengaluru,Clothing,Laptop,Website,1,570.81,5,570.81,28.54,69.9,612.17,Debit Card,Returning,Cancelled,3.2,
ORD100772,02-11-2025,CUST1806,Customer_772,Delhi,Grocery,Groceries Pack,Marketplace,2,12453.67,0,24907.34,0,231.3,25138.64,Net Banking,Returning,Cancelled,3.2,
ORD100773,25-09-2025,CUST1452,Customer_773,Jaipur,Clothing,Watch,Mobile App,5,11855.89,10,59279.45,5927.94,201.76,53553.27,Debit Card,Returning,Returned,3.3,
ORD100774,23-02-2025,CUST1998,Customer_774,Bengaluru,Books,Watch,Website,4,3996.67,0,15986.68,0,80.63,16067.31,UPI,New,Delivered,4.3,
ORD100775,24-08-2025,CUST1306,Customer_775,Delhi,Clothing,Skincare Kit,Mobile App,5,10673.85,10,53369.25,5336.92,76.1,48108.43,Debit Card,Returning,Delivered,4.6,
ORD100776,10-08-2025,CUST1828,Customer_776,Mumbai,Sports,Laptop,Website,3,3340.59,20,10021.77,2004.35,264.99,8282.41,Net Banking,New,Cancelled,1.8,
ORD100777,08-09-2025,CUST1909,Customer_777,Delhi,Books,Football,Website,1,748.9,10,748.9,74.89,143.32,817.33,Debit Card,Returning,Delivered,4.4,
ORD100778,09-11-2025,CUST1119,Customer_778,Chennai,Electronics,T-Shirt,Mobile App,3,3136.88,10,9410.64,941.06,206.74,8676.32,Net Banking,Returning,Delivered,3.2,
ORD100779,22-04-2025,CUST1611,Customer_779,Hyderabad,Home & Kitchen,Watch,Store,4,2802.64,10,11210.56,1121.06,166.1,10255.6,Cash on Delivery,Returning,Returned,4.7,
ORD100780,12-09-2025,CUST1862,Customer_780,Surat,Beauty,Shoes,Mobile App,3,5165.56,25,15496.68,3874.17,226.39,11848.9,UPI,New,Delivered,4.7,
ORD100781,30-10-2025,CUST1938,Customer_781,Pune,Accessories,Shoes,Mobile App,5,6363.98,25,31819.9,7954.98,159.4,24024.32,Net Banking,Returning,Delivered,2.6,
ORD100782,26-07-2025,CUST1324,Customer_782,Jaipur,Accessories,Novel,Store,3,7701.8,10,23105.4,2310.54,107.59,20902.45,Credit Card,Returning,Cancelled,3.6,
ORD100783,17-08-2025,CUST1921,Customer_783,Ahmedabad,Home & Kitchen,Laptop,Mobile App,4,7229.8,5,28919.2,1445.96,128.11,27601.35,Credit Card,New,Cancelled,4.5,
ORD100784,07-12-2025,CUST1159,Customer_784,Delhi,Books,Novel,Store,4,4169.52,10,16678.08,1667.81,261.95,15272.22,Debit Card,VIP,Cancelled,2.5,
ORD100785,07-03-2025,CUST1239,Customer_785,Mumbai,Electronics,Groceries Pack,Store,4,583.18,0,2332.72,0,156.37,2489.09,Cash on Delivery,Returning,Delivered,1.2,
ORD100786,16-03-2025,CUST1396,Customer_786,Mumbai,Home & Kitchen,Football,Store,5,9135.76,10,45678.8,4567.88,87.63,41198.55,Cash on Delivery,Returning,Returned,2.4,
ORD100787,13-04-2025,CUST1320,Customer_787,Ahmedabad,Beauty,Laptop,Marketplace,4,6026.81,10,24107.24,2410.72,282.34,21978.86,Credit Card,New,Delivered,2.5,
ORD100788,11-07-2025,CUST1847,Customer_788,Pune,Accessories,Football,Website,1,4585.28,0,4585.28,0,245.08,4830.36,Debit Card,VIP,Delivered,4.2,
ORD100789,09-09-2025,CUST1189,Customer_789,Pune,Beauty,Skincare Kit,Marketplace,4,13024.07,0,52096.28,0,45.03,52141.31,Cash on Delivery,Returning,Returned,2.2,
ORD100790,14-08-2025,CUST1309,Customer_790,Delhi,Accessories,Blender,Website,3,11239.14,10,33717.42,3371.74,299.71,30645.39,Cash on Delivery,Returning,Delivered,4.6,
ORD100791,21-10-2025,CUST1249,Customer_791,Kolkata,Electronics,Blender,Marketplace,3,12887.82,20,38663.46,7732.69,217.63,31148.4,Debit Card,Returning,Cancelled,3.2,
ORD100792,02-11-2025,CUST1538,Customer_792,Hyderabad,Beauty,Laptop,Store,3,7500.49,10,22501.47,2250.15,73.27,20324.59,Net Banking,New,Delivered,3.3,
ORD100793,08-04-2025,CUST1701,Customer_793,Surat,Sports,Skincare Kit,Marketplace,5,2094.33,15,10471.65,1570.75,94.04,8994.94,Credit Card,New,Delivered,4.2,
ORD100794,04-12-2025,CUST1506,Customer_794,Hyderabad,Beauty,Shoes,Website,3,10488.89,5,31466.67,1573.33,216.96,30110.3,Cash on Delivery,New,Delivered,1.5,
ORD100795,13-10-2025,CUST1394,Customer_795,Surat,Grocery,Laptop,Marketplace,5,3210.2,10,16051,1605.1,240.54,14686.44,Net Banking,New,Delivered,1.1,
ORD100796,01-12-2025,CUST1652,Customer_796,Hyderabad,Electronics,Novel,Mobile App,5,6702.26,10,33511.3,3351.13,94.54,30254.71,Net Banking,Returning,Delivered,1.2,
ORD100797,13-12-2025,CUST1406,Customer_797,Mumbai,Electronics,Novel,Mobile App,4,1115.26,15,4461.04,669.16,99.38,3891.26,Net Banking,New,Delivered,1.1,
ORD100798,04-11-2025,CUST2000,Customer_798,Surat,Home & Kitchen,Shoes,Store,1,12405.83,0,12405.83,0,112.92,12518.75,Net Banking,Returning,Delivered,3.8,
ORD100799,06-09-2025,CUST1181,Customer_799,Surat,Beauty,Football,Marketplace,4,2020.22,10,8080.88,808.09,191.46,7464.25,UPI,Returning,Delivered,2,
ORD100800,15-06-2025,CUST1021,Customer_800,Jaipur,Beauty,T-Shirt,Marketplace,4,13561,5,54244,2712.2,76.39,51608.19,UPI,New,Delivered,4.4,
ORD100801,01-12-2025,CUST1675,Customer_801,Hyderabad,Books,Novel,Website,5,12983.82,5,64919.1,3245.96,58.15,61731.29,Debit Card,New,Delivered,4.5,
ORD100802,30-01-2025,CUST1583,Customer_802,Delhi,Books,Football,Website,5,7049.05,25,35245.25,8811.31,213.29,26647.23,Credit Card,Returning,Delivered,2.4,
ORD100803,04-09-2025,CUST1594,Customer_803,Surat,Electronics,Blender,Marketplace,3,11203.87,0,33611.61,0,240.36,33851.97,Debit Card,New,Delivered,1.8,
ORD100804,16-04-2025,CUST1155,Customer_804,Kolkata,Books,Blender,Website,3,9348.76,5,28046.28,1402.31,165.25,26809.22,UPI,New,Delivered,3,
ORD100805,20-02-2025,CUST1828,Customer_805,Mumbai,Home & Kitchen,Groceries Pack,Mobile App,4,12075.67,10,48302.68,4830.27,128.23,43600.64,Debit Card,Returning,Cancelled,4.3,
ORD100806,22-03-2025,CUST1867,Customer_806,Chennai,Grocery,Skincare Kit,Mobile App,2,6562.31,20,13124.62,2624.92,146.65,10646.35,Debit Card,Returning,Delivered,3.7,
ORD100807,13-05-2025,CUST1559,Customer_807,Delhi,Home & Kitchen,Skincare Kit,Store,2,11819.26,5,23638.52,1181.93,134.87,22591.46,Net Banking,Returning,Delivered,1.1,
ORD100808,12-10-2025,CUST1194,Customer_808,Hyderabad,Sports,Headphones,Mobile App,3,7017.48,15,21052.44,3157.87,289.2,18183.77,Cash on Delivery,Returning,Delivered,1,
ORD100809,18-05-2025,CUST1224,Customer_809,Pune,Grocery,Blender,Website,2,14123.34,20,28246.68,5649.34,237.38,22834.72,UPI,Returning,Returned,1.5,
ORD100810,03-07-2025,CUST1399,Customer_810,Hyderabad,Sports,Shoes,Website,3,7372.63,5,22117.89,1105.89,86.18,21098.18,UPI,New,Delivered,2.3,
ORD100811,26-11-2025,CUST1749,Customer_811,Jaipur,Electronics,Watch,Website,5,7019.9,5,35099.5,1754.98,133.73,33478.25,Debit Card,VIP,Delivered,3.1,
ORD100812,30-09-2025,CUST1280,Customer_812,Delhi,Home & Kitchen,T-Shirt,Website,4,11808.32,5,47233.28,2361.66,176.88,45048.5,Cash on Delivery,Returning,Delivered,4.3,
ORD100813,06-12-2025,CUST1980,Customer_813,Mumbai,Home & Kitchen,Groceries Pack,Marketplace,1,12350.43,20,12350.43,2470.09,195.51,10075.85,Debit Card,Returning,Cancelled,1.6,
ORD100814,10-03-2025,CUST1010,Customer_814,Jaipur,Sports,Football,Marketplace,4,8384.16,0,33536.64,0,156.41,33693.05,Credit Card,Returning,Delivered,1.6,
ORD100815,03-02-2025,CUST1376,Customer_815,Ahmedabad,Grocery,Shoes,Marketplace,3,2820,5,8460,423,248.73,8285.73,UPI,Returning,Cancelled,4.5,
ORD100816,19-09-2025,CUST1472,Customer_816,Mumbai,Books,Groceries Pack,Marketplace,3,7096.21,15,21288.63,3193.29,237.25,18332.59,Net Banking,VIP,Cancelled,4.7,
ORD100817,22-02-2025,CUST1152,Customer_817,Surat,Sports,Groceries Pack,Mobile App,4,14525.88,10,58103.52,5810.35,166.39,52459.56,Net Banking,New,Delivered,3.2,
ORD100818,24-07-2025,CUST1856,Customer_818,Ahmedabad,Accessories,Football,Website,3,11331.84,10,33995.52,3399.55,260.7,30856.67,Net Banking,New,Cancelled,4.1,
ORD100819,06-05-2025,CUST1616,Customer_819,Pune,Electronics,Blender,Mobile App,2,12195.76,10,24391.52,2439.15,232.79,22185.16,UPI,New,Cancelled,2.4,
ORD100820,23-08-2025,CUST1124,Customer_820,Jaipur,Grocery,Groceries Pack,Website,2,637.46,0,1274.92,0,240.22,1515.14,UPI,New,Returned,4.8,
ORD100821,12-02-2025,CUST1697,Customer_821,Mumbai,Home & Kitchen,Football,Marketplace,3,7097.71,10,21293.13,2129.31,288.23,19452.05,Net Banking,Returning,Delivered,4.6,
ORD100822,28-08-2025,CUST1802,Customer_822,Bengaluru,Electronics,Groceries Pack,Mobile App,3,9752.32,10,29256.96,2925.7,101.95,26433.21,UPI,New,Delivered,4.4,
ORD100823,21-04-2025,CUST1553,Customer_823,Bengaluru,Sports,T-Shirt,Website,2,12475.99,20,24951.98,4990.4,102.27,20063.85,Net Banking,VIP,Delivered,1.1,
ORD100824,06-09-2025,CUST1424,Customer_824,Chennai,Accessories,Groceries Pack,Marketplace,3,881.71,5,2645.13,132.26,270.02,2782.89,Credit Card,Returning,Delivered,3.1,
ORD100825,31-05-2025,CUST1523,Customer_825,Ahmedabad,Beauty,Laptop,Store,3,12808.72,20,38426.16,7685.23,238.5,30979.43,Credit Card,New,Delivered,1.1,
ORD100826,02-07-2025,CUST1730,Customer_826,Kolkata,Sports,Blender,Website,4,8293.75,10,33175,3317.5,280.17,30137.67,Credit Card,New,Delivered,3.7,
ORD100827,02-12-2025,CUST1513,Customer_827,Delhi,Home & Kitchen,Headphones,Store,1,3080.11,0,3080.11,0,47.05,3127.16,Debit Card,New,Cancelled,1.7,
ORD100828,05-04-2025,CUST1926,Customer_828,Hyderabad,Electronics,Laptop,Website,2,4861.24,15,9722.48,1458.37,199.49,8463.6,Debit Card,VIP,Returned,3.6,
ORD100829,08-01-2025,CUST1171,Customer_829,Surat,Books,T-Shirt,Marketplace,4,4336.65,0,17346.6,0,69.05,17415.65,Cash on Delivery,Returning,Delivered,1.4,
ORD100830,26-12-2025,CUST1850,Customer_830,Pune,Books,Football,Mobile App,1,8033.26,25,8033.26,2008.32,166.05,6190.99,Cash on Delivery,New,Cancelled,4,
ORD100831,03-07-2025,CUST1794,Customer_831,Bengaluru,Home & Kitchen,T-Shirt,Website,3,917.53,20,2752.59,550.52,72.05,2274.12,Cash on Delivery,New,Delivered,3.9,
ORD100832,08-10-2025,CUST1565,Customer_832,Kolkata,Sports,Watch,Store,3,2504.26,5,7512.78,375.64,64.58,7201.72,Credit Card,New,Delivered,1,
ORD100833,14-07-2025,CUST1125,Customer_833,Kolkata,Sports,Watch,Marketplace,4,12218.49,5,48873.96,2443.7,33.29,46463.55,Credit Card,New,Returned,4.2,
ORD100834,18-12-2025,CUST1175,Customer_834,Ahmedabad,Clothing,Groceries Pack,Website,3,2119.17,5,6357.51,317.88,200.16,6239.79,Credit Card,Returning,Delivered,1.7,
ORD100835,14-07-2025,CUST1504,Customer_835,Chennai,Sports,T-Shirt,Store,5,3615.93,5,18079.65,903.98,126.94,17302.61,UPI,Returning,Delivered,1.4,
ORD100836,04-06-2025,CUST1777,Customer_836,Surat,Home & Kitchen,Skincare Kit,Website,4,6882.55,5,27530.2,1376.51,58.4,26212.09,UPI,Returning,Delivered,3,
ORD100837,03-04-2025,CUST1777,Customer_837,Kolkata,Grocery,Headphones,Store,1,7829.25,5,7829.25,391.46,117.17,7554.96,Credit Card,VIP,Delivered,3.4,
ORD100838,09-06-2025,CUST1385,Customer_838,Pune,Accessories,Novel,Website,4,11489.62,10,45958.48,4595.85,75.61,41438.24,Net Banking,New,Cancelled,1.4,
ORD100839,02-03-2025,CUST1711,Customer_839,Ahmedabad,Grocery,Watch,Mobile App,2,6792.89,0,13585.78,0,284.26,13870.04,Cash on Delivery,Returning,Delivered,2.2,
ORD100840,02-05-2025,CUST1768,Customer_840,Jaipur,Electronics,Blender,Mobile App,4,11879.49,20,47517.96,9503.59,116.4,38130.77,Debit Card,Returning,Returned,2.6,
ORD100841,20-02-2025,CUST1684,Customer_841,Pune,Electronics,Headphones,Mobile App,3,9332.44,20,27997.32,5599.46,120.17,22518.03,Cash on Delivery,New,Delivered,4.8,
ORD100842,04-10-2025,CUST1571,Customer_842,Hyderabad,Clothing,Football,Mobile App,3,1829.53,10,5488.59,548.86,256.76,5196.49,Net Banking,New,Delivered,2,
ORD100843,05-01-2025,CUST1952,Customer_843,Chennai,Books,T-Shirt,Marketplace,5,2471.52,20,12357.6,2471.52,204.89,10090.97,UPI,Returning,Returned,2,
ORD100844,02-04-2025,CUST1106,Customer_844,Surat,Home & Kitchen,Blender,Mobile App,5,6639.95,0,33199.75,0,221.75,33421.5,Credit Card,New,Returned,3.6,
ORD100845,19-06-2025,CUST1947,Customer_845,Chennai,Accessories,Groceries Pack,Website,5,6043.81,0,30219.05,0,201.72,30420.77,UPI,Returning,Delivered,3.9,
ORD100846,13-11-2025,CUST1637,Customer_846,Chennai,Sports,Laptop,Marketplace,1,11191.63,10,11191.63,1119.16,285.47,10357.94,UPI,Returning,Delivered,1,
ORD100847,22-01-2025,CUST1528,Customer_847,Ahmedabad,Beauty,Headphones,Website,5,8773.95,10,43869.75,4386.98,85.89,39568.66,Net Banking,New,Cancelled,1.5,
ORD100848,22-11-2025,CUST1038,Customer_848,Chennai,Electronics,Blender,Store,1,5913.78,10,5913.78,591.38,297.04,5619.44,UPI,New,Delivered,2.4,
ORD100849,01-01-2025,CUST1395,Customer_849,Delhi,Home & Kitchen,Shoes,Mobile App,5,2685.79,20,13428.95,2685.79,254.36,10997.52,UPI,New,Delivered,3.5,
ORD100850,13-05-2025,CUST1755,Customer_850,Pune,Grocery,Laptop,Website,1,3518.53,25,3518.53,879.63,189.02,2827.92,Cash on Delivery,Returning,Cancelled,1.5,
ORD100851,21-08-2025,CUST1921,Customer_851,Surat,Clothing,Football,Website,4,8696.19,10,34784.76,3478.48,208.84,31515.12,Cash on Delivery,New,Delivered,2.4,
ORD100852,12-01-2025,CUST1477,Customer_852,Pune,Beauty,Groceries Pack,Website,4,6438.07,15,25752.28,3862.84,205.18,22094.62,Net Banking,VIP,Cancelled,1.3,
ORD100853,12-12-2025,CUST1467,Customer_853,Jaipur,Books,Laptop,Store,3,7796.67,0,23390.01,0,45.77,23435.78,Credit Card,Returning,Cancelled,3.3,
ORD100854,15-02-2025,CUST1722,Customer_854,Chennai,Home & Kitchen,Novel,Store,1,2684.56,0,2684.56,0,88.86,2773.42,Cash on Delivery,New,Cancelled,2.7,
ORD100855,03-02-2025,CUST1505,Customer_855,Chennai,Accessories,Groceries Pack,Store,2,9994.16,15,19988.32,2998.25,289.6,17279.67,UPI,Returning,Delivered,4.2,
ORD100856,19-03-2025,CUST1315,Customer_856,Hyderabad,Sports,Headphones,Website,3,12810.2,10,38430.6,3843.06,174.28,34761.82,Debit Card,Returning,Returned,3.3,
ORD100857,06-08-2025,CUST1285,Customer_857,Chennai,Books,Laptop,Store,4,3980.4,10,15921.6,1592.16,132.16,14461.6,Cash on Delivery,New,Delivered,3.6,
ORD100858,28-10-2025,CUST1464,Customer_858,Chennai,Grocery,Skincare Kit,Mobile App,1,7448.99,5,7448.99,372.45,235.75,7312.29,Debit Card,Returning,Cancelled,3.7,
ORD100859,14-03-2025,CUST1680,Customer_859,Pune,Electronics,Football,Store,5,14636.58,10,73182.9,7318.29,171.62,66036.23,Credit Card,Returning,Delivered,3.4,
ORD100860,09-10-2025,CUST1264,Customer_860,Pune,Grocery,Headphones,Store,2,5098.64,0,10197.28,0,33.55,10230.83,UPI,New,Delivered,1.1,
ORD100861,06-09-2025,CUST1610,Customer_861,Bengaluru,Sports,Blender,Website,4,8986.44,10,35945.76,3594.58,228.78,32579.96,Cash on Delivery,New,Cancelled,4.3,
ORD100862,16-02-2025,CUST1646,Customer_862,Bengaluru,Clothing,Blender,Website,3,1489.41,0,4468.23,0,227.7,4695.93,Credit Card,New,Cancelled,4.7,
ORD100863,01-05-2025,CUST1429,Customer_863,Pune,Electronics,Football,Website,1,9149.32,0,9149.32,0,74.59,9223.91,Net Banking,New,Returned,3.1,
ORD100864,02-08-2025,CUST1365,Customer_864,Surat,Beauty,Laptop,Website,2,1481.03,5,2962.06,148.1,288.3,3102.26,Credit Card,New,Delivered,1.4,
ORD100865,27-08-2025,CUST1181,Customer_865,Kolkata,Electronics,Watch,Mobile App,1,14394.65,0,14394.65,0,90.46,14485.11,Net Banking,Returning,Delivered,3.6,
ORD100866,25-02-2025,CUST1734,Customer_866,Hyderabad,Grocery,Novel,Website,5,10777.59,20,53887.95,10777.59,153.59,43263.95,Net Banking,New,Cancelled,2.5,
ORD100867,16-12-2025,CUST1876,Customer_867,Jaipur,Sports,Blender,Marketplace,3,11854.17,0,35562.51,0,60.98,35623.49,Cash on Delivery,New,Cancelled,1.3,
ORD100868,17-04-2025,CUST1994,Customer_868,Kolkata,Books,T-Shirt,Marketplace,1,10605.95,0,10605.95,0,192.89,10798.84,Debit Card,New,Delivered,4.4,
ORD100869,15-11-2025,CUST1661,Customer_869,Bengaluru,Home & Kitchen,Groceries Pack,Website,4,8907.48,10,35629.92,3562.99,131.37,32198.3,Net Banking,Returning,Delivered,3.8,
ORD100870,17-02-2025,CUST1244,Customer_870,Chennai,Grocery,T-Shirt,Website,3,6831.2,10,20493.6,2049.36,125.36,18569.6,UPI,New,Delivered,4.2,
ORD100871,02-03-2025,CUST1313,Customer_871,Pune,Home & Kitchen,Football,Mobile App,4,12896.84,0,51587.36,0,253.28,51840.64,Cash on Delivery,New,Delivered,4.2,
ORD100872,03-12-2025,CUST1076,Customer_872,Bengaluru,Home & Kitchen,Watch,Marketplace,1,14359.01,0,14359.01,0,32.58,14391.59,Net Banking,Returning,Delivered,2.4,
ORD100873,26-01-2025,CUST1881,Customer_873,Chennai,Accessories,Football,Store,3,7560.69,25,22682.07,5670.52,245.45,17257,Cash on Delivery,Returning,Returned,2.9,
ORD100874,19-10-2025,CUST1262,Customer_874,Delhi,Grocery,Watch,Mobile App,4,13983.3,15,55933.2,8389.98,184.29,47727.51,UPI,Returning,Returned,1.9,
ORD100875,14-09-2025,CUST1231,Customer_875,Ahmedabad,Grocery,Novel,Store,5,8812.49,5,44062.45,2203.12,296.25,42155.58,Cash on Delivery,New,Cancelled,4,
ORD100876,08-01-2025,CUST1703,Customer_876,Chennai,Grocery,Watch,Website,5,8145.01,10,40725.05,4072.5,189.15,36841.7,Cash on Delivery,New,Returned,3.1,
ORD100877,23-04-2025,CUST1380,Customer_877,Kolkata,Clothing,Novel,Marketplace,1,6899.07,5,6899.07,344.95,44.95,6599.07,Net Banking,New,Delivered,3.6,
ORD100878,21-12-2025,CUST1646,Customer_878,Mumbai,Clothing,Shoes,Store,3,3257.92,5,9773.76,488.69,43.67,9328.74,Credit Card,Returning,Delivered,2.4,
ORD100879,10-09-2025,CUST1309,Customer_879,Chennai,Home & Kitchen,Laptop,Marketplace,2,205.24,10,410.48,41.05,268.45,637.88,Cash on Delivery,New,Delivered,3.7,
ORD100880,29-06-2025,CUST1764,Customer_880,Surat,Beauty,Shoes,Store,3,3736.37,20,11209.11,2241.82,257.13,9224.42,Net Banking,New,Delivered,3.7,
ORD100881,26-07-2025,CUST1388,Customer_881,Mumbai,Sports,Skincare Kit,Mobile App,5,7719.39,0,38596.95,0,123.39,38720.34,UPI,Returning,Delivered,4.1,
ORD100882,30-10-2025,CUST1757,Customer_882,Delhi,Beauty,Watch,Website,4,5792.41,20,23169.64,4633.93,196.87,18732.58,UPI,New,Delivered,1.6,
ORD100883,07-05-2025,CUST1777,Customer_883,Surat,Grocery,Skincare Kit,Marketplace,2,6810.01,0,13620.02,0,162.19,13782.21,Credit Card,Returning,Cancelled,3.5,
ORD100884,25-02-2025,CUST1325,Customer_884,Surat,Grocery,Skincare Kit,Mobile App,1,14712.63,0,14712.63,0,291.13,15003.76,UPI,New,Delivered,4.5,
ORD100885,02-08-2025,CUST1842,Customer_885,Delhi,Accessories,Football,Marketplace,2,5351.54,0,10703.08,0,286.49,10989.57,Net Banking,VIP,Delivered,1.4,
ORD100886,14-01-2025,CUST1879,Customer_886,Bengaluru,Home & Kitchen,Laptop,Store,1,6864.92,0,6864.92,0,295.64,7160.56,Credit Card,VIP,Delivered,4.8,
ORD100887,28-01-2025,CUST1456,Customer_887,Hyderabad,Sports,Watch,Store,2,2132.71,20,4265.42,853.08,263.94,3676.28,Net Banking,Returning,Delivered,1.8,
ORD100888,19-03-2025,CUST1512,Customer_888,Delhi,Clothing,Laptop,Website,1,862.17,10,862.17,86.22,275.58,1051.53,Credit Card,VIP,Delivered,4.7,
ORD100889,04-08-2025,CUST1343,Customer_889,Kolkata,Electronics,Football,Store,1,11664.83,0,11664.83,0,88.67,11753.5,Credit Card,New,Returned,4.5,
ORD100890,31-12-2025,CUST1516,Customer_890,Mumbai,Electronics,Shoes,Website,2,8624.65,25,17249.3,4312.32,254.37,13191.35,Net Banking,Returning,Delivered,4.1,
ORD100891,03-06-2025,CUST1442,Customer_891,Chennai,Sports,Skincare Kit,Website,2,11446.47,20,22892.94,4578.59,221.39,18535.74,Credit Card,New,Delivered,1.8,
ORD100892,14-01-2025,CUST1549,Customer_892,Hyderabad,Beauty,Skincare Kit,Mobile App,1,2375.46,15,2375.46,356.32,289.95,2309.09,Net Banking,Returning,Cancelled,1.9,
ORD100893,06-07-2025,CUST1583,Customer_893,Mumbai,Accessories,Groceries Pack,Website,5,8641.66,25,43208.3,10802.08,184.24,32590.46,UPI,New,Delivered,2,
ORD100894,08-11-2025,CUST1262,Customer_894,Delhi,Sports,Headphones,Mobile App,2,3916.59,0,7833.18,0,53,7886.18,UPI,New,Returned,4.2,
ORD100895,07-01-2025,CUST1749,Customer_895,Hyderabad,Beauty,Shoes,Marketplace,3,3536.72,20,10610.16,2122.03,191.3,8679.43,Cash on Delivery,VIP,Delivered,1.8,
ORD100896,03-01-2025,CUST1819,Customer_896,Surat,Grocery,Shoes,Store,4,321.16,15,1284.64,192.7,215.38,1307.32,Debit Card,New,Delivered,3.3,
ORD100897,21-04-2025,CUST1463,Customer_897,Bengaluru,Books,Football,Store,1,2085.56,20,2085.56,417.11,89.49,1757.94,Debit Card,Returning,Cancelled,4.1,
ORD100898,26-08-2025,CUST1867,Customer_898,Ahmedabad,Beauty,Laptop,Store,1,4742.63,15,4742.63,711.39,136.41,4167.65,UPI,Returning,Delivered,2.8,
ORD100899,29-12-2025,CUST1690,Customer_899,Ahmedabad,Accessories,Blender,Website,4,1885.65,5,7542.6,377.13,191.6,7357.07,Cash on Delivery,New,Cancelled,4.4,
ORD100900,27-08-2025,CUST1608,Customer_900,Delhi,Electronics,Shoes,Mobile App,5,14790,15,73950,11092.5,131.01,62988.51,Debit Card,Returning,Delivered,3.2,
ORD100901,01-10-2025,CUST1910,Customer_901,Jaipur,Clothing,Headphones,Mobile App,4,4733.19,5,18932.76,946.64,131.24,18117.36,Net Banking,New,Cancelled,3.4,
ORD100902,21-10-2025,CUST1227,Customer_902,Bengaluru,Home & Kitchen,Blender,Mobile App,2,2085.31,5,4170.62,208.53,65.93,4028.02,Net Banking,VIP,Returned,3.7,
ORD100903,15-08-2025,CUST1523,Customer_903,Ahmedabad,Grocery,Groceries Pack,Website,4,3106.37,0,12425.48,0,284,12709.48,Credit Card,VIP,Cancelled,4.4,
ORD100904,15-01-2025,CUST1778,Customer_904,Jaipur,Clothing,Novel,Store,1,8877.39,25,8877.39,2219.35,232.63,6890.67,Debit Card,Returning,Delivered,1,
ORD100905,11-07-2025,CUST1189,Customer_905,Surat,Home & Kitchen,Groceries Pack,Store,4,1101.05,5,4404.2,220.21,30.34,4214.33,Net Banking,Returning,Delivered,2.6,
ORD100906,29-04-2025,CUST1209,Customer_906,Hyderabad,Books,Football,Mobile App,3,12957.15,10,38871.45,3887.14,236.72,35221.03,Debit Card,New,Delivered,4.9,
ORD100907,28-01-2025,CUST1013,Customer_907,Ahmedabad,Electronics,Watch,Website,2,14428.27,5,28856.54,1442.83,229.74,27643.45,Credit Card,New,Returned,1.4,
ORD100908,21-07-2025,CUST1889,Customer_908,Surat,Grocery,Football,Store,4,3814.2,25,15256.8,3814.2,32.63,11475.23,UPI,New,Returned,1.9,
ORD100909,08-02-2025,CUST1162,Customer_909,Surat,Home & Kitchen,Headphones,Website,1,6833.91,5,6833.91,341.7,129.79,6622,Cash on Delivery,Returning,Cancelled,3.3,
ORD100910,30-09-2025,CUST1572,Customer_910,Hyderabad,Books,T-Shirt,Marketplace,2,478.7,15,957.4,143.61,193.82,1007.61,Credit Card,New,Delivered,4.4,
ORD100911,19-08-2025,CUST1493,Customer_911,Ahmedabad,Grocery,Watch,Marketplace,1,9664.55,20,9664.55,1932.91,152.24,7883.88,Credit Card,Returning,Delivered,1.4,
ORD100912,27-03-2025,CUST1435,Customer_912,Surat,Beauty,Novel,Website,5,6296.8,10,31484,3148.4,240.06,28575.66,Credit Card,Returning,Delivered,1,
ORD100913,06-05-2025,CUST1005,Customer_913,Surat,Sports,Headphones,Marketplace,3,4160.37,5,12481.11,624.06,144.87,12001.92,Cash on Delivery,New,Delivered,3.7,
ORD100914,27-10-2025,CUST1202,Customer_914,Delhi,Grocery,Football,Store,5,3221.53,15,16107.65,2416.15,71.54,13763.04,Net Banking,New,Delivered,3.4,
ORD100915,25-01-2025,CUST1416,Customer_915,Mumbai,Grocery,Skincare Kit,Mobile App,3,9862.24,20,29586.72,5917.34,293.63,23963.01,Debit Card,New,Delivered,2.1,
ORD100916,25-05-2025,CUST1012,Customer_916,Bengaluru,Home & Kitchen,Watch,Website,4,6330.82,15,25323.28,3798.49,95.35,21620.14,UPI,Returning,Cancelled,4.8,
ORD100917,13-01-2025,CUST1948,Customer_917,Mumbai,Clothing,Shoes,Marketplace,2,2817.94,0,5635.88,0,223.78,5859.66,UPI,New,Delivered,3.2,
ORD100918,31-07-2025,CUST1397,Customer_918,Pune,Electronics,Shoes,Mobile App,4,10383.27,20,41533.08,8306.62,68.65,33295.11,Cash on Delivery,New,Returned,3.7,
ORD100919,25-01-2025,CUST1341,Customer_919,Bengaluru,Electronics,T-Shirt,Store,3,8541.32,5,25623.96,1281.2,118.83,24461.59,UPI,Returning,Returned,2.5,
ORD100920,09-03-2025,CUST1752,Customer_920,Hyderabad,Grocery,Skincare Kit,Store,3,12901.28,10,38703.84,3870.38,149.35,34982.81,Cash on Delivery,New,Delivered,4.7,
ORD100921,08-03-2025,CUST1950,Customer_921,Chennai,Grocery,T-Shirt,Website,3,1894.52,20,5683.56,1136.71,81.9,4628.75,Cash on Delivery,New,Delivered,2.1,
ORD100922,21-08-2025,CUST1373,Customer_922,Mumbai,Books,Groceries Pack,Mobile App,1,11817.15,0,11817.15,0,151.49,11968.64,Debit Card,Returning,Delivered,4,
ORD100923,19-04-2025,CUST1378,Customer_923,Mumbai,Sports,Shoes,Store,2,10151.72,15,20303.44,3045.52,72.43,17330.35,Debit Card,Returning,Delivered,1.5,
ORD100924,26-05-2025,CUST1225,Customer_924,Jaipur,Beauty,Shoes,Website,4,1857.91,10,7431.64,743.16,180.93,6869.41,Cash on Delivery,Returning,Cancelled,3.2,
ORD100925,21-04-2025,CUST1182,Customer_925,Kolkata,Grocery,Headphones,Marketplace,4,10468.09,20,41872.36,8374.47,209.2,33707.09,Debit Card,New,Cancelled,3.3,
ORD100926,16-08-2025,CUST1297,Customer_926,Pune,Beauty,Headphones,Mobile App,5,6706.98,0,33534.9,0,46.86,33581.76,Net Banking,New,Delivered,1.8,
ORD100927,21-04-2025,CUST1816,Customer_927,Chennai,Accessories,Football,Store,3,14183.02,5,42549.06,2127.45,265.21,40686.82,Credit Card,Returning,Delivered,2.3,
ORD100928,03-02-2025,CUST1307,Customer_928,Kolkata,Electronics,Blender,Marketplace,3,2252.93,20,6758.79,1351.76,79.99,5487.02,UPI,New,Delivered,1.7,
ORD100929,21-04-2025,CUST1431,Customer_929,Ahmedabad,Beauty,T-Shirt,Mobile App,3,9696.08,0,29088.24,0,90.85,29179.09,UPI,VIP,Returned,4.4,
ORD100930,21-09-2025,CUST1690,Customer_930,Jaipur,Grocery,Skincare Kit,Mobile App,4,5822.4,0,23289.6,0,208.56,23498.16,UPI,New,Delivered,3.6,
ORD100931,24-08-2025,CUST1118,Customer_931,Surat,Grocery,Skincare Kit,Mobile App,5,14358.7,25,71793.5,17948.38,156.56,54001.68,UPI,New,Delivered,2.8,
ORD100932,24-03-2025,CUST1352,Customer_932,Surat,Books,Laptop,Store,1,5050.13,5,5050.13,252.51,164.84,4962.46,Net Banking,New,Delivered,3.2,
ORD100933,11-02-2025,CUST1588,Customer_933,Kolkata,Sports,T-Shirt,Mobile App,2,14438.46,25,28876.92,7219.23,64.6,21722.29,Net Banking,VIP,Cancelled,2.4,
ORD100934,11-04-2025,CUST1046,Customer_934,Kolkata,Electronics,Blender,Marketplace,1,13537.06,0,13537.06,0,247.55,13784.61,Credit Card,Returning,Delivered,2.7,
ORD100935,06-01-2025,CUST1227,Customer_935,Surat,Beauty,Football,Store,4,4165.19,5,16660.76,833.04,196.6,16024.32,Cash on Delivery,New,Delivered,3.5,
ORD100936,29-06-2025,CUST1356,Customer_936,Chennai,Home & Kitchen,Shoes,Mobile App,3,12082.6,15,36247.8,5437.17,66.55,30877.18,Debit Card,Returning,Returned,1.8,
ORD100937,09-10-2025,CUST1294,Customer_937,Surat,Home & Kitchen,Novel,Marketplace,2,14934.72,15,29869.44,4480.42,130.98,25520,Credit Card,New,Delivered,1.5,
ORD100938,16-11-2025,CUST1240,Customer_938,Delhi,Books,T-Shirt,Store,4,3902.05,10,15608.2,1560.82,248.81,14296.19,UPI,Returning,Returned,4.8,
ORD100939,14-08-2025,CUST1348,Customer_939,Pune,Beauty,Skincare Kit,Mobile App,4,6636.14,10,26544.56,2654.46,183.46,24073.56,Debit Card,New,Returned,1.9,
ORD100940,11-11-2025,CUST1141,Customer_940,Mumbai,Home & Kitchen,Skincare Kit,Website,4,7874.68,20,31498.72,6299.74,59.34,25258.32,Credit Card,New,Delivered,3,
ORD100941,31-12-2025,CUST1204,Customer_941,Surat,Sports,Groceries Pack,Website,2,4529.73,0,9059.46,0,130.65,9190.11,UPI,New,Delivered,4,
ORD100942,17-08-2025,CUST1662,Customer_942,Delhi,Clothing,Shoes,Mobile App,2,376.68,10,753.36,75.34,95.53,773.55,Credit Card,New,Delivered,3.2,
ORD100943,16-10-2025,CUST1642,Customer_943,Surat,Sports,Football,Website,5,3418.92,0,17094.6,0,169.72,17264.32,UPI,New,Delivered,3.5,
ORD100944,30-05-2025,CUST1861,Customer_944,Chennai,Books,Watch,Store,5,4336.76,10,21683.8,2168.38,257.71,19773.13,UPI,New,Delivered,1.7,
ORD100945,04-10-2025,CUST1845,Customer_945,Ahmedabad,Sports,Laptop,Mobile App,1,6737.46,5,6737.46,336.87,147.79,6548.38,Net Banking,New,Returned,2.6,
ORD100946,17-07-2025,CUST1995,Customer_946,Delhi,Beauty,Laptop,Marketplace,2,2690.87,5,5381.74,269.09,147,5259.65,UPI,VIP,Delivered,3.8,
ORD100947,11-03-2025,CUST1269,Customer_947,Pune,Grocery,Headphones,Website,2,13117.83,10,26235.66,2623.57,274.44,23886.53,Credit Card,Returning,Returned,1.8,
ORD100948,22-04-2025,CUST1313,Customer_948,Bengaluru,Sports,Shoes,Mobile App,2,10617.93,0,21235.86,0,185.57,21421.43,Debit Card,VIP,Delivered,2.9,
ORD100949,04-01-2025,CUST1418,Customer_949,Delhi,Beauty,Skincare Kit,Store,5,1415.23,0,7076.15,0,182.87,7259.02,Net Banking,New,Delivered,3.4,
ORD100950,16-12-2025,CUST1915,Customer_950,Hyderabad,Electronics,Shoes,Mobile App,4,9803.87,15,39215.48,5882.32,100.72,33433.88,Debit Card,New,Cancelled,4.2,
ORD100951,27-11-2025,CUST1137,Customer_951,Hyderabad,Beauty,Skincare Kit,Marketplace,3,9856.8,5,29570.4,1478.52,194.09,28285.97,Cash on Delivery,Returning,Cancelled,1.9,
ORD100952,14-11-2025,CUST1628,Customer_952,Bengaluru,Books,Headphones,Marketplace,5,14349.88,20,71749.4,14349.88,185.5,57585.02,Debit Card,Returning,Delivered,4.9,
ORD100953,16-12-2025,CUST1351,Customer_953,Kolkata,Beauty,Groceries Pack,Mobile App,2,194.86,15,389.72,58.46,137.15,468.41,Cash on Delivery,Returning,Delivered,4.9,
ORD100954,05-04-2025,CUST1161,Customer_954,Hyderabad,Electronics,T-Shirt,Mobile App,5,3831.8,0,19159,0,297.49,19456.49,Cash on Delivery,Returning,Cancelled,1,
ORD100955,01-06-2025,CUST1667,Customer_955,Kolkata,Grocery,Football,Mobile App,1,13927.7,10,13927.7,1392.77,268.11,12803.04,Net Banking,Returning,Delivered,2.5,
ORD100956,07-11-2025,CUST1173,Customer_956,Surat,Clothing,Laptop,Mobile App,2,13992.19,0,27984.38,0,232.39,28216.77,Debit Card,Returning,Cancelled,1.3,
ORD100957,17-05-2025,CUST1130,Customer_957,Surat,Books,Novel,Store,1,10850.71,15,10850.71,1627.61,175.08,9398.18,UPI,Returning,Delivered,2.3,
ORD100958,04-09-2025,CUST1079,Customer_958,Unkonwn,Accessories,Shoes,Mobile App,2,11521.59,25,23043.18,5760.8,154.76,17437.14,Net Banking,VIP,Cancelled,3.4,
ORD100959,31-08-2025,CUST1979,Customer_959,Hyderabad,Electronics,Blender,Store,5,1508.52,10,7542.6,754.26,79.92,6868.26,Net Banking,VIP,Delivered,3.4,
ORD100960,31-01-2025,CUST1569,Customer_960,Bengaluru,Beauty,Football,Mobile App,4,7781.06,15,31124.24,4668.64,112.55,26568.15,UPI,New,Delivered,1.4,
ORD100961,09-02-2025,CUST1863,Customer_961,Mumbai,Books,T-Shirt,Store,3,3589.01,0,10767.03,0,238.97,11006,Debit Card,New,Cancelled,3.7,
ORD100962,17-08-2025,CUST1057,Customer_962,Pune,Home & Kitchen,Groceries Pack,Marketplace,1,2841.09,10,2841.09,284.11,152.51,2709.49,Net Banking,New,Delivered,4.4,
ORD100963,05-02-2025,CUST1400,Customer_963,Delhi,Beauty,Groceries Pack,Website,5,12183,20,60915,12183,268.21,49000.21,Cash on Delivery,New,Cancelled,3.5,
ORD100964,11-08-2025,CUST1363,Customer_964,Hyderabad,Electronics,Novel,Mobile App,4,2155.32,0,8621.28,0,69.94,8691.22,UPI,New,Cancelled,2.2,
ORD100965,06-01-2025,CUST1335,Customer_965,Jaipur,Accessories,Laptop,Mobile App,5,7109.48,5,35547.4,1777.37,167.25,33937.28,Credit Card,New,Returned,1,
ORD100966,18-11-2025,CUST1134,Customer_966,Bengaluru,Accessories,Headphones,Marketplace,1,14087.89,10,14087.89,1408.79,204.68,12883.78,Net Banking,New,Returned,3.6,
ORD100967,08-08-2025,CUST1014,Customer_967,Bengaluru,Beauty,Headphones,Website,3,2909.61,15,8728.83,1309.32,169.55,7589.06,Cash on Delivery,Returning,Delivered,3.7,
ORD100968,16-03-2025,CUST1283,Customer_968,Pune,Grocery,T-Shirt,Marketplace,5,14673.2,5,73366,3668.3,270.09,69967.79,Debit Card,New,Delivered,3.8,
ORD100969,04-01-2025,CUST1806,Customer_969,Hyderabad,Electronics,Headphones,Marketplace,2,14915.18,25,29830.36,7457.59,297.18,22669.95,Debit Card,Returning,Delivered,1.2,
ORD100970,01-12-2025,CUST1659,Customer_970,Chennai,Sports,Laptop,Mobile App,4,8400.91,0,33603.64,0,61.28,33664.92,UPI,New,Delivered,3.1,
ORD100971,14-05-2025,CUST1421,Customer_971,Hyderabad,Clothing,Blender,Mobile App,5,2676.62,5,13383.1,669.16,65.09,12779.03,Cash on Delivery,Returning,Delivered,2.7,
ORD100972,28-04-2025,CUST1127,Customer_972,Chennai,Clothing,Skincare Kit,Marketplace,4,4844.16,15,19376.64,2906.5,65.19,16535.33,UPI,Returning,Returned,4.1,
ORD100973,04-04-2025,CUST1772,Customer_973,Kolkata,Accessories,Football,Mobile App,2,6453.72,0,12907.44,0,213.92,13121.36,Net Banking,New,Delivered,3.9,
ORD100974,03-03-2025,CUST1826,Customer_974,Bengaluru,Books,Watch,Mobile App,3,4743.46,15,14230.38,2134.56,130.62,12226.44,UPI,VIP,Returned,4.8,
ORD100975,13-07-2025,CUST1218,Customer_975,Surat,Electronics,Football,Mobile App,3,4317.44,0,12952.32,0,227.99,13180.31,Credit Card,New,Cancelled,4.6,
ORD100976,01-12-2025,CUST1905,Customer_976,Ahmedabad,Accessories,Headphones,Website,2,14587.61,0,29175.22,0,139.48,29314.7,UPI,Returning,Cancelled,3.2,
ORD100977,22-07-2025,CUST1745,Customer_977,Kolkata,Clothing,Football,Website,4,2427.47,0,9709.88,0,199.45,9909.33,UPI,Returning,Delivered,4.9,
ORD100978,26-01-2025,CUST1881,Customer_978,Chennai,Home & Kitchen,Headphones,Mobile App,5,11039.92,25,55199.6,13799.9,237.86,41637.56,Net Banking,New,Delivered,1.6,
ORD100979,22-06-2025,CUST1680,Customer_979,Bengaluru,Books,Headphones,Marketplace,2,156.09,10,312.18,31.22,178.02,458.98,Cash on Delivery,New,Delivered,1,
ORD100980,27-10-2025,CUST1655,Customer_980,Surat,Home & Kitchen,Skincare Kit,Website,1,9003.31,15,9003.31,1350.5,175.67,7828.48,Credit Card,New,Delivered,1.4,
ORD100981,13-05-2025,CUST1489,Customer_981,Jaipur,Clothing,Skincare Kit,Marketplace,4,13751.75,5,55007,2750.35,53.82,52310.47,UPI,VIP,Delivered,2.4,
ORD100982,22-11-2025,CUST1997,Customer_982,Chennai,Electronics,Novel,Store,3,4425.82,10,13277.46,1327.75,140.91,12090.62,Net Banking,Returning,Delivered,4,
ORD100983,28-04-2025,CUST1260,Customer_983,Mumbai,Books,Blender,Store,2,2905.06,10,5810.12,581.01,177.36,5406.47,Net Banking,New,Returned,2.5,
ORD100984,20-11-2025,CUST1218,Customer_984,Ahmedabad,Home & Kitchen,Blender,Mobile App,3,9827.44,25,29482.32,7370.58,154.73,22266.47,Net Banking,Returning,Returned,4.1,
ORD100985,02-10-2025,CUST1820,Customer_985,Kolkata,Grocery,Watch,Marketplace,4,10732.13,15,42928.52,6439.28,273.21,36762.45,Cash on Delivery,New,Delivered,4,
ORD100986,31-07-2025,CUST1658,Customer_986,Chennai,Clothing,Laptop,Marketplace,3,10367.25,15,31101.75,4665.26,274.76,26711.25,UPI,New,Delivered,4.2,
ORD100987,13-08-2025,CUST1489,Customer_987,Surat,Beauty,Shoes,Store,2,4891.86,0,9783.72,0,251.92,10035.64,Debit Card,VIP,Delivered,1.7,
ORD100988,20-01-2025,CUST1949,Customer_988,Ahmedabad,Home & Kitchen,Laptop,Website,4,3895.21,10,15580.84,1558.08,131.33,14154.09,Credit Card,Returning,Delivered,3.1,
ORD100989,23-04-2025,CUST1443,Customer_989,Bengaluru,Sports,Watch,Marketplace,1,14345.39,10,14345.39,1434.54,223.67,13134.52,Debit Card,New,Returned,3.9,
ORD100990,20-05-2025,CUST1099,Customer_990,Pune,Books,Blender,Marketplace,2,13861,25,27722,6930.5,136.73,20928.23,Cash on Delivery,VIP,Delivered,2.1,
ORD100991,16-02-2025,CUST1182,Customer_991,Pune,Home & Kitchen,Novel,Website,5,6941.15,5,34705.75,1735.29,92.8,33063.26,UPI,New,Delivered,4.4,
ORD100992,01-01-2025,CUST1169,Customer_992,Pune,Books,Laptop,Mobile App,2,12715.98,5,25431.96,1271.6,122.58,24282.94,Debit Card,New,Delivered,4.1,
ORD100993,31-03-2025,CUST1233,Customer_993,Delhi,Clothing,T-Shirt,Store,4,6867,5,27468,1373.4,49.16,26143.76,Debit Card,New,Cancelled,1.5,
ORD100994,22-05-2025,CUST1956,Customer_994,Pune,Accessories,Laptop,Marketplace,2,6452.18,0,12904.36,0,119.58,13023.94,Debit Card,Returning,Delivered,1.9,
ORD100995,16-11-2025,CUST1093,Customer_995,Bengaluru,Clothing,Skincare Kit,Mobile App,1,2477.93,0,2477.93,0,154.4,2632.33,Credit Card,Returning,Delivered,1.9,
ORD100996,07-02-2025,CUST1629,Customer_996,Pune,Books,Watch,Mobile App,1,6482.13,20,6482.13,1296.43,287.98,5473.68,UPI,New,Delivered,4.5,
ORD100997,20-10-2025,CUST1472,Customer_997,Chennai,Clothing,Laptop,Mobile App,5,8130.64,10,40653.2,4065.32,114.62,36702.5,Net Banking,Returning,Delivered,1.7,
ORD100998,19-05-2025,CUST1516,Customer_998,Pune,Electronics,Watch,Website,3,484.19,20,1452.57,290.51,273.66,1435.72,UPI,Returning,Returned,3.5,
ORD100999,22-12-2025,CUST1085,Customer_999,Jaipur,Books,T-Shirt,Mobile App,4,6745.08,20,26980.32,5396.06,91.79,21676.05,Debit Card,Returning,Delivered,1.3,
ORD101000,29-11-2025,CUST1679,Customer_1000,Jaipur,Electronics,Blender,Marketplace,4,11753.14,5,47012.56,2350.63,81.56,44743.49,UPI,VIP,Delivered,3.2,
ORD101001,16-09-2025,CUST1519,Customer_1001,Delhi,Books,Blender,Mobile App,3,10248.68,10,30746.04,3074.6,170.13,27841.57,Net Banking,New,Returned,1.6,
ORD101002,10-06-2025,CUST1381,Customer_1002,Pune,Beauty,Headphones,Mobile App,1,9582.08,0,9582.08,0,211.58,9793.66,Credit Card,New,Delivered,3.3,
ORD101003,27-06-2025,CUST1407,Customer_1003,Bengaluru,Beauty,T-Shirt,Mobile App,1,13656.9,20,13656.9,2731.38,41.97,10967.49,UPI,Returning,Delivered,2.5,
ORD101004,10-01-2025,CUST1232,Customer_1004,Pune,Home & Kitchen,Groceries Pack,Store,2,417.78,5,835.56,41.78,89.69,883.47,UPI,New,Delivered,3.4,
ORD101005,18-09-2025,CUST1251,Customer_1005,Jaipur,Clothing,Laptop,Marketplace,5,8422.16,5,42110.8,2105.54,153.03,40158.29,Credit Card,New,Cancelled,2.6,
ORD101006,18-05-2025,CUST1085,Customer_1006,Bengaluru,Accessories,Laptop,Store,5,11842.13,5,59210.65,2960.53,119.37,56369.49,Credit Card,New,Cancelled,4.4,
ORD101007,21-06-2025,CUST1319,Customer_1007,Pune,Beauty,Headphones,Store,5,8188.83,10,40944.15,4094.42,222.41,37072.14,Debit Card,Returning,Delivered,4,
ORD101008,13-01-2025,CUST1193,Customer_1008,Chennai,Clothing,Novel,Mobile App,2,4959.85,5,9919.7,495.98,168.01,9591.73,Debit Card,New,Returned,4.4,
ORD101009,17-06-2025,CUST1635,Customer_1009,Delhi,Home & Kitchen,Skincare Kit,Mobile App,5,2173.32,5,10866.6,543.33,73.3,10396.57,Credit Card,New,Cancelled,1.9,
ORD101010,10-05-2025,CUST1937,Customer_1010,Hyderabad,Electronics,Shoes,Mobile App,3,13330.31,15,39990.93,5998.64,271.51,34263.8,Net Banking,New,Delivered,1.6,
ORD101011,25-03-2025,CUST1601,Customer_1011,Kolkata,Beauty,Football,Website,2,7140.82,20,14281.64,2856.33,109.08,11534.39,Debit Card,Returning,Delivered,3.2,
ORD101012,17-11-2025,CUST1607,Customer_1012,Bengaluru,Accessories,Skincare Kit,Marketplace,3,13190.01,5,39570.03,1978.5,227.41,37818.94,Net Banking,Returning,Delivered,4.5,
ORD101013,15-11-2025,CUST1887,Customer_1013,Bengaluru,Sports,Groceries Pack,Website,2,8849.9,10,17699.8,1769.98,240.58,16170.4,Credit Card,New,Cancelled,1.4,
ORD101014,11-04-2025,CUST1300,Customer_1014,Hyderabad,Accessories,Skincare Kit,Marketplace,5,10161.75,20,50808.75,10161.75,290.05,40937.05,UPI,Returning,Delivered,1.9,
ORD101015,25-11-2025,CUST1358,Customer_1015,Hyderabad,Sports,Headphones,Mobile App,3,12093.28,0,36279.84,0,164.6,36444.44,Credit Card,Returning,Returned,4,
ORD101016,30-09-2025,CUST1557,Customer_1016,Delhi,Sports,T-Shirt,Marketplace,3,9938.46,20,29815.38,5963.08,196.28,24048.58,Credit Card,Returning,Delivered,2.9,
ORD101017,22-09-2025,CUST1765,Customer_1017,Ahmedabad,Grocery,Groceries Pack,Marketplace,3,6061.11,0,18183.33,0,120.42,18303.75,Cash on Delivery,New,Delivered,3.4,
ORD101018,07-02-2025,CUST1453,Customer_1018,Delhi,Sports,Football,Store,2,7777.46,15,15554.92,2333.24,213.11,13434.79,Credit Card,Returning,Delivered,3.4,
ORD101019,04-04-2025,CUST1885,Customer_1019,Jaipur,Sports,Skincare Kit,Marketplace,4,12075.23,10,48300.92,4830.09,155.11,43625.94,Debit Card,VIP,Returned,2.6,
ORD101020,05-04-2025,CUST1991,Customer_1020,Jaipur,Sports,Blender,Marketplace,5,5698.71,10,28493.55,2849.36,148.17,25792.36,UPI,New,Delivered,3.8,
ORD101021,01-11-2025,CUST1563,Customer_1021,Hyderabad,Sports,T-Shirt,Store,3,5913.6,20,17740.8,3548.16,260.98,14453.62,Net Banking,New,Cancelled,4.4,
ORD101022,10-03-2025,CUST1506,Customer_1022,Chennai,Beauty,Shoes,Website,4,1571,0,6284,0,43.55,6327.55,Cash on Delivery,New,Cancelled,4.6,
ORD101023,14-11-2025,CUST1065,Customer_1023,Mumbai,Sports,Laptop,Marketplace,5,13731.58,5,68657.9,3432.9,268.13,65493.13,Debit Card,Returning,Delivered,1.2,
ORD101024,24-08-2025,CUST1566,Customer_1024,Kolkata,Accessories,Blender,Website,5,1501.89,10,7509.45,750.94,260.06,7018.57,UPI,Returning,Delivered,3.2,
ORD101025,30-11-2025,CUST1952,Customer_1025,Delhi,Books,Football,Website,3,9775.91,20,29327.73,5865.55,166.72,23628.9,Net Banking,New,Cancelled,1.2,
ORD101026,17-05-2025,CUST1222,Customer_1026,Mumbai,Books,Headphones,Mobile App,3,6285.94,0,18857.82,0,162.35,19020.17,UPI,New,Delivered,4.6,
ORD101027,17-03-2025,CUST1466,Customer_1027,Pune,Sports,Novel,Marketplace,2,6173.45,20,12346.9,2469.38,127.69,10005.21,Debit Card,VIP,Returned,2.7,
ORD101028,04-02-2025,CUST1072,Customer_1028,Ahmedabad,Grocery,Watch,Store,4,10241.34,5,40965.36,2048.27,298.43,39215.52,UPI,Returning,Delivered,4.6,
ORD101029,01-01-2025,CUST1888,Customer_1029,Pune,Home & Kitchen,Skincare Kit,Store,4,1146.34,0,4585.36,0,60.02,4645.38,Credit Card,VIP,Delivered,1.8,
ORD101030,23-10-2025,CUST1474,Customer_1030,Surat,Beauty,Watch,Mobile App,3,8966.53,15,26899.59,4034.94,189.36,23054.01,UPI,Returning,Delivered,1.6,
ORD101031,16-11-2025,CUST1680,Customer_1031,Bengaluru,Accessories,T-Shirt,Store,5,11614.67,0,58073.35,0,214.05,58287.4,Credit Card,New,Returned,4.6,
ORD101032,01-03-2025,CUST1698,Customer_1032,Hyderabad,Books,Headphones,Marketplace,3,12448.96,10,37346.88,3734.69,282.27,33894.46,Debit Card,New,Delivered,4.8,
ORD101033,16-11-2025,CUST1655,Customer_1033,Pune,Accessories,Novel,Website,5,2682.38,0,13411.9,0,240.65,13652.55,Cash on Delivery,Returning,Delivered,4.1,
ORD101034,15-12-2025,CUST1019,Customer_1034,Kolkata,Home & Kitchen,Shoes,Website,5,13476.67,5,67383.35,3369.17,203.84,64218.02,Credit Card,New,Returned,1.9,
ORD101035,24-11-2025,CUST1522,Customer_1035,Pune,Clothing,Football,Store,3,9893.77,10,29681.31,2968.13,61.54,26774.72,UPI,New,Cancelled,1.7,
ORD101036,24-09-2025,CUST1984,Customer_1036,Jaipur,Sports,Football,Store,1,13245.54,10,13245.54,1324.55,130.91,12051.9,UPI,New,Delivered,4,
ORD101037,27-12-2025,CUST1784,Customer_1037,Mumbai,Accessories,Watch,Store,4,7356.42,5,29425.68,1471.28,67.49,28021.89,UPI,VIP,Delivered,3.5,
ORD101038,17-08-2025,CUST1683,Customer_1038,Delhi,Electronics,Groceries Pack,Website,5,8199.2,5,40996,2049.8,267.93,39214.13,Debit Card,New,Delivered,4.5,
ORD101039,27-09-2025,CUST1415,Customer_1039,Delhi,Accessories,Watch,Marketplace,5,13797.72,0,68988.6,0,232.4,69221,Net Banking,New,Cancelled,2.1,
ORD101040,12-11-2025,CUST1364,Customer_1040,Delhi,Grocery,Novel,Marketplace,1,13513.66,10,13513.66,1351.37,234.53,12396.82,UPI,Returning,Delivered,2.2,
ORD101041,13-10-2025,CUST1528,Customer_1041,Hyderabad,Accessories,Novel,Marketplace,2,6805.19,25,13610.38,3402.6,206.11,10413.89,UPI,VIP,Returned,3.9,
ORD101042,18-10-2025,CUST1080,Customer_1042,Chennai,Grocery,Football,Marketplace,1,4225.03,20,4225.03,845.01,166.9,3546.92,Credit Card,VIP,Delivered,2.1,
ORD101043,01-08-2025,CUST1796,Customer_1043,Chennai,Grocery,Watch,Marketplace,1,5988.58,0,5988.58,0,70.49,6059.07,Cash on Delivery,Returning,Delivered,2.8,
ORD101044,14-06-2025,CUST1190,Customer_1044,Chennai,Sports,Blender,Mobile App,5,5908.3,0,29541.5,0,119.02,29660.52,UPI,New,Delivered,3.1,
ORD101045,05-01-2025,CUST1148,Customer_1045,Delhi,Accessories,Groceries Pack,Store,4,4409.97,25,17639.88,4409.97,66.97,13296.88,Debit Card,New,Returned,3.7,
ORD101046,05-12-2025,CUST1675,Customer_1046,Ahmedabad,Sports,Football,Marketplace,1,4138.41,10,4138.41,413.84,225.73,3950.3,Net Banking,VIP,Returned,2.4,
ORD101047,19-03-2025,CUST1443,Customer_1047,Hyderabad,Home & Kitchen,T-Shirt,Mobile App,2,12936.78,10,25873.56,2587.36,73.26,23359.46,Net Banking,Returning,Returned,4.4,
ORD101048,03-03-2025,CUST1265,Customer_1048,Delhi,Grocery,Skincare Kit,Marketplace,3,1187.45,15,3562.35,534.35,219.57,3247.57,Net Banking,Returning,Delivered,2.6,
ORD101049,12-05-2025,CUST1872,Customer_1049,Delhi,Grocery,T-Shirt,Store,1,10212.53,5,10212.53,510.63,216.91,9918.81,Debit Card,New,Returned,1.2,
ORD101050,30-03-2025,CUST1650,Customer_1050,Delhi,Grocery,Skincare Kit,Marketplace,1,2716.38,10,2716.38,271.64,154.01,2598.75,Net Banking,New,Delivered,1.3,
ORD101051,25-08-2025,CUST1509,Customer_1051,Kolkata,Clothing,Novel,Marketplace,2,5265.91,25,10531.82,2632.96,66.51,7965.37,Net Banking,Returning,Delivered,4.9,
ORD101052,11-02-2025,CUST1301,Customer_1052,Bengaluru,Home & Kitchen,Groceries Pack,Marketplace,4,1063.91,15,4255.64,638.35,115,3732.29,Credit Card,Returning,Cancelled,3.5,
ORD101053,30-03-2025,CUST1466,Customer_1053,Pune,Beauty,Headphones,Store,1,4159.11,0,4159.11,0,116.43,4275.54,Net Banking,VIP,Delivered,3,
ORD101054,23-10-2025,CUST1365,Customer_1054,Delhi,Grocery,Skincare Kit,Website,1,11561.05,0,11561.05,0,219.1,11780.15,Credit Card,Returning,Delivered,4.5,
ORD101055,24-11-2025,CUST1399,Customer_1055,Surat,Clothing,T-Shirt,Store,4,13292.48,0,53169.92,0,60.71,53230.63,Credit Card,Returning,Delivered,3.9,
ORD101056,22-10-2025,CUST1493,Customer_1056,Ahmedabad,Accessories,Football,Website,2,3439.68,15,6879.36,1031.9,253.85,6101.31,Credit Card,Returning,Delivered,1.7,
ORD101057,14-04-2025,CUST1542,Customer_1057,Bengaluru,Books,Shoes,Mobile App,1,7033.69,5,7033.69,351.68,235.47,6917.48,Debit Card,Returning,Delivered,1,
ORD101058,14-01-2025,CUST1816,Customer_1058,Ahmedabad,Clothing,Blender,Mobile App,4,7134.31,0,28537.24,0,80.3,28617.54,UPI,New,Delivered,4.9,
ORD101059,15-10-2025,CUST1480,Customer_1059,Chennai,Accessories,Watch,Marketplace,1,13122.59,25,13122.59,3280.65,224.17,10066.11,Cash on Delivery,VIP,Delivered,3.5,
ORD101060,28-06-2025,CUST1168,Customer_1060,Chennai,Clothing,Skincare Kit,Marketplace,3,11477.57,0,34432.71,0,210.5,34643.21,Net Banking,Returning,Cancelled,2.9,
ORD101061,05-05-2025,CUST1603,Customer_1061,Bengaluru,Home & Kitchen,Novel,Marketplace,5,7769.2,0,38846,0,231.99,39077.99,Cash on Delivery,VIP,Delivered,4.8,
ORD101062,19-12-2025,CUST1091,Customer_1062,Pune,Sports,Headphones,Store,3,10110.6,0,30331.8,0,81.01,30412.81,UPI,Returning,Delivered,2.5,
ORD101063,23-01-2025,CUST1723,Customer_1063,Surat,Sports,Shoes,Marketplace,1,12733.22,0,12733.22,0,72.55,12805.77,Credit Card,New,Delivered,3.9,
ORD101064,04-03-2025,CUST1842,Customer_1064,Chennai,Sports,Shoes,Website,2,291.65,5,583.3,29.16,93.85,647.99,Credit Card,New,Returned,3.7,
ORD101065,23-05-2025,CUST1300,Customer_1065,Hyderabad,Accessories,Skincare Kit,Mobile App,5,6132.92,25,30664.6,7666.15,128.79,23127.24,Credit Card,New,Delivered,3.7,
ORD101066,02-06-2025,CUST1174,Customer_1066,Bengaluru,Accessories,Shoes,Mobile App,3,13622.56,20,40867.68,8173.54,244.29,32938.43,Credit Card,New,Cancelled,3.7,
ORD101067,25-05-2025,CUST1646,Customer_1067,Bengaluru,Accessories,Blender,Mobile App,4,11143.65,10,44574.6,4457.46,229.24,40346.38,Net Banking,New,Returned,1,
ORD101068,13-08-2025,CUST1373,Customer_1068,Mumbai,Sports,Blender,Website,2,8211.19,5,16422.38,821.12,279.87,15881.13,UPI,Returning,Returned,4.3,
ORD101069,05-11-2025,CUST1024,Customer_1069,Surat,Sports,Novel,Marketplace,3,8015.22,10,24045.66,2404.57,45.83,21686.92,UPI,New,Returned,4.7,
ORD101070,14-04-2025,CUST1201,Customer_1070,Mumbai,Beauty,Shoes,Website,4,5314.39,0,21257.56,0,33.12,21290.68,UPI,New,Delivered,2.8,
ORD101071,14-04-2025,CUST1731,Customer_1071,Bengaluru,Electronics,Skincare Kit,Website,1,7879.73,0,7879.73,0,218.77,8098.5,Cash on Delivery,VIP,Delivered,3.2,
ORD101072,08-02-2025,CUST1007,Customer_1072,Pune,Books,Football,Store,4,9882.44,25,39529.76,9882.44,105.41,29752.73,Credit Card,New,Returned,2.3,
ORD101073,17-07-2025,CUST1006,Customer_1073,Bengaluru,Clothing,Novel,Store,3,6362.69,0,19088.07,0,120.2,19208.27,Debit Card,VIP,Delivered,4.1,
ORD101074,14-05-2025,CUST1630,Customer_1074,Delhi,Electronics,Groceries Pack,Mobile App,3,10755.17,0,32265.51,0,177.64,32443.15,UPI,New,Delivered,3.9,
ORD101075,08-03-2025,CUST1161,Customer_1075,Mumbai,Beauty,Watch,Website,1,12939.3,10,12939.3,1293.93,57.65,11703.02,Cash on Delivery,Returning,Delivered,4,
ORD101076,28-06-2025,CUST1597,Customer_1076,Bengaluru,Grocery,Novel,Mobile App,4,2447.07,10,9788.28,978.83,203.53,9012.98,Net Banking,New,Delivered,3.9,
ORD101077,11-02-2025,CUST1878,Customer_1077,Pune,Grocery,Shoes,Website,4,6855.47,0,27421.88,0,117.79,27539.67,Credit Card,Returning,Returned,1.9,
ORD101078,15-01-2025,CUST1248,Customer_1078,Ahmedabad,Sports,Shoes,Mobile App,1,6209.1,0,6209.1,0,200.83,6409.93,Cash on Delivery,Returning,Delivered,1.5,
ORD101079,21-04-2025,CUST1166,Customer_1079,Ahmedabad,Grocery,Watch,Mobile App,4,10358.85,5,41435.4,2071.77,255.18,39618.81,Debit Card,VIP,Delivered,2.2,
ORD101080,06-06-2025,CUST1428,Customer_1080,Hyderabad,Beauty,Blender,Marketplace,1,3860.53,15,3860.53,579.08,76.2,3357.65,Debit Card,New,Returned,3.3,
ORD101081,16-10-2025,CUST1145,Customer_1081,Pune,Books,T-Shirt,Mobile App,2,9657.73,0,19315.46,0,281.34,19596.8,Net Banking,New,Delivered,2.6,
ORD101082,19-08-2025,CUST1511,Customer_1082,Bengaluru,Books,Headphones,Store,3,13180.72,5,39542.16,1977.11,173.29,37738.34,UPI,VIP,Delivered,2,
ORD101083,06-06-2025,CUST1543,Customer_1083,Ahmedabad,Beauty,Headphones,Website,2,6359.25,10,12718.5,1271.85,279.19,11725.84,UPI,New,Delivered,1.1,
ORD101084,07-02-2025,CUST1933,Customer_1084,Chennai,Grocery,Groceries Pack,Mobile App,5,13678.58,20,68392.9,13678.58,86.09,54800.41,Cash on Delivery,New,Delivered,1.5,
ORD101085,07-04-2025,CUST1509,Customer_1085,Bengaluru,Electronics,Novel,Website,5,14898.48,5,74492.4,3724.62,193.23,70961.01,Cash on Delivery,Returning,Returned,1.4,
ORD101086,16-10-2025,CUST1907,Customer_1086,Delhi,Clothing,Skincare Kit,Mobile App,5,1725.47,0,8627.35,0,139.05,8766.4,UPI,New,Delivered,4.8,
ORD101087,11-09-2025,CUST1220,Customer_1087,Chennai,Home & Kitchen,Groceries Pack,Store,1,3610.84,10,3610.84,361.08,239.04,3488.8,UPI,New,Returned,4.1,
ORD101088,15-07-2025,CUST1645,Customer_1088,Mumbai,Home & Kitchen,Blender,Marketplace,4,14263.14,15,57052.56,8557.88,193.6,48688.28,Cash on Delivery,New,Cancelled,1.5,
ORD101089,27-03-2025,CUST1576,Customer_1089,Surat,Books,Watch,Marketplace,2,14381.17,0,28762.34,0,163.52,28925.86,Credit Card,New,Delivered,2.9,
ORD101090,18-11-2025,CUST1076,Customer_1090,Ahmedabad,Clothing,Laptop,Website,2,1600.95,5,3201.9,160.1,276.51,3318.31,Debit Card,Returning,Delivered,3.6,
ORD101091,10-01-2025,CUST1643,Customer_1091,Bengaluru,Sports,Novel,Mobile App,2,372.73,0,745.46,0,131.82,877.28,Debit Card,New,Returned,4.8,
ORD101092,05-01-2025,CUST1824,Customer_1092,Jaipur,Beauty,T-Shirt,Store,2,2542.34,0,5084.68,0,89.39,5174.07,Net Banking,Returning,Delivered,2.1,
ORD101093,03-05-2025,CUST1319,Customer_1093,Hyderabad,Grocery,Groceries Pack,Website,5,14940.79,10,74703.95,7470.4,194.19,67427.74,Debit Card,VIP,Delivered,2.1,
ORD101094,26-11-2025,CUST1873,Customer_1094,Kolkata,Sports,Laptop,Marketplace,2,2822.99,5,5645.98,282.3,198.49,5562.17,Cash on Delivery,New,Delivered,3.3,
ORD101095,19-12-2025,CUST1038,Customer_1095,Ahmedabad,Books,T-Shirt,Website,4,7612.83,20,30451.32,6090.26,148.56,24509.62,Credit Card,Returning,Delivered,4.4,
ORD101096,28-04-2025,CUST1566,Customer_1096,Ahmedabad,Accessories,Laptop,Website,5,12749,10,63745,6374.5,161.38,57531.88,Cash on Delivery,VIP,Delivered,2.1,
ORD101097,21-10-2025,CUST1642,Customer_1097,Pune,Beauty,Laptop,Mobile App,2,452.96,10,905.92,90.59,289.08,1104.41,UPI,Returning,Delivered,1.5,
ORD101098,08-06-2025,CUST1730,Customer_1098,Hyderabad,Home & Kitchen,Skincare Kit,Store,1,9126.66,5,9126.66,456.33,227.83,8898.16,UPI,VIP,Delivered,2.1,
ORD101099,30-10-2025,CUST1514,Customer_1099,Jaipur,Accessories,Shoes,Marketplace,3,4263.83,10,12791.49,1279.15,59.86,11572.2,Debit Card,New,Cancelled,2.8,
ORD101100,16-08-2025,CUST1246,Customer_1100,Delhi,Books,Watch,Marketplace,3,12955.67,0,38867.01,0,87.28,38954.29,Credit Card,Returning,Delivered,2.4,
ORD101101,31-12-2025,CUST1140,Customer_1101,Hyderabad,Books,Shoes,Store,3,4359.4,20,13078.2,2615.64,293.41,10755.97,Net Banking,Returning,Cancelled,4.4,
ORD101102,04-08-2025,CUST1808,Customer_1102,Delhi,Clothing,Blender,Mobile App,5,10348.32,25,51741.6,12935.4,226.15,39032.35,Cash on Delivery,New,Delivered,4.8,
ORD101103,03-07-2025,CUST1258,Customer_1103,Jaipur,Electronics,T-Shirt,Store,2,10162.16,0,20324.32,0,277.06,20601.38,Net Banking,Returning,Delivered,2.5,
ORD101104,15-01-2025,CUST1617,Customer_1104,Bengaluru,Books,Headphones,Store,5,3439.18,0,17195.9,0,112.04,17307.94,Net Banking,Returning,Delivered,4.3,
ORD101105,06-06-2025,CUST1381,Customer_1105,Mumbai,Electronics,Watch,Mobile App,4,666.77,0,2667.08,0,230.3,2897.38,Net Banking,New,Returned,1.3,
ORD101106,16-05-2025,CUST1848,Customer_1106,Kolkata,Clothing,Novel,Mobile App,1,6227.36,15,6227.36,934.1,222.78,5516.04,Net Banking,New,Delivered,3.2,
ORD101107,18-09-2025,CUST1478,Customer_1107,Surat,Books,Football,Marketplace,1,4444.52,15,4444.52,666.68,109.57,3887.41,Cash on Delivery,Returning,Delivered,4.3,
ORD101108,06-06-2025,CUST1185,Customer_1108,Jaipur,Accessories,Watch,Marketplace,3,12163.32,20,36489.96,7297.99,178.72,29370.69,UPI,Returning,Delivered,2.7,
ORD101109,16-02-2025,CUST1303,Customer_1109,Hyderabad,Grocery,Shoes,Mobile App,3,12035.41,15,36106.23,5415.93,199.4,30889.7,Cash on Delivery,Returning,Delivered,1.6,
ORD101110,20-11-2025,CUST1494,Customer_1110,Delhi,Books,Headphones,Website,3,6936.81,10,20810.43,2081.04,159.91,18889.3,UPI,Returning,Delivered,2.1,
ORD101111,28-11-2025,CUST1756,Customer_1111,Mumbai,Accessories,Groceries Pack,Marketplace,2,9156.71,10,18313.42,1831.34,253.34,16735.42,UPI,New,Cancelled,3,
ORD101112,22-06-2025,CUST1164,Customer_1112,Bengaluru,Accessories,Novel,Mobile App,4,9123.25,15,36493,5473.95,254.87,31273.92,Cash on Delivery,New,Delivered,4.4,
ORD101113,10-05-2025,CUST1644,Customer_1113,Bengaluru,Home & Kitchen,Shoes,Mobile App,4,12433.3,10,49733.2,4973.32,259.66,45019.54,Cash on Delivery,VIP,Delivered,4,
ORD101114,05-04-2025,CUST1203,Customer_1114,Ahmedabad,Beauty,Blender,Website,4,6461.29,10,25845.16,2584.52,246.92,23507.56,Cash on Delivery,VIP,Delivered,1.3,
ORD101115,25-04-2025,CUST1408,Customer_1115,Kolkata,Accessories,Watch,Store,4,4240.38,10,16961.52,1696.15,161.78,15427.15,UPI,Returning,Returned,3.2,
ORD101116,31-08-2025,CUST1210,Customer_1116,Surat,Grocery,Skincare Kit,Mobile App,3,4085.77,10,12257.31,1225.73,132.99,11164.57,Cash on Delivery,VIP,Delivered,4.5,
ORD101117,19-10-2025,CUST1859,Customer_1117,Jaipur,Electronics,Shoes,Website,1,8112.46,10,8112.46,811.25,254.47,7555.68,Credit Card,VIP,Delivered,3.3,
ORD101118,09-10-2025,CUST1101,Customer_1118,Chennai,Home & Kitchen,Headphones,Website,3,6819.85,10,20459.55,2045.96,162.35,18575.94,Debit Card,New,Cancelled,1.3,
ORD101119,26-10-2025,CUST1446,Customer_1119,Hyderabad,Grocery,Blender,Marketplace,4,6685.79,15,26743.16,4011.47,96.52,22828.21,Debit Card,New,Cancelled,4.3,
ORD101120,10-10-2025,CUST1898,Customer_1120,Delhi,Books,Laptop,Mobile App,3,1503.39,10,4510.17,451.02,166.98,4226.13,Credit Card,New,Cancelled,4.6,
ORD101121,10-03-2025,CUST1783,Customer_1121,Bengaluru,Clothing,Football,Marketplace,4,10821.27,10,43285.08,4328.51,68.3,39024.87,Debit Card,Returning,Delivered,2.6,
ORD101122,28-05-2025,CUST1971,Customer_1122,Mumbai,Sports,Groceries Pack,Store,5,3323.99,15,16619.95,2492.99,216.74,14343.7,UPI,Returning,Delivered,2.2,
ORD101123,11-01-2025,CUST1987,Customer_1123,Chennai,Home & Kitchen,T-Shirt,Store,1,3074.76,10,3074.76,307.48,120.7,2887.98,Cash on Delivery,New,Delivered,3.2,
ORD101124,11-09-2025,CUST1561,Customer_1124,Mumbai,Home & Kitchen,Skincare Kit,Marketplace,5,6279.46,0,31397.3,0,100.38,31497.68,Cash on Delivery,VIP,Delivered,4.9,
ORD101125,26-11-2025,CUST1368,Customer_1125,Surat,Sports,Groceries Pack,Marketplace,2,3532.51,0,7065.02,0,288.26,7353.28,Cash on Delivery,Returning,Returned,4.3,
ORD101126,26-12-2025,CUST1239,Customer_1126,Ahmedabad,Books,Shoes,Mobile App,3,8820.3,10,26460.9,2646.09,239.76,24054.57,Credit Card,Returning,Cancelled,4.2,
ORD101127,07-02-2025,CUST1727,Customer_1127,Hyderabad,Home & Kitchen,Skincare Kit,Mobile App,2,5666.23,10,11332.46,1133.25,242.51,10441.72,Credit Card,New,Delivered,1.8,
ORD101128,14-05-2025,CUST1291,Customer_1128,Bengaluru,Electronics,T-Shirt,Mobile App,3,6816.34,25,20449.02,5112.26,198.4,15535.16,UPI,New,Delivered,4.6,
ORD101129,19-07-2025,CUST1372,Customer_1129,Jaipur,Books,Groceries Pack,Store,5,8126.96,5,40634.8,2031.74,256.58,38859.64,Credit Card,Returning,Delivered,3.2,
ORD101130,23-01-2025,CUST1862,Customer_1130,Ahmedabad,Accessories,Football,Marketplace,4,3172.5,5,12690,634.5,234.97,12290.47,Cash on Delivery,Returning,Cancelled,4.7,
ORD101131,30-10-2025,CUST1431,Customer_1131,Kolkata,Electronics,Football,Website,4,2462.91,0,9851.64,0,191.67,10043.31,UPI,VIP,Delivered,3.6,
ORD101132,12-12-2025,CUST1280,Customer_1132,Hyderabad,Electronics,Shoes,Marketplace,3,13224.27,0,39672.81,0,289.5,39962.31,UPI,Returning,Delivered,4.3,
ORD101133,29-10-2025,CUST1467,Customer_1133,Mumbai,Home & Kitchen,Skincare Kit,Website,4,6590.8,15,26363.2,3954.48,81.73,22490.45,Cash on Delivery,New,Delivered,1.7,
ORD101134,29-12-2025,CUST1316,Customer_1134,Jaipur,Accessories,Novel,Mobile App,5,6269.59,0,31347.95,0,284.71,31632.66,Net Banking,New,Delivered,3.8,
ORD101135,06-08-2025,CUST1989,Customer_1135,Pune,Books,Skincare Kit,Mobile App,4,678.84,10,2715.36,271.54,138.39,2582.21,Cash on Delivery,VIP,Delivered,2,
ORD101136,21-05-2025,CUST1077,Customer_1136,Pune,Accessories,Skincare Kit,Marketplace,5,7544.95,15,37724.75,5658.71,172.67,32238.71,UPI,New,Cancelled,1.7,
ORD101137,14-04-2025,CUST1816,Customer_1137,Pune,Home & Kitchen,Shoes,Website,2,8379.42,10,16758.84,1675.88,63.14,15146.1,Net Banking,Returning,Delivered,3.3,
ORD101138,29-07-2025,CUST1151,Customer_1138,Chennai,Home & Kitchen,Novel,Store,5,8448.79,20,42243.95,8448.79,175.83,33970.99,Cash on Delivery,Returning,Delivered,3.4,
ORD101139,21-04-2025,CUST1396,Customer_1139,Chennai,Books,Watch,Mobile App,1,10649.41,10,10649.41,1064.94,195.03,9779.5,Cash on Delivery,New,Delivered,3,
ORD101140,14-04-2025,CUST1496,Customer_1140,Surat,Books,Novel,Mobile App,1,2785.61,5,2785.61,139.28,299.38,2945.71,Net Banking,New,Delivered,1.4,
ORD101141,12-11-2025,CUST1297,Customer_1141,Chennai,Books,Groceries Pack,Marketplace,1,3895.51,20,3895.51,779.1,293.3,3409.71,Net Banking,VIP,Delivered,2,
ORD101142,20-06-2025,CUST1669,Customer_1142,Surat,Grocery,Skincare Kit,Marketplace,3,12189.35,20,36568.05,7313.61,290.93,29545.37,Debit Card,VIP,Delivered,1.9,
ORD101143,22-12-2025,CUST1710,Customer_1143,Mumbai,Books,Headphones,Store,3,14215.48,0,42646.44,0,124.06,42770.5,Net Banking,VIP,Returned,2.3,
ORD101144,20-11-2025,CUST1947,Customer_1144,Jaipur,Clothing,Shoes,Marketplace,3,2168.6,0,6505.8,0,297.64,6803.44,Credit Card,New,Delivered,3.5,
ORD101145,13-05-2025,CUST1896,Customer_1145,Ahmedabad,Books,Shoes,Store,5,7540.1,0,37700.5,0,152.98,37853.48,Net Banking,New,Delivered,2.8,
ORD101146,20-10-2025,CUST1407,Customer_1146,Mumbai,Sports,Novel,Website,3,3330.52,5,9991.56,499.58,260,9751.98,UPI,VIP,Delivered,4.9,
ORD101147,24-11-2025,CUST1287,Customer_1147,Chennai,Books,Blender,Store,2,1042.09,25,2084.18,521.04,88.41,1651.55,Net Banking,New,Cancelled,1.1,
ORD101148,07-05-2025,CUST1493,Customer_1148,Bengaluru,Home & Kitchen,Shoes,Website,1,4983.72,10,4983.72,498.37,166.57,4651.92,Cash on Delivery,Returning,Delivered,1.9,
ORD101149,16-04-2025,CUST1917,Customer_1149,Surat,Sports,Novel,Mobile App,5,2283.76,5,11418.8,570.94,290.82,11138.68,Credit Card,New,Delivered,3.3,
ORD101150,02-04-2025,CUST1536,Customer_1150,Surat,Grocery,T-Shirt,Marketplace,1,10692.51,20,10692.51,2138.5,285.7,8839.71,Net Banking,Returning,Cancelled,4.5,
ORD101151,14-10-2025,CUST1456,Customer_1151,Kolkata,Beauty,Headphones,Mobile App,3,8075.82,10,24227.46,2422.75,214.61,22019.32,Credit Card,New,Returned,1.1,
ORD101152,20-02-2025,CUST1492,Customer_1152,Kolkata,Electronics,Shoes,Store,5,2285.94,5,11429.7,571.48,245.41,11103.63,Debit Card,VIP,Delivered,4.5,
ORD101153,29-01-2025,CUST1009,Customer_1153,Delhi,Clothing,Laptop,Store,4,287.24,25,1148.96,287.24,77.64,939.36,Credit Card,VIP,Cancelled,3,
ORD101154,23-10-2025,CUST1918,Customer_1154,Delhi,Sports,Laptop,Store,2,12151.13,20,24302.26,4860.45,224.85,19666.66,Cash on Delivery,New,Delivered,4.1,
ORD101155,24-10-2025,CUST1132,Customer_1155,Kolkata,Grocery,Blender,Website,3,2766.49,20,8299.47,1659.89,196.87,6836.45,Debit Card,New,Returned,4.8,
ORD101156,02-08-2025,CUST1077,Customer_1156,Surat,Electronics,Laptop,Mobile App,3,9152.32,10,27456.96,2745.7,54.72,24765.98,Net Banking,Returning,Delivered,1.9,
ORD101157,24-09-2025,CUST1738,Customer_1157,Jaipur,Accessories,Shoes,Mobile App,2,5153.29,15,10306.58,1545.99,60.55,8821.14,Credit Card,New,Delivered,3.4,
ORD101158,14-09-2025,CUST1131,Customer_1158,Ahmedabad,Clothing,Novel,Store,2,8844.47,0,17688.94,0,59.28,17748.22,Debit Card,VIP,Delivered,4.5,
ORD101159,29-10-2025,CUST1997,Customer_1159,Hyderabad,Books,Novel,Marketplace,4,4837.46,10,19349.84,1934.98,225.58,17640.44,Net Banking,New,Delivered,4.4,
ORD101160,11-04-2025,CUST1888,Customer_1160,Chennai,Accessories,Headphones,Mobile App,3,1441.05,25,4323.15,1080.79,68.26,3310.62,Net Banking,New,Cancelled,3.1,
ORD101161,12-12-2025,CUST1412,Customer_1161,Jaipur,Grocery,T-Shirt,Marketplace,3,3460.81,5,10382.43,519.12,156.29,10019.6,Credit Card,Returning,Delivered,4.8,
ORD101162,20-04-2025,CUST1090,Customer_1162,Mumbai,Electronics,T-Shirt,Mobile App,1,2942.67,15,2942.67,441.4,126.39,2627.66,Credit Card,Returning,Delivered,3.8,
ORD101163,01-07-2025,CUST1498,Customer_1163,Ahmedabad,Grocery,Laptop,Store,5,6506.09,10,32530.45,3253.04,178.64,29456.05,Debit Card,Returning,Delivered,3.1,
ORD101164,09-11-2025,CUST1629,Customer_1164,Bengaluru,Home & Kitchen,T-Shirt,Store,5,9925.51,0,49627.55,0,220.75,49848.3,Credit Card,New,Delivered,1.2,
ORD101165,01-01-2025,CUST1622,Customer_1165,Ahmedabad,Home & Kitchen,Novel,Mobile App,1,4067.52,15,4067.52,610.13,214.88,3672.27,Net Banking,New,Delivered,2.9,
ORD101166,15-11-2025,CUST1889,Customer_1166,Mumbai,Books,Skincare Kit,Website,5,329.24,0,1646.2,0,169.19,1815.39,Cash on Delivery,New,Delivered,2.7,
ORD101167,24-02-2025,CUST1354,Customer_1167,Delhi,Electronics,Blender,Website,2,7856.22,10,15712.44,1571.24,155.37,14296.57,Debit Card,New,Delivered,2.2,
ORD101168,29-05-2025,CUST1271,Customer_1168,Bengaluru,Books,Watch,Mobile App,5,9145.53,0,45727.65,0,137.41,45865.06,Cash on Delivery,VIP,Delivered,4.8,
ORD101169,05-11-2025,CUST1392,Customer_1169,Hyderabad,Books,Groceries Pack,Store,5,14448.63,25,72243.15,18060.79,262.72,54445.08,Cash on Delivery,New,Delivered,4.7,
ORD101170,17-05-2025,CUST1432,Customer_1170,Jaipur,Clothing,Football,Mobile App,1,8903.64,5,8903.64,445.18,119.33,8577.79,Net Banking,New,Returned,2.3,
ORD101171,21-07-2025,CUST1739,Customer_1171,Kolkata,Electronics,Skincare Kit,Marketplace,4,7146.91,0,28587.64,0,100.03,28687.67,Cash on Delivery,Returning,Delivered,2.7,
ORD101172,09-11-2025,CUST1472,Customer_1172,Bengaluru,Beauty,Blender,Store,5,8665.01,0,43325.05,0,230.7,43555.75,UPI,New,Cancelled,4,
ORD101173,27-04-2025,CUST1756,Customer_1173,Ahmedabad,Books,Blender,Website,5,13929.32,25,69646.6,17411.65,127.14,52362.09,Debit Card,VIP,Delivered,4.3,
ORD101174,03-06-2025,CUST1308,Customer_1174,Pune,Clothing,Watch,Website,4,12451.42,15,49805.68,7470.85,258.69,42593.52,Net Banking,Returning,Delivered,1.4,
ORD101175,18-10-2025,CUST1508,Customer_1175,Pune,Clothing,Groceries Pack,Mobile App,1,4946.23,15,4946.23,741.93,118.53,4322.83,Credit Card,New,Delivered,3,
ORD101176,04-03-2025,CUST1055,Customer_1176,Kolkata,Electronics,Watch,Marketplace,4,3673.23,10,14692.92,1469.29,219.53,13443.16,Net Banking,VIP,Delivered,4.7,
ORD101177,01-09-2025,CUST1037,Customer_1177,Hyderabad,Sports,Skincare Kit,Store,1,4050.11,10,4050.11,405.01,42.18,3687.28,Credit Card,Returning,Delivered,3.7,
ORD101178,25-01-2025,CUST1900,Customer_1178,Pune,Grocery,Shoes,Website,2,7640.65,0,15281.3,0,134.1,15415.4,Net Banking,Returning,Delivered,3.2,
ORD101179,31-03-2025,CUST1055,Customer_1179,Surat,Books,Shoes,Mobile App,1,11199.13,10,11199.13,1119.91,122.67,10201.89,UPI,VIP,Delivered,3.9,
ORD101180,16-03-2025,CUST1524,Customer_1180,Surat,Books,Shoes,Mobile App,2,7622.81,0,15245.62,0,250.5,15496.12,Debit Card,VIP,Delivered,3.6,
ORD101181,21-10-2025,CUST1915,Customer_1181,Pune,Electronics,Skincare Kit,Store,2,1156.78,25,2313.56,578.39,291.1,2026.27,Cash on Delivery,New,Returned,4.8,
ORD101182,29-07-2025,CUST1463,Customer_1182,Jaipur,Sports,Laptop,Mobile App,1,10895.17,15,10895.17,1634.28,154.44,9415.33,Net Banking,New,Delivered,4.7,
ORD101183,13-12-2025,CUST1697,Customer_1183,Ahmedabad,Clothing,Groceries Pack,Mobile App,3,12118.66,5,36355.98,1817.8,252.71,34790.89,Debit Card,New,Cancelled,2.6,
ORD101184,17-01-2025,CUST1478,Customer_1184,Pune,Accessories,Headphones,Mobile App,1,4449.04,0,4449.04,0,218.92,4667.96,Debit Card,Returning,Delivered,1.1,
ORD101185,08-05-2025,CUST1749,Customer_1185,Ahmedabad,Grocery,Headphones,Website,5,10012.27,15,50061.35,7509.2,291.19,42843.34,Debit Card,VIP,Returned,2.3,
ORD101186,30-12-2025,CUST1805,Customer_1186,Chennai,Home & Kitchen,Blender,Website,5,6484.89,0,32424.45,0,249,32673.45,Debit Card,New,Cancelled,1.8,
ORD101187,08-09-2025,CUST1716,Customer_1187,Chennai,Books,Shoes,Marketplace,3,13353.42,0,40060.26,0,50.92,40111.18,Debit Card,New,Delivered,1.5,
ORD101188,28-06-2025,CUST1211,Customer_1188,Surat,Home & Kitchen,T-Shirt,Store,2,12701.6,0,25403.2,0,222.59,25625.79,Cash on Delivery,Returning,Delivered,4.6,
ORD101189,01-07-2025,CUST1226,Customer_1189,Jaipur,Grocery,Blender,Store,3,7952.67,10,23858.01,2385.8,174.58,21646.79,Cash on Delivery,New,Delivered,3.8,
ORD101190,01-06-2025,CUST1007,Customer_1190,Chennai,Books,Football,Store,5,10418.86,15,52094.3,7814.14,34.44,44314.6,Net Banking,New,Delivered,1.1,
ORD101191,25-01-2025,CUST1732,Customer_1191,Kolkata,Grocery,Watch,Store,3,13267.74,5,39803.22,1990.16,97.85,37910.91,Credit Card,New,Delivered,4.7,
ORD101192,29-06-2025,CUST1823,Customer_1192,Jaipur,Electronics,Headphones,Mobile App,1,7511.4,0,7511.4,0,278.87,7790.27,Net Banking,New,Cancelled,4.6,
ORD101193,17-07-2025,CUST1540,Customer_1193,Jaipur,Books,Skincare Kit,Store,3,4801.77,10,14405.31,1440.53,280.04,13244.82,Debit Card,VIP,Returned,4.8,
ORD101194,10-12-2025,CUST1989,Customer_1194,Delhi,Sports,Shoes,Marketplace,2,11341.94,15,22683.88,3402.58,245.69,19526.99,Credit Card,VIP,Delivered,4.3,
ORD101195,10-06-2025,CUST1805,Customer_1195,Surat,Books,Headphones,Store,1,3417.98,0,3417.98,0,295.08,3713.06,Net Banking,New,Delivered,1.3,
ORD101196,26-06-2025,CUST1212,Customer_1196,Bengaluru,Electronics,Laptop,Store,4,5919.69,0,23678.76,0,247.77,23926.53,Credit Card,VIP,Returned,3.5,
ORD101197,12-10-2025,CUST1189,Customer_1197,Bengaluru,Grocery,Novel,Mobile App,5,13006.05,25,65030.25,16257.56,32.76,48805.45,Cash on Delivery,New,Delivered,1.3,
ORD101198,04-03-2025,CUST1075,Customer_1198,Ahmedabad,Beauty,Blender,Mobile App,5,10907.67,25,54538.35,13634.59,107.72,41011.48,Debit Card,VIP,Delivered,3.9,
ORD101199,30-05-2025,CUST1754,Customer_1199,Hyderabad,Electronics,Watch,Mobile App,3,6146.59,25,18439.77,4609.94,38.27,13868.1,Credit Card,New,Delivered,1.8,
ORD101200,03-06-2025,CUST1114,Customer_1200,Mumbai,Electronics,Headphones,Marketplace,1,3338.96,20,3338.96,667.79,55.41,2726.58,UPI,Returning,Delivered,4.7,
ORD101201,05-06-2025,CUST1679,Customer_1201,Kolkata,Accessories,Novel,Mobile App,4,5436.13,0,21744.52,0,89.09,21833.61,Debit Card,New,Returned,4.7,
ORD101202,18-02-2025,CUST1618,Customer_1202,Ahmedabad,Accessories,T-Shirt,Store,1,4368.95,0,4368.95,0,165.96,4534.91,Cash on Delivery,New,Delivered,3.4,
ORD101203,03-12-2025,CUST1151,Customer_1203,Ahmedabad,Electronics,Football,Marketplace,5,2764.93,5,13824.65,691.23,258.83,13392.25,Cash on Delivery,VIP,Delivered,4,
ORD101204,25-03-2025,CUST1436,Customer_1204,Surat,Electronics,Headphones,Website,1,11188.49,5,11188.49,559.42,262.73,10891.8,Net Banking,New,Cancelled,4.4,
ORD101205,27-12-2025,CUST1878,Customer_1205,Hyderabad,Sports,Football,Mobile App,4,3893.24,25,15572.96,3893.24,196.37,11876.09,UPI,VIP,Delivered,2.6,
ORD101206,26-06-2025,CUST1084,Customer_1206,Ahmedabad,Books,Shoes,Marketplace,3,6894.39,15,20683.17,3102.48,280.61,17861.3,Credit Card,New,Delivered,3.3,
ORD101207,28-05-2025,CUST1212,Customer_1207,Delhi,Sports,Watch,Website,2,5880.01,15,11760.02,1764,165.02,10161.04,Net Banking,New,Delivered,1.7,
ORD101208,28-04-2025,CUST1779,Customer_1208,Surat,Sports,Laptop,Mobile App,1,14733.85,0,14733.85,0,270.04,15003.89,Cash on Delivery,VIP,Cancelled,4.9,
ORD101209,08-12-2025,CUST1834,Customer_1209,Mumbai,Beauty,Blender,Website,2,5957.72,20,11915.44,2383.09,152.6,9684.95,Credit Card,Returning,Delivered,4.7,
ORD101210,04-03-2025,CUST1781,Customer_1210,Kolkata,Beauty,Shoes,Mobile App,5,1337.74,20,6688.7,1337.74,104.85,5455.81,Cash on Delivery,New,Delivered,2.9,
ORD101211,08-07-2025,CUST1461,Customer_1211,Pune,Books,Novel,Marketplace,3,1483.91,0,4451.73,0,277.43,4729.16,Cash on Delivery,New,Cancelled,3.2,
ORD101212,26-12-2025,CUST1937,Customer_1212,Hyderabad,Books,Laptop,Mobile App,3,8922.69,20,26768.07,5353.61,134.74,21549.2,UPI,Returning,Delivered,2.7,
ORD101213,18-02-2025,CUST1177,Customer_1213,Mumbai,Grocery,Headphones,Mobile App,1,9050.55,5,9050.55,452.53,165.92,8763.94,Debit Card,New,Delivered,1,
ORD101214,23-11-2025,CUST1783,Customer_1214,Jaipur,Electronics,Blender,Marketplace,3,6368.57,0,19105.71,0,118.79,19224.5,Credit Card,Returning,Delivered,1.9,
ORD101215,14-09-2025,CUST1312,Customer_1215,Hyderabad,Sports,Watch,Marketplace,1,6562.88,15,6562.88,984.43,208.97,5787.42,UPI,Returning,Delivered,1.4,
ORD101216,12-08-2025,CUST1694,Customer_1216,Jaipur,Beauty,Watch,Store,1,950.9,15,950.9,142.64,298.66,1106.92,Cash on Delivery,Returning,Delivered,2.3,
ORD101217,21-05-2025,CUST1159,Customer_1217,Jaipur,Home & Kitchen,Headphones,Store,2,7820.72,0,15641.44,0,36.89,15678.33,Cash on Delivery,VIP,Delivered,1.9,
ORD101218,03-08-2025,CUST1701,Customer_1218,Ahmedabad,Electronics,Laptop,Marketplace,3,7645.38,5,22936.14,1146.81,272.96,22062.29,UPI,Returning,Delivered,4,
ORD101219,30-07-2025,CUST1186,Customer_1219,Chennai,Grocery,Skincare Kit,Mobile App,1,2370.81,25,2370.81,592.7,31.06,1809.17,Credit Card,New,Delivered,3,
ORD101220,14-11-2025,CUST1471,Customer_1220,Mumbai,Clothing,Watch,Website,2,1692.01,15,3384.02,507.6,128.34,3004.76,Cash on Delivery,New,Delivered,4.3,
ORD101221,01-02-2025,CUST1956,Customer_1221,Jaipur,Sports,Shoes,Marketplace,4,1985.05,15,7940.2,1191.03,75.52,6824.69,Credit Card,Returning,Cancelled,3.5,
ORD101222,07-06-2025,CUST1309,Customer_1222,Mumbai,Electronics,Blender,Website,2,1650.27,0,3300.54,0,234.48,3535.02,UPI,New,Delivered,3.6,
ORD101223,12-10-2025,CUST1982,Customer_1223,Bengaluru,Books,T-Shirt,Store,2,9204.17,0,18408.34,0,43.66,18452,Cash on Delivery,New,Delivered,4.5,
ORD101224,01-11-2025,CUST1246,Customer_1224,Mumbai,Electronics,Watch,Store,1,3067.77,5,3067.77,153.39,179.44,3093.82,Net Banking,Returning,Cancelled,4.4,
ORD101225,13-10-2025,CUST1829,Customer_1225,Chennai,Clothing,Skincare Kit,Marketplace,5,3883.74,0,19418.7,0,109.63,19528.33,Net Banking,VIP,Returned,1.3,
ORD101226,24-05-2025,CUST1976,Customer_1226,Pune,Books,Shoes,Marketplace,5,2727.55,0,13637.75,0,66.09,13703.84,Cash on Delivery,Returning,Delivered,3.3,
ORD101227,19-01-2025,CUST1384,Customer_1227,Kolkata,Home & Kitchen,Skincare Kit,Mobile App,5,14373.85,0,71869.25,0,238.39,72107.64,Debit Card,Returning,Returned,2.7,
ORD101228,18-01-2025,CUST1042,Customer_1228,Pune,Beauty,Blender,Store,2,12841.07,10,25682.14,2568.21,88.7,23202.63,Cash on Delivery,New,Delivered,3.4,
ORD101229,14-09-2025,CUST1285,Customer_1229,Jaipur,Beauty,Headphones,Store,1,3572.85,5,3572.85,178.64,90.39,3484.6,Cash on Delivery,Returning,Delivered,4.5,
ORD101230,19-03-2025,CUST1980,Customer_1230,Mumbai,Clothing,Shoes,Marketplace,3,5014.36,20,15043.08,3008.62,104.27,12138.73,Cash on Delivery,Returning,Cancelled,1,
ORD101231,24-06-2025,CUST1988,Customer_1231,Delhi,Grocery,Headphones,Website,2,3266.91,0,6533.82,0,188.43,6722.25,UPI,Returning,Delivered,1,
ORD101232,13-07-2025,CUST1923,Customer_1232,Hyderabad,Clothing,Blender,Mobile App,2,7454.36,10,14908.72,1490.87,208.11,13625.96,Cash on Delivery,New,Delivered,1.3,
ORD101233,23-04-2025,CUST1300,Customer_1233,Chennai,Grocery,T-Shirt,Marketplace,1,441.22,0,441.22,0,34.75,475.97,Cash on Delivery,Returning,Returned,4.5,
ORD101234,24-04-2025,CUST1989,Customer_1234,Surat,Grocery,Skincare Kit,Website,4,10119.81,10,40479.24,4047.92,95.3,36526.62,UPI,Returning,Returned,2.4,
ORD101235,10-08-2025,CUST1901,Customer_1235,Jaipur,Accessories,Blender,Mobile App,2,7918.9,0,15837.8,0,146.36,15984.16,Cash on Delivery,New,Delivered,2.5,
ORD101236,15-06-2025,CUST1436,Customer_1236,Delhi,Beauty,Headphones,Website,4,13494.79,25,53979.16,13494.79,119.63,40604,Net Banking,New,Delivered,2.4,
ORD101237,15-11-2025,CUST1369,Customer_1237,Chennai,Home & Kitchen,Watch,Mobile App,4,2591.23,15,10364.92,1554.74,268.73,9078.91,Net Banking,Returning,Cancelled,1.9,
ORD101238,12-05-2025,CUST1874,Customer_1238,Jaipur,Accessories,Novel,Mobile App,5,12091.02,10,60455.1,6045.51,242.68,54652.27,Cash on Delivery,Returning,Delivered,1.2,
ORD101239,21-09-2025,CUST1486,Customer_1239,Surat,Home & Kitchen,Skincare Kit,Mobile App,1,11910.62,0,11910.62,0,198.99,12109.61,UPI,Returning,Delivered,4.6,
ORD101240,24-02-2025,CUST1949,Customer_1240,Hyderabad,Electronics,Groceries Pack,Store,4,2038.64,10,8154.56,815.46,121.27,7460.37,Cash on Delivery,New,Delivered,1.9,
ORD101241,25-12-2025,CUST1436,Customer_1241,Bengaluru,Clothing,T-Shirt,Marketplace,1,6068.6,15,6068.6,910.29,219.18,5377.49,Cash on Delivery,New,Delivered,4.6,
ORD101242,11-05-2025,CUST1806,Customer_1242,Hyderabad,Accessories,Shoes,Store,5,2676.77,0,13383.85,0,257.78,13641.63,Credit Card,New,Delivered,4.8,
ORD101243,15-10-2025,CUST1428,Customer_1243,Kolkata,Clothing,Novel,Store,1,3932.6,10,3932.6,393.26,190.6,3729.94,Debit Card,Returning,Cancelled,3.3,
ORD101244,23-09-2025,CUST1181,Customer_1244,Delhi,Accessories,Football,Mobile App,2,4059.21,20,8118.42,1623.68,241.8,6736.54,UPI,Returning,Cancelled,2.5,
ORD101245,11-06-2025,CUST1883,Customer_1245,Mumbai,Clothing,Novel,Marketplace,4,8410.11,15,33640.44,5046.07,232.26,28826.63,Debit Card,VIP,Delivered,4.1,
ORD101246,28-03-2025,CUST1898,Customer_1246,Pune,Books,Groceries Pack,Marketplace,1,6259.45,20,6259.45,1251.89,184.37,5191.93,Credit Card,Returning,Delivered,1.1,
ORD101247,24-02-2025,CUST1877,Customer_1247,Chennai,Beauty,Novel,Marketplace,3,14223.83,20,42671.49,8534.3,114.29,34251.48,Debit Card,VIP,Cancelled,4.7,
ORD101248,15-10-2025,CUST1694,Customer_1248,Delhi,Accessories,Novel,Marketplace,1,2026.6,25,2026.6,506.65,231.36,1751.31,Cash on Delivery,New,Delivered,2.6,
ORD101249,27-06-2025,CUST1340,Customer_1249,Pune,Beauty,Skincare Kit,Mobile App,4,14609.33,5,58437.32,2921.87,85.84,55601.29,Net Banking,New,Cancelled,2.2,
ORD101250,15-12-2025,CUST1491,Customer_1250,Bengaluru,Beauty,Headphones,Marketplace,5,3574.98,10,17874.9,1787.49,240.46,16327.87,UPI,New,Delivered,1.5,
ORD101251,08-01-2025,CUST1495,Customer_1251,Chennai,Home & Kitchen,Football,Website,5,11627.18,15,58135.9,8720.38,247.23,49662.75,UPI,Returning,Delivered,4.8,
ORD101252,17-11-2025,CUST1973,Customer_1252,Mumbai,Accessories,Shoes,Website,4,5183.7,15,20734.8,3110.22,251.98,17876.56,Cash on Delivery,New,Delivered,4.2,
ORD101253,09-11-2025,CUST1730,Customer_1253,Chennai,Beauty,T-Shirt,Store,2,2274.76,25,4549.52,1137.38,157.69,3569.83,Debit Card,Returning,Cancelled,3.9,
ORD101254,04-09-2025,CUST1163,Customer_1254,Mumbai,Accessories,Shoes,Mobile App,2,12889.65,0,25779.3,0,81.97,25861.27,UPI,New,Delivered,4.7,
ORD101255,19-11-2025,CUST1558,Customer_1255,Delhi,Electronics,Shoes,Store,5,4736.58,5,23682.9,1184.14,56.93,22555.69,Credit Card,New,Delivered,4.8,
ORD101256,12-09-2025,CUST1456,Customer_1256,Pune,Books,T-Shirt,Store,5,9934,5,49670,2483.5,230.71,47417.21,Credit Card,Returning,Returned,2.1,
ORD101257,24-11-2025,CUST1092,Customer_1257,Chennai,Beauty,Groceries Pack,Marketplace,4,8561.69,5,34246.76,1712.34,269.29,32803.71,Debit Card,New,Delivered,4.1,
ORD101258,23-02-2025,CUST1105,Customer_1258,Hyderabad,Accessories,T-Shirt,Website,2,7155.58,0,14311.16,0,205.73,14516.89,Credit Card,Returning,Delivered,4.1,
ORD101259,06-09-2025,CUST1719,Customer_1259,Chennai,Books,Headphones,Website,5,7512.92,15,37564.6,5634.69,68.92,31998.83,Net Banking,Returning,Delivered,3.2,
ORD101260,27-08-2025,CUST1439,Customer_1260,Hyderabad,Books,Laptop,Marketplace,2,11023.73,0,22047.46,0,282.42,22329.88,Cash on Delivery,New,Returned,1.6,
ORD101261,17-08-2025,CUST1498,Customer_1261,Ahmedabad,Home & Kitchen,Laptop,Marketplace,5,1453.43,15,7267.15,1090.07,297.06,6474.14,UPI,Returning,Delivered,4.8,
ORD101262,08-03-2025,CUST1328,Customer_1262,Pune,Clothing,Blender,Mobile App,1,10072.48,15,10072.48,1510.87,147.01,8708.62,Cash on Delivery,Returning,Returned,2.3,
ORD101263,20-02-2025,CUST1651,Customer_1263,Ahmedabad,Books,Blender,Website,3,13452.81,5,40358.43,2017.92,190.6,38531.11,Debit Card,Returning,Delivered,3.3,
ORD101264,07-04-2025,CUST1541,Customer_1264,Chennai,Electronics,Groceries Pack,Store,1,1008.15,5,1008.15,50.41,239.85,1197.59,Cash on Delivery,New,Cancelled,1.1,
ORD101265,02-04-2025,CUST1509,Customer_1265,Bengaluru,Home & Kitchen,Shoes,Store,5,2238.7,10,11193.5,1119.35,228.83,10302.98,UPI,Returning,Delivered,2.7,
ORD101266,21-09-2025,CUST1251,Customer_1266,Pune,Sports,Blender,Mobile App,3,10791.98,15,32375.94,4856.39,291.3,27810.85,UPI,New,Delivered,3.5,
ORD101267,18-10-2025,CUST1965,Customer_1267,Ahmedabad,Books,Skincare Kit,Website,3,6643.63,20,19930.89,3986.18,61.02,16005.73,Debit Card,New,Delivered,2.5,
ORD101268,06-04-2025,CUST1191,Customer_1268,Jaipur,Accessories,Watch,Marketplace,5,6142.7,20,30713.5,6142.7,186.8,24757.6,UPI,New,Delivered,2.9,
ORD101269,29-03-2025,CUST1047,Customer_1269,Bengaluru,Grocery,Football,Store,5,2183.95,25,10919.75,2729.94,216.82,8406.63,Credit Card,Returning,Delivered,1.8,
ORD101270,19-03-2025,CUST1879,Customer_1270,Delhi,Books,Groceries Pack,Website,2,7675.54,10,15351.08,1535.11,270.33,14086.3,Cash on Delivery,Returning,Returned,2.4,
ORD101271,15-10-2025,CUST1251,Customer_1271,Ahmedabad,Clothing,Skincare Kit,Website,5,2029.2,20,10146,2029.2,266.01,8382.81,Net Banking,VIP,Delivered,3.9,
ORD101272,30-04-2025,CUST1775,Customer_1272,Bengaluru,Beauty,Laptop,Website,4,7227.81,20,28911.24,5782.25,294.06,23423.05,Net Banking,Returning,Delivered,4.9,
ORD101273,29-10-2025,CUST1885,Customer_1273,Delhi,Accessories,Novel,Marketplace,5,11489.69,20,57448.45,11489.69,168.26,46127.02,Net Banking,VIP,Delivered,2.9,
ORD101274,14-06-2025,CUST1064,Customer_1274,Jaipur,Accessories,Headphones,Store,4,3985.23,0,15940.92,0,254.31,16195.23,Debit Card,Returning,Delivered,3.7,
ORD101275,01-07-2025,CUST1850,Customer_1275,Kolkata,Home & Kitchen,Groceries Pack,Marketplace,5,7289.67,25,36448.35,9112.09,145.37,27481.63,Net Banking,New,Delivered,4.9,
ORD101276,11-08-2025,CUST1320,Customer_1276,Pune,Sports,Football,Website,2,14881.44,10,29762.88,2976.29,144.02,26930.61,Cash on Delivery,Returning,Cancelled,4.1,
ORD101277,07-11-2025,CUST1860,Customer_1277,Kolkata,Home & Kitchen,Football,Website,4,10346.76,15,41387.04,6208.06,98.4,35277.38,UPI,Returning,Delivered,1,
ORD101278,07-01-2025,CUST1780,Customer_1278,Ahmedabad,Beauty,Watch,Store,1,12644.15,0,12644.15,0,250.92,12895.07,Credit Card,Returning,Delivered,4.7,
ORD101279,26-11-2025,CUST1524,Customer_1279,Chennai,Home & Kitchen,Watch,Store,4,6310.49,5,25241.96,1262.1,296.17,24276.03,Net Banking,Returning,Cancelled,4.5,
ORD101280,20-09-2025,CUST1292,Customer_1280,Chennai,Accessories,Blender,Marketplace,2,11552.73,5,23105.46,1155.27,99.21,22049.4,Net Banking,Returning,Delivered,2.1,
ORD101281,10-06-2025,CUST1029,Customer_1281,Hyderabad,Sports,Novel,Marketplace,4,751.56,5,3006.24,150.31,45.16,2901.09,Net Banking,New,Delivered,1.7,
ORD101282,31-05-2025,CUST1651,Customer_1282,Bengaluru,Home & Kitchen,Watch,Marketplace,5,1975.23,0,9876.15,0,250.2,10126.35,Credit Card,Returning,Delivered,4.6,
ORD101283,26-03-2025,CUST1437,Customer_1283,Kolkata,Electronics,Laptop,Website,5,3165.6,20,15828,3165.6,197.46,12859.86,Cash on Delivery,New,Delivered,3.8,
ORD101284,27-05-2025,CUST1966,Customer_1284,Delhi,Electronics,T-Shirt,Store,2,6118.99,0,12237.98,0,289.12,12527.1,Net Banking,New,Cancelled,1.9,
ORD101285,22-04-2025,CUST1597,Customer_1285,Ahmedabad,Beauty,Groceries Pack,Mobile App,3,12709.31,5,38127.93,1906.4,98.1,36319.63,UPI,Returning,Delivered,3.9,
ORD101286,05-02-2025,CUST1586,Customer_1286,Mumbai,Grocery,Laptop,Store,5,5292.05,0,26460.25,0,49.18,26509.43,Debit Card,Returning,Delivered,3.4,
ORD101287,12-10-2025,CUST1763,Customer_1287,Delhi,Grocery,Novel,Store,1,9871.12,10,9871.12,987.11,162.96,9046.97,Credit Card,New,Returned,2.2,
ORD101288,07-07-2025,CUST1736,Customer_1288,Mumbai,Sports,Skincare Kit,Store,2,10683.32,5,21366.64,1068.33,53.08,20351.39,Cash on Delivery,Returning,Delivered,3.2,
ORD101289,23-03-2025,CUST1047,Customer_1289,Hyderabad,Accessories,Watch,Mobile App,4,8854.81,5,35419.24,1770.96,100.68,33748.96,UPI,Returning,Cancelled,3.1,
ORD101290,02-01-2025,CUST1417,Customer_1290,Chennai,Sports,Blender,Marketplace,4,5455.04,10,21820.16,2182.02,64.01,19702.15,Credit Card,New,Delivered,3,
ORD101291,30-10-2025,CUST1593,Customer_1291,Pune,Sports,Skincare Kit,Mobile App,1,8719.24,15,8719.24,1307.89,90.52,7501.87,Credit Card,Returning,Delivered,3.1,
ORD101292,16-07-2025,CUST1451,Customer_1292,Pune,Sports,Blender,Store,5,5232.64,0,26163.2,0,58.66,26221.86,Debit Card,New,Delivered,1,
ORD101293,11-01-2025,CUST1633,Customer_1293,Chennai,Sports,Groceries Pack,Store,2,1395.53,0,2791.06,0,287.55,3078.61,Debit Card,Returning,Delivered,2.1,
ORD101294,22-08-2025,CUST1555,Customer_1294,Hyderabad,Grocery,Headphones,Website,1,14893.14,0,14893.14,0,105.21,14998.35,Cash on Delivery,New,Delivered,2.7,
ORD101295,14-07-2025,CUST1658,Customer_1295,Jaipur,Clothing,Watch,Store,5,2038.66,25,10193.3,2548.32,149.85,7794.83,Net Banking,Returning,Delivered,1.5,
ORD101296,29-04-2025,CUST1074,Customer_1296,Kolkata,Home & Kitchen,Skincare Kit,Mobile App,2,1224.37,5,2448.74,122.44,272.63,2598.93,Debit Card,VIP,Delivered,4,
ORD101297,20-01-2025,CUST1053,Customer_1297,Mumbai,Accessories,Shoes,Mobile App,4,13196.18,10,52784.72,5278.47,212.88,47719.13,Cash on Delivery,Returning,Delivered,4.4,
ORD101298,18-09-2025,CUST1233,Customer_1298,Mumbai,Books,T-Shirt,Mobile App,2,4632.24,0,9264.48,0,196.87,9461.35,Credit Card,Returning,Cancelled,4.3,
ORD101299,20-10-2025,CUST1807,Customer_1299,Ahmedabad,Sports,Blender,Marketplace,3,9806.91,10,29420.73,2942.07,220.5,26699.16,Net Banking,New,Delivered,2.8,
ORD101300,13-09-2025,CUST1875,Customer_1300,Chennai,Grocery,Headphones,Website,2,5035.74,0,10071.48,0,253.78,10325.26,UPI,New,Returned,3.8,
ORD101301,10-08-2025,CUST1200,Customer_1301,Bengaluru,Books,T-Shirt,Marketplace,3,5963.1,0,17889.3,0,266.97,18156.27,Credit Card,Returning,Delivered,1.3,
ORD101302,14-08-2025,CUST1674,Customer_1302,Kolkata,Electronics,Football,Mobile App,2,4042.38,10,8084.76,808.48,203.51,7479.79,Cash on Delivery,New,Delivered,1.8,
ORD101303,22-02-2025,CUST1549,Customer_1303,Hyderabad,Grocery,Laptop,Marketplace,3,5244.2,5,15732.6,786.63,270.3,15216.27,UPI,VIP,Cancelled,1.2,
ORD101304,21-12-2025,CUST1937,Customer_1304,Chennai,Books,Headphones,Website,4,6248.9,0,24995.6,0,174.56,25170.16,Credit Card,New,Delivered,4.9,
ORD101305,08-12-2025,CUST1097,Customer_1305,Chennai,Grocery,T-Shirt,Website,5,10848.18,15,54240.9,8136.14,104.87,46209.63,Debit Card,New,Delivered,3.3,
ORD101306,30-12-2025,CUST1049,Customer_1306,Jaipur,Books,Watch,Website,3,7746.31,25,23238.93,5809.73,267.62,17696.82,Cash on Delivery,Returning,Cancelled,1.7,
ORD101307,07-10-2025,CUST1896,Customer_1307,Bengaluru,Accessories,Football,Website,3,14161.94,5,42485.82,2124.29,176.2,40537.73,UPI,Returning,Delivered,3.8,
ORD101308,22-03-2025,CUST1522,Customer_1308,Delhi,Grocery,Shoes,Mobile App,4,771.92,10,3087.68,308.77,274.66,3053.57,Debit Card,New,Delivered,3,
ORD101309,21-07-2025,CUST1040,Customer_1309,Delhi,Home & Kitchen,Novel,Store,3,7620.56,25,22861.68,5715.42,40.85,17187.11,UPI,VIP,Delivered,2.7,
ORD101310,07-06-2025,CUST1914,Customer_1310,Surat,Books,Novel,Mobile App,1,8825.74,20,8825.74,1765.15,137.33,7197.92,Net Banking,Returning,Delivered,4.7,
ORD101311,30-04-2025,CUST1153,Customer_1311,Jaipur,Beauty,Laptop,Mobile App,4,13814.93,10,55259.72,5525.97,285.91,50019.66,Net Banking,Returning,Delivered,,
ORD101312,28-02-2025,CUST1106,Customer_1312,Delhi,Grocery,Blender,Mobile App,1,880,15,880,132,97.41,845.41,Cash on Delivery,Returning,Delivered,3.8,
ORD101313,03-08-2025,CUST1553,Customer_1313,Jaipur,Accessories,Laptop,Mobile App,4,8666.47,0,34665.88,0,284.21,34950.09,UPI,Returning,Delivered,1.4,
ORD101314,08-05-2025,CUST1676,Customer_1314,Mumbai,Beauty,Football,Marketplace,3,12826.4,10,38479.2,3847.92,287.55,34918.83,Net Banking,New,Delivered,1.4,
ORD101315,12-08-2025,CUST1770,Customer_1315,Pune,Grocery,Shoes,Website,1,3742.63,5,3742.63,187.13,268.18,3823.68,Credit Card,Returning,Delivered,3.7,
ORD101316,28-07-2025,CUST1211,Customer_1316,Pune,Sports,Novel,Store,3,13162.94,0,39488.82,0,182.19,39671.01,Credit Card,Returning,Delivered,1.6,
ORD101317,25-04-2025,CUST1202,Customer_1317,Chennai,Clothing,Novel,Store,4,432.79,5,1731.16,86.56,204.67,1849.27,Net Banking,New,Delivered,2.8,
ORD101318,28-07-2025,CUST1433,Customer_1318,Pune,Grocery,Groceries Pack,Store,3,11026.95,0,33080.85,0,264.8,33345.65,Net Banking,New,Delivered,3.3,
ORD101319,14-01-2025,CUST1707,Customer_1319,Kolkata,Accessories,Skincare Kit,Mobile App,1,14006.73,15,14006.73,2101.01,239.49,12145.21,Cash on Delivery,Returning,Delivered,2.6,
ORD101320,09-01-2025,CUST1565,Customer_1320,Delhi,Clothing,Football,Website,1,9909.39,10,9909.39,990.94,200.13,9118.58,Cash on Delivery,New,Cancelled,1.3,
ORD101321,09-02-2025,CUST1147,Customer_1321,Kolkata,Home & Kitchen,Football,Website,3,6669.58,10,20008.74,2000.87,295.21,18303.08,Credit Card,New,Cancelled,4,
ORD101322,25-08-2025,CUST1499,Customer_1322,Ahmedabad,Clothing,Blender,Store,2,816.48,0,1632.96,0,215.13,1848.09,Debit Card,New,Delivered,4.5,
ORD101323,08-10-2025,CUST1282,Customer_1323,Delhi,Books,Football,Store,4,13813.69,0,55254.76,0,293.38,55548.14,UPI,New,Delivered,1.6,
ORD101324,25-12-2025,CUST1310,Customer_1324,Bengaluru,Beauty,Groceries Pack,Mobile App,4,7133.9,10,28535.6,2853.56,45.49,25727.53,Debit Card,Returning,Cancelled,4.4,
ORD101325,20-07-2025,CUST1755,Customer_1325,Hyderabad,Sports,Shoes,Store,3,580.6,25,1741.8,435.45,67.52,1373.87,Cash on Delivery,New,Returned,4.2,
ORD101326,03-09-2025,CUST1051,Customer_1326,Surat,Electronics,Headphones,Mobile App,2,10393.84,0,20787.68,0,151.89,20939.57,Debit Card,New,Delivered,3.3,
ORD101327,05-10-2025,CUST1495,Customer_1327,Jaipur,Books,Novel,Store,1,7305.28,5,7305.28,365.26,133.92,7073.94,Cash on Delivery,New,Delivered,3.4,
ORD101328,23-08-2025,CUST1409,Customer_1328,Chennai,Beauty,Football,Website,5,1996.53,20,9982.65,1996.53,241.34,8227.46,Debit Card,Returning,Cancelled,3.6,
ORD101329,04-01-2025,CUST1626,Customer_1329,Jaipur,Beauty,Skincare Kit,Website,5,3331.94,0,16659.7,0,73.37,16733.07,Credit Card,Returning,Delivered,3.1,
ORD101330,03-06-2025,CUST1273,Customer_1330,Hyderabad,Home & Kitchen,Football,Website,3,1107.69,20,3323.07,664.61,293.55,2952.01,Cash on Delivery,New,Delivered,4.4,
ORD101331,29-01-2025,CUST1458,Customer_1331,Hyderabad,Books,T-Shirt,Marketplace,2,8678.26,10,17356.52,1735.65,115.07,15735.94,Credit Card,Returning,Delivered,2.9,
ORD101332,19-04-2025,CUST1120,Customer_1332,Hyderabad,Grocery,Skincare Kit,Store,2,9387.14,5,18774.28,938.71,145.81,17981.38,Debit Card,New,Delivered,3.2,
ORD101333,08-04-2025,CUST1701,Customer_1333,Delhi,Accessories,Watch,Marketplace,4,7660.27,5,30641.08,1532.05,104.18,29213.21,Net Banking,Returning,Delivered,1.1,
ORD101334,03-08-2025,CUST1046,Customer_1334,Surat,Clothing,Football,Website,1,12283.97,5,12283.97,614.2,186.43,11856.2,Net Banking,New,Delivered,1.7,
ORD101335,20-10-2025,CUST1243,Customer_1335,Bengaluru,Electronics,Football,Store,2,12935.98,5,25871.96,1293.6,45.83,24624.19,UPI,VIP,Cancelled,4.6,
ORD101336,16-03-2025,CUST1311,Customer_1336,Hyderabad,Electronics,Blender,Marketplace,5,9292.02,20,46460.1,9292.02,70.41,37238.49,Net Banking,New,Delivered,1.5,
ORD101337,22-11-2025,CUST1562,Customer_1337,Chennai,Grocery,T-Shirt,Website,1,339.43,15,339.43,50.91,231.37,519.89,UPI,Returning,Delivered,4.6,
ORD101338,26-05-2025,CUST1331,Customer_1338,Delhi,Clothing,Headphones,Website,1,10474.16,15,10474.16,1571.12,80.36,8983.4,Debit Card,New,Cancelled,3.5,
ORD101339,08-05-2025,CUST1011,Customer_1339,Bengaluru,Accessories,Football,Store,3,6357.29,15,19071.87,2860.78,93.59,16304.68,UPI,New,Delivered,4.7,
ORD101340,07-12-2025,CUST1908,Customer_1340,Hyderabad,Grocery,Shoes,Store,2,8548.53,5,17097.06,854.85,244.11,16486.32,UPI,Returning,Delivered,4.3,
ORD101341,11-02-2025,CUST1424,Customer_1341,Ahmedabad,Sports,Headphones,Mobile App,3,9788.85,10,29366.55,2936.66,55.19,26485.08,UPI,Returning,Delivered,4.5,
ORD101342,22-12-2025,CUST1048,Customer_1342,Chennai,Accessories,Novel,Store,2,5351.01,10,10702.02,1070.2,148.12,9779.94,Credit Card,New,Cancelled,3.1,
ORD101343,10-02-2025,CUST1377,Customer_1343,Ahmedabad,Clothing,Headphones,Website,4,13768.91,15,55075.64,8261.35,36.23,46850.52,UPI,Returning,Cancelled,4.3,
ORD101344,03-02-2025,CUST1568,Customer_1344,Surat,Sports,Skincare Kit,Mobile App,3,2139.53,5,6418.59,320.93,123.64,6221.3,Cash on Delivery,New,Cancelled,2.8,
ORD101345,17-01-2025,CUST1008,Customer_1345,Kolkata,Accessories,Shoes,Mobile App,3,10121.95,10,30365.85,3036.58,218.72,27547.99,Debit Card,VIP,Delivered,1.2,
ORD101346,14-06-2025,CUST1984,Customer_1346,Surat,Electronics,Groceries Pack,Store,5,214.74,20,1073.7,214.74,54.33,913.29,Credit Card,Returning,Delivered,3.6,
ORD101347,02-06-2025,CUST1526,Customer_1347,Kolkata,Books,Blender,Website,3,13881.07,5,41643.21,2082.16,269.85,39830.9,Cash on Delivery,New,Delivered,3.9,
ORD101348,17-03-2025,CUST1727,Customer_1348,Kolkata,Home & Kitchen,Shoes,Marketplace,2,1820.69,0,3641.38,0,275.56,3916.94,Debit Card,Returning,Cancelled,1.4,
ORD101349,28-03-2025,CUST1370,Customer_1349,Bengaluru,Beauty,Novel,Website,5,1559.03,10,7795.15,779.52,58.35,7073.98,Credit Card,New,Returned,4.3,
ORD101350,27-04-2025,CUST1440,Customer_1350,Mumbai,Accessories,T-Shirt,Website,3,5095.16,5,15285.48,764.27,297.5,14818.71,Debit Card,Returning,Returned,1.3,
ORD101351,28-12-2025,CUST1757,Customer_1351,Chennai,Books,Groceries Pack,Store,3,5697.46,15,17092.38,2563.86,110.33,14638.85,Net Banking,Returning,Delivered,2.8,
ORD101352,08-12-2025,CUST1566,Customer_1352,Bengaluru,Electronics,Novel,Marketplace,4,3332.36,25,13329.44,3332.36,52.71,10049.79,Debit Card,Returning,Delivered,3,
ORD101353,27-01-2025,CUST1484,Customer_1353,Pune,Electronics,Novel,Mobile App,3,8839.06,10,26517.18,2651.72,31.37,23896.83,Net Banking,New,Delivered,1.1,
ORD101354,09-11-2025,CUST1273,Customer_1354,Ahmedabad,Electronics,Watch,Marketplace,1,6727.27,10,6727.27,672.73,140.3,6194.84,Net Banking,VIP,Returned,1.3,
ORD101355,14-10-2025,CUST1941,Customer_1355,Surat,Accessories,Blender,Store,5,657.51,15,3287.55,493.13,200.05,2994.47,Debit Card,Returning,Cancelled,2.8,
ORD101356,14-05-2025,CUST1901,Customer_1356,Hyderabad,Beauty,Laptop,Website,1,4896.83,0,4896.83,0,119.69,5016.52,Net Banking,Returning,Delivered,2.2,
ORD101357,07-08-2025,CUST1131,Customer_1357,Chennai,Sports,Watch,Website,5,12184.93,5,60924.65,3046.23,255.91,58134.33,Credit Card,New,Delivered,4.3,
ORD101358,17-06-2025,CUST1521,Customer_1358,Delhi,Accessories,Groceries Pack,Marketplace,4,10392.07,20,41568.28,8313.66,223.48,33478.1,Net Banking,New,Cancelled,2.7,
ORD101359,08-04-2025,CUST1724,Customer_1359,Surat,Home & Kitchen,Headphones,Marketplace,3,10914.33,15,32742.99,4911.45,124.54,27956.08,UPI,Returning,Delivered,1.4,
ORD101360,25-09-2025,CUST1634,Customer_1360,Mumbai,Books,Laptop,Store,3,10517.04,0,31551.12,0,228.26,31779.38,Credit Card,Returning,Delivered,1.6,
ORD101361,25-08-2025,CUST1114,Customer_1361,Surat,Books,Skincare Kit,Marketplace,3,4767.95,0,14303.85,0,283.93,14587.78,Credit Card,VIP,Returned,3.7,
ORD101362,05-11-2025,CUST1532,Customer_1362,Chennai,Accessories,Laptop,Store,5,1630.01,15,8150.05,1222.51,55.14,6982.68,Credit Card,New,Delivered,4.8,
ORD101363,22-06-2025,CUST1499,Customer_1363,Ahmedabad,Home & Kitchen,Watch,Mobile App,3,4196.14,15,12588.42,1888.26,112.65,10812.81,UPI,Returning,Delivered,4.5,
ORD101364,09-07-2025,CUST1339,Customer_1364,Mumbai,Home & Kitchen,Watch,Marketplace,1,12502.01,20,12502.01,2500.4,155.1,10156.71,UPI,Returning,Delivered,1.5,
ORD101365,02-05-2025,CUST1021,Customer_1365,Delhi,Sports,Watch,Website,3,14709.99,5,44129.97,2206.5,164.46,42087.93,UPI,New,Delivered,1.1,
ORD101366,15-02-2025,CUST1720,Customer_1366,Bengaluru,Books,Football,Marketplace,4,7483.63,25,29934.52,7483.63,176.39,22627.28,UPI,New,Cancelled,1.1,
ORD101367,05-03-2025,CUST1033,Customer_1367,Pune,Clothing,Football,Website,1,294.05,10,294.05,29.4,111.17,375.82,UPI,New,Delivered,3.2,
ORD101368,10-05-2025,CUST1133,Customer_1368,Bengaluru,Clothing,Laptop,Mobile App,3,2229.67,15,6689.01,1003.35,210.16,5895.82,Cash on Delivery,Returning,Returned,2.9,
ORD101369,06-11-2025,CUST1920,Customer_1369,Surat,Accessories,Watch,Mobile App,3,4932.9,10,14798.7,1479.87,204.17,13523,Cash on Delivery,VIP,Delivered,1.1,
ORD101370,29-12-2025,CUST1703,Customer_1370,Delhi,Home & Kitchen,Blender,Marketplace,2,8741.99,0,17483.98,0,186.01,17669.99,UPI,VIP,Returned,1.2,
ORD101371,12-07-2025,CUST1975,Customer_1371,Ahmedabad,Electronics,T-Shirt,Store,5,1265.14,25,6325.7,1581.42,60.72,4805,Credit Card,Returning,Cancelled,5,
ORD101372,03-11-2025,CUST1026,Customer_1372,Chennai,Accessories,Headphones,Website,1,14158.86,0,14158.86,0,158.78,14317.64,Net Banking,New,Returned,4.9,
ORD101373,30-06-2025,CUST1364,Customer_1373,Surat,Electronics,Blender,Mobile App,2,5571.49,5,11142.98,557.15,126.18,10712.01,Net Banking,Returning,Delivered,1.5,
ORD101374,19-10-2025,CUST1601,Customer_1374,Hyderabad,Beauty,Blender,Marketplace,4,13701.88,20,54807.52,10961.5,162.58,44008.6,Cash on Delivery,VIP,Delivered,1.7,
ORD101375,09-10-2025,CUST1092,Customer_1375,Mumbai,Clothing,Headphones,Mobile App,5,11740.75,10,58703.75,5870.38,278.9,53112.27,UPI,Returning,Cancelled,4.6,
ORD101376,29-01-2025,CUST1545,Customer_1376,Mumbai,Electronics,Skincare Kit,Marketplace,1,11368.24,20,11368.24,2273.65,159.74,9254.33,Debit Card,New,Delivered,3,
ORD101377,29-05-2025,CUST1238,Customer_1377,Delhi,Grocery,Football,Website,3,9159.79,10,27479.37,2747.94,33.77,24765.2,Net Banking,VIP,Delivered,4.8,
ORD101378,24-09-2025,CUST1018,Customer_1378,Jaipur,Home & Kitchen,Laptop,Marketplace,1,9457.74,5,9457.74,472.89,148.49,9133.34,Net Banking,Returning,Returned,3.1,
ORD101379,23-10-2025,CUST1274,Customer_1379,Jaipur,Beauty,T-Shirt,Website,3,9624.35,25,28873.05,7218.26,251.58,21906.37,Credit Card,VIP,Delivered,3.3,
ORD101380,11-01-2025,CUST1934,Customer_1380,Surat,Clothing,Shoes,Mobile App,5,9486.51,0,47432.55,0,240.62,47673.17,Net Banking,VIP,Delivered,1.9,
ORD101381,13-06-2025,CUST1289,Customer_1381,Surat,Beauty,Headphones,Website,3,8372.86,20,25118.58,5023.72,168.62,20263.48,Cash on Delivery,New,Delivered,4.5,
ORD101382,23-04-2025,CUST1027,Customer_1382,Surat,Electronics,Watch,Website,4,14798.25,0,59193,0,97.44,59290.44,UPI,VIP,Delivered,4.3,
ORD101383,06-07-2025,CUST1817,Customer_1383,Surat,Home & Kitchen,Blender,Store,3,11024.51,20,33073.53,6614.71,155.57,26614.39,UPI,Returning,Delivered,2.3,
ORD101384,22-10-2025,CUST1434,Customer_1384,Jaipur,Grocery,Shoes,Mobile App,4,11687.65,0,46750.6,0,182.2,46932.8,Net Banking,New,Delivered,3.4,
ORD101385,20-08-2025,CUST1911,Customer_1385,Chennai,Home & Kitchen,Headphones,Website,5,13106.07,10,65530.35,6553.04,299.97,59277.28,Debit Card,Returning,Delivered,2.4,
ORD101386,15-08-2025,CUST1108,Customer_1386,Mumbai,Home & Kitchen,Laptop,Store,5,3352.25,20,16761.25,3352.25,203.93,13612.93,Cash on Delivery,Returning,Delivered,2.9,
ORD101387,06-11-2025,CUST1973,Customer_1387,Ahmedabad,Electronics,Novel,Store,1,1394.49,10,1394.49,139.45,217.45,1472.49,Net Banking,New,Cancelled,4.4,
ORD101388,08-04-2025,CUST1948,Customer_1388,Hyderabad,Grocery,Headphones,Website,4,7320.98,15,29283.92,4392.59,162.69,25054.02,Cash on Delivery,VIP,Cancelled,2.7,
ORD101389,24-02-2025,CUST1738,Customer_1389,Jaipur,Accessories,Shoes,Marketplace,4,7784.1,20,31136.4,6227.28,125.71,25034.83,Debit Card,New,Cancelled,4.4,
ORD101390,21-04-2025,CUST1324,Customer_1390,Ahmedabad,Grocery,Watch,Website,2,12463.35,15,24926.7,3739,249.5,21437.2,Cash on Delivery,VIP,Returned,4.8,
ORD101391,01-06-2025,CUST1867,Customer_1391,Delhi,Sports,Blender,Marketplace,2,6740.19,25,13480.38,3370.1,163.63,10273.91,Cash on Delivery,New,Returned,2.7,
ORD101392,03-09-2025,CUST1531,Customer_1392,Ahmedabad,Books,Headphones,Website,2,8627.17,10,17254.34,1725.43,298.57,15827.48,Cash on Delivery,New,Delivered,4.5,
ORD101393,10-03-2025,CUST1735,Customer_1393,Surat,Books,Watch,Mobile App,3,7977,0,23931,0,153.42,24084.42,UPI,New,Delivered,2.2,
ORD101394,08-11-2025,CUST1793,Customer_1394,Kolkata,Home & Kitchen,Groceries Pack,Store,2,717.31,0,1434.62,0,48.36,1482.98,Debit Card,Returning,Returned,1,
ORD101395,16-10-2025,CUST1104,Customer_1395,Chennai,Books,Headphones,Website,4,9285.94,0,37143.76,0,214.3,37358.06,UPI,New,Returned,1.3,
ORD101396,07-09-2025,CUST1844,Customer_1396,Jaipur,Sports,Skincare Kit,Website,3,12446.44,0,37339.32,0,42.59,37381.91,Credit Card,VIP,Delivered,3.9,
ORD101397,05-02-2025,CUST1332,Customer_1397,Kolkata,Home & Kitchen,Football,Website,5,2488.88,10,12444.4,1244.44,97.64,11297.6,Net Banking,Returning,Delivered,1.4,
ORD101398,27-08-2025,CUST1362,Customer_1398,Delhi,Sports,Skincare Kit,Marketplace,1,8975.83,0,8975.83,0,125.51,9101.34,UPI,Returning,Returned,4.8,
ORD101399,28-05-2025,CUST1921,Customer_1399,Surat,Clothing,Shoes,Mobile App,2,8965.12,0,17930.24,0,229.66,18159.9,Cash on Delivery,New,Returned,4.5,
ORD101400,15-08-2025,CUST1289,Customer_1400,Mumbai,Books,Laptop,Mobile App,5,2588.15,0,12940.75,0,163.44,13104.19,Credit Card,Returning,Delivered,3.1,
ORD101401,01-09-2025,CUST1444,Customer_1401,Hyderabad,Grocery,Headphones,Website,4,1983.43,20,7933.72,1586.74,37.73,6384.71,Debit Card,VIP,Delivered,3.3,
ORD101402,03-12-2025,CUST1037,Customer_1402,Pune,Clothing,Watch,Store,1,14703.77,10,14703.77,1470.38,196.55,13429.94,Debit Card,New,Delivered,3.8,
ORD101403,31-12-2025,CUST1348,Customer_1403,Bengaluru,Home & Kitchen,Watch,Store,5,5996.73,5,29983.65,1499.18,141.09,28625.56,UPI,New,Delivered,3.9,
ORD101404,20-07-2025,CUST1892,Customer_1404,Hyderabad,Grocery,Skincare Kit,Website,1,3527.21,20,3527.21,705.44,278.9,3100.67,Cash on Delivery,Returning,Delivered,3,
ORD101405,03-06-2025,CUST1756,Customer_1405,Hyderabad,Beauty,Novel,Marketplace,2,2694.17,0,5388.34,0,164.88,5553.22,Cash on Delivery,VIP,Delivered,2.3,
ORD101406,14-03-2025,CUST1043,Customer_1406,Delhi,Accessories,T-Shirt,Store,4,10063.89,25,40255.56,10063.89,221.42,30413.09,Debit Card,Returning,Returned,4.6,
ORD101407,20-07-2025,CUST1126,Customer_1407,Mumbai,Beauty,Football,Mobile App,1,9200.26,10,9200.26,920.03,89.09,8369.32,Cash on Delivery,New,Returned,1.2,
ORD101408,23-10-2025,CUST1009,Customer_1408,Kolkata,Electronics,Groceries Pack,Store,5,9706.75,0,48533.75,0,235.46,48769.21,Net Banking,Returning,Returned,2.4,
ORD101409,17-01-2025,CUST1526,Customer_1409,Jaipur,Clothing,Shoes,Store,2,1456.89,15,2913.78,437.07,224.66,2701.37,UPI,VIP,Delivered,3.7,
ORD101410,09-05-2025,CUST1131,Customer_1410,Bengaluru,Clothing,Football,Website,2,13418.99,15,26837.98,4025.7,274.1,23086.38,UPI,New,Cancelled,4.6,
ORD101411,05-08-2025,CUST1325,Customer_1411,Hyderabad,Beauty,Football,Store,5,5930.61,5,29653.05,1482.65,39.13,28209.53,Cash on Delivery,New,Cancelled,1.3,
ORD101412,02-03-2025,CUST1184,Customer_1412,Delhi,Home & Kitchen,Watch,Website,5,4803.54,20,24017.7,4803.54,150.83,19364.99,Debit Card,New,Delivered,3.6,
ORD101413,14-04-2025,CUST1282,Customer_1413,Jaipur,Grocery,Groceries Pack,Mobile App,1,7016.07,0,7016.07,0,213.37,7229.44,Net Banking,New,Delivered,2.9,
ORD101414,11-02-2025,CUST1895,Customer_1414,Delhi,Grocery,T-Shirt,Store,3,5942.48,5,17827.44,891.37,55.69,16991.76,Net Banking,New,Delivered,3.7,
ORD101415,25-01-2025,CUST1053,Customer_1415,Mumbai,Grocery,Laptop,Website,2,12974.12,0,25948.24,0,140.86,26089.1,Net Banking,New,Delivered,2.3,
ORD101416,08-02-2025,CUST1553,Customer_1416,Chennai,Electronics,Novel,Website,1,13949.53,0,13949.53,0,284.38,14233.91,Credit Card,Returning,Delivered,3.8,
ORD101417,18-10-2025,CUST1850,Customer_1417,Delhi,Clothing,Shoes,Mobile App,5,4656.28,0,23281.4,0,147.7,23429.1,Cash on Delivery,New,Returned,1.7,
ORD101418,11-05-2025,CUST1870,Customer_1418,Kolkata,Accessories,Headphones,Store,1,12979.45,20,12979.45,2595.89,296.06,10679.62,Net Banking,New,Delivered,4.1,
ORD101419,17-08-2025,CUST1533,Customer_1419,Delhi,Electronics,Blender,Marketplace,5,11755.62,0,58778.1,0,45.35,58823.45,Cash on Delivery,VIP,Returned,4,
ORD101420,18-04-2025,CUST1377,Customer_1420,Jaipur,Clothing,Shoes,Store,4,13972.49,5,55889.96,2794.5,223.81,53319.27,Debit Card,New,Cancelled,4.8,
ORD101421,21-06-2025,CUST1295,Customer_1421,Mumbai,Sports,Laptop,Website,5,3799.39,10,18996.95,1899.7,186.87,17284.12,Debit Card,New,Cancelled,1.7,
ORD101422,12-04-2025,CUST1208,Customer_1422,Kolkata,Grocery,Football,Website,5,8717.84,20,43589.2,8717.84,165.15,35036.51,Debit Card,New,Delivered,3.9,
ORD101423,20-12-2025,CUST2000,Customer_1423,Ahmedabad,Sports,Shoes,Mobile App,5,4226.99,25,21134.95,5283.74,292.13,16143.34,Credit Card,Returning,Returned,2.3,
ORD101424,12-01-2025,CUST1663,Customer_1424,Delhi,Electronics,Novel,Mobile App,3,12387.8,15,37163.4,5574.51,65.01,31653.9,Debit Card,Returning,Cancelled,2.1,
ORD101425,02-10-2025,CUST1477,Customer_1425,Mumbai,Grocery,Groceries Pack,Marketplace,5,229.06,25,1145.3,286.32,271.92,1130.9,Cash on Delivery,Returning,Cancelled,2.6,
ORD101426,11-04-2025,CUST1970,Customer_1426,Chennai,Grocery,Novel,Marketplace,2,8537.56,15,17075.12,2561.27,216.63,14730.48,UPI,Returning,Returned,2.1,
ORD101427,13-02-2025,CUST1954,Customer_1427,Pune,Beauty,Laptop,Website,2,5187.17,25,10374.34,2593.58,99.93,7880.69,UPI,VIP,Delivered,2,
ORD101428,01-11-2025,CUST1069,Customer_1428,Jaipur,Beauty,Novel,Marketplace,1,4941.85,15,4941.85,741.28,273.45,4474.02,Cash on Delivery,Returning,Delivered,4.1,
ORD101429,17-01-2025,CUST1843,Customer_1429,Mumbai,Clothing,Blender,Marketplace,3,9726.86,0,29180.58,0,145.91,29326.49,UPI,New,Returned,3.8,
ORD101430,26-11-2025,CUST1925,Customer_1430,Jaipur,Accessories,Laptop,Marketplace,1,12794.54,5,12794.54,639.73,249.84,12404.65,Net Banking,New,Delivered,1.4,
ORD101431,26-02-2025,CUST1830,Customer_1431,Chennai,Accessories,Groceries Pack,Store,2,9196.55,10,18393.1,1839.31,134.99,16688.78,UPI,Returning,Cancelled,3.2,
ORD101432,07-11-2025,CUST1437,Customer_1432,Pune,Books,Groceries Pack,Store,2,12819.62,5,25639.24,1281.96,259.75,24617.03,Credit Card,VIP,Delivered,2.3,
ORD101433,30-10-2025,CUST1301,Customer_1433,Mumbai,Sports,Football,Website,4,4079.27,5,16317.08,815.85,201.89,15703.12,Debit Card,New,Delivered,4.9,
ORD101434,12-01-2025,CUST1027,Customer_1434,Surat,Sports,Football,Store,5,7864.6,10,39323,3932.3,68.08,35458.78,UPI,New,Delivered,2.7,
ORD101435,14-11-2025,CUST1628,Customer_1435,Chennai,Electronics,Laptop,Marketplace,2,6840.47,25,13680.94,3420.24,205.41,10466.11,UPI,VIP,Delivered,1.2,
ORD101436,21-03-2025,CUST1930,Customer_1436,Surat,Grocery,Groceries Pack,Marketplace,1,322.93,0,322.93,0,81.66,404.59,Credit Card,New,Delivered,2.3,
ORD101437,04-08-2025,CUST1654,Customer_1437,Bengaluru,Books,Laptop,Marketplace,1,8418.66,15,8418.66,1262.8,141.22,7297.08,Credit Card,Returning,Delivered,2.3,
ORD101438,05-12-2025,CUST1553,Customer_1438,Bengaluru,Electronics,Football,Store,5,9973.64,15,49868.2,7480.23,75.98,42463.95,UPI,New,Cancelled,1,
ORD101439,21-09-2025,CUST1106,Customer_1439,Jaipur,Beauty,Groceries Pack,Mobile App,5,8939.93,25,44699.65,11174.91,35.94,33560.68,Net Banking,New,Delivered,3,
ORD101440,29-05-2025,CUST1586,Customer_1440,Hyderabad,Beauty,Groceries Pack,Marketplace,4,11083.76,25,44335.04,11083.76,87.21,33338.49,UPI,Returning,Delivered,4.6,
ORD101441,22-03-2025,CUST1572,Customer_1441,Kolkata,Accessories,Blender,Marketplace,3,8634.39,15,25903.17,3885.48,174.82,22192.51,Net Banking,Returning,Delivered,4.2,
ORD101442,03-08-2025,CUST1810,Customer_1442,Mumbai,Books,Skincare Kit,Mobile App,1,1141.24,10,1141.24,114.12,160.02,1187.14,Debit Card,New,Returned,3.7,
ORD101443,17-07-2025,CUST1634,Customer_1443,Pune,Books,Headphones,Mobile App,5,1879.22,0,9396.1,0,165.4,9561.5,Cash on Delivery,Returning,Delivered,2.4,
ORD101444,19-07-2025,CUST1947,Customer_1444,Hyderabad,Beauty,Headphones,Website,1,9007.65,10,9007.65,900.76,96.88,8203.77,Debit Card,New,Delivered,1.9,
ORD101445,25-01-2025,CUST1715,Customer_1445,Jaipur,Home & Kitchen,Watch,Website,5,4233.44,15,21167.2,3175.08,214.99,18207.11,UPI,Returning,Returned,2.4,
ORD101446,30-03-2025,CUST1011,Customer_1446,Bengaluru,Grocery,Groceries Pack,Store,2,1332.73,20,2665.46,533.09,220.15,2352.52,UPI,New,Returned,1.5,
ORD101447,25-09-2025,CUST1931,Customer_1447,Chennai,Sports,Laptop,Mobile App,1,6529.6,15,6529.6,979.44,126.65,5676.81,Net Banking,Returning,Cancelled,1.4,
ORD101448,23-05-2025,CUST1659,Customer_1448,Chennai,Sports,Watch,Website,2,8381.69,0,16763.38,0,267.92,17031.3,Credit Card,Returning,Cancelled,3.3,
ORD101449,28-02-2025,CUST1216,Customer_1449,Bengaluru,Electronics,Blender,Marketplace,1,5031.88,10,5031.88,503.19,203.89,4732.58,Net Banking,New,Delivered,4.3,
ORD101450,31-12-2025,CUST1886,Customer_1450,Ahmedabad,Sports,Football,Website,3,10848.44,5,32545.32,1627.27,222.52,31140.57,Credit Card,New,Delivered,1.4,
ORD101451,26-01-2025,CUST1321,Customer_1451,Delhi,Electronics,Watch,Marketplace,4,9709.99,0,38839.96,0,104.88,38944.84,Credit Card,VIP,Returned,2.3,
ORD101452,16-02-2025,CUST1460,Customer_1452,Mumbai,Books,Skincare Kit,Marketplace,2,5092.35,0,10184.7,0,30.17,10214.87,Credit Card,New,Delivered,1.5,
ORD101453,15-10-2025,CUST1957,Customer_1453,Delhi,Books,Skincare Kit,Marketplace,5,11359.86,0,56799.3,0,263.65,57062.95,Credit Card,Returning,Delivered,2.2,
ORD101454,23-09-2025,CUST1815,Customer_1454,Pune,Home & Kitchen,Skincare Kit,Store,3,9783.12,20,29349.36,5869.87,252.05,23731.54,UPI,New,Delivered,4.3,
ORD101455,16-01-2025,CUST1526,Customer_1455,Ahmedabad,Grocery,Novel,Mobile App,1,9616.06,5,9616.06,480.8,63.26,9198.52,Cash on Delivery,VIP,Cancelled,1.1,
ORD101456,18-07-2025,CUST1579,Customer_1456,Pune,Books,Football,Store,2,8368.4,5,16736.8,836.84,131.01,16030.97,Cash on Delivery,VIP,Delivered,3.6,
ORD101457,09-10-2025,CUST1692,Customer_1457,Mumbai,Grocery,Blender,Website,1,319.14,25,319.14,79.78,208.56,447.92,Debit Card,New,Returned,1.2,
ORD101458,27-03-2025,CUST1877,Customer_1458,Bengaluru,Beauty,Watch,Website,1,10493.13,5,10493.13,524.66,206.07,10174.54,Debit Card,Returning,Delivered,2.7,
ORD101459,07-09-2025,CUST1754,Customer_1459,Hyderabad,Home & Kitchen,Headphones,Mobile App,1,5734.22,0,5734.22,0,262.29,5996.51,Debit Card,VIP,Delivered,2.9,
ORD101460,27-09-2025,CUST1160,Customer_1460,Kolkata,Beauty,Watch,Mobile App,4,14147.75,5,56591,2829.55,67.87,53829.32,Net Banking,New,Delivered,2.6,
ORD101461,01-12-2025,CUST1464,Customer_1461,Surat,Beauty,Skincare Kit,Website,4,12297.07,0,49188.28,0,146.08,49334.36,Debit Card,New,Delivered,3.5,
ORD101462,27-04-2025,CUST1998,Customer_1462,Hyderabad,Electronics,Watch,Mobile App,5,8877.26,0,44386.3,0,56.25,44442.55,Debit Card,New,Delivered,4.9,
ORD101463,07-01-2025,CUST1522,Customer_1463,Surat,Grocery,Blender,Mobile App,2,3894.9,0,7789.8,0,135.19,7924.99,Debit Card,New,Delivered,2.1,
ORD101464,17-05-2025,CUST1636,Customer_1464,Mumbai,Beauty,Shoes,Marketplace,3,3175.2,10,9525.6,952.56,34.08,8607.12,UPI,Returning,Delivered,3.4,
ORD101465,25-06-2025,CUST1273,Customer_1465,Jaipur,Grocery,Watch,Store,3,5204.71,0,15614.13,0,272.53,15886.66,Debit Card,Returning,Returned,2.4,
ORD101466,24-11-2025,CUST1241,Customer_1466,Pune,Home & Kitchen,Blender,Store,3,7227.03,5,21681.09,1084.05,172.3,20769.34,Cash on Delivery,Returning,Cancelled,5,
ORD101467,11-11-2025,CUST1936,Customer_1467,Kolkata,Clothing,Groceries Pack,Store,1,4546.57,20,4546.57,909.31,259.45,3896.71,UPI,New,Returned,4.8,
ORD101468,03-08-2025,CUST1964,Customer_1468,Surat,Books,Headphones,Marketplace,4,7796.7,5,31186.8,1559.34,46.17,29673.63,Credit Card,Returning,Cancelled,1.4,
ORD101469,23-03-2025,CUST1959,Customer_1469,Kolkata,Electronics,Skincare Kit,Marketplace,2,2605.75,20,5211.5,1042.3,91.41,4260.61,Net Banking,Returning,Returned,4.9,
ORD101470,11-08-2025,CUST1655,Customer_1470,Bengaluru,Grocery,Groceries Pack,Mobile App,1,14669.04,10,14669.04,1466.9,100.03,13302.17,UPI,Returning,Returned,4,
ORD101471,13-04-2025,CUST1865,Customer_1471,Ahmedabad,Books,Watch,Mobile App,4,1752.68,5,7010.72,350.54,134.41,6794.59,UPI,VIP,Delivered,5,
ORD101472,30-09-2025,CUST1167,Customer_1472,Kolkata,Beauty,Blender,Marketplace,4,13989.37,15,55957.48,8393.62,246.77,47810.63,Cash on Delivery,New,Returned,4.1,
ORD101473,14-01-2025,CUST1569,Customer_1473,Kolkata,Beauty,Skincare Kit,Marketplace,2,13716.63,0,27433.26,0,134.37,27567.63,Debit Card,Returning,Delivered,1.5,
ORD101474,08-06-2025,CUST1650,Customer_1474,Jaipur,Sports,Watch,Website,2,7951.6,0,15903.2,0,85.26,15988.46,Credit Card,Returning,Delivered,4,
ORD101475,01-06-2025,CUST1327,Customer_1475,Pune,Accessories,Shoes,Marketplace,2,10914.92,15,21829.84,3274.48,47.55,18602.91,Cash on Delivery,New,Delivered,3.9,
ORD101476,18-04-2025,CUST1865,Customer_1476,Pune,Grocery,Blender,Marketplace,1,6625.32,10,6625.32,662.53,51.46,6014.25,Cash on Delivery,New,Returned,1.7,
ORD101477,07-07-2025,CUST1529,Customer_1477,Surat,Accessories,Novel,Store,5,9506.01,15,47530.05,7129.51,235.21,40635.75,UPI,New,Delivered,4,
ORD101478,28-10-2025,CUST1844,Customer_1478,Hyderabad,Electronics,Laptop,Website,2,5207.55,20,10415.1,2083.02,150.1,8482.18,Credit Card,VIP,Delivered,3.7,
ORD101479,08-04-2025,CUST1273,Customer_1479,Ahmedabad,Electronics,Laptop,Store,5,4622.21,5,23111.05,1155.55,226.07,22181.57,Cash on Delivery,Returning,Delivered,5,
ORD101480,11-05-2025,CUST1879,Customer_1480,Kolkata,Accessories,Watch,Store,1,8736.71,10,8736.71,873.67,214.22,8077.26,Net Banking,Returning,Cancelled,3.5,
ORD101481,20-10-2025,CUST1376,Customer_1481,Pune,Home & Kitchen,Shoes,Website,5,7547.23,10,37736.15,3773.62,66.55,34029.08,Net Banking,New,Delivered,2.7,
ORD101482,20-06-2025,CUST1912,Customer_1482,Chennai,Clothing,Watch,Website,3,8756.12,25,26268.36,6567.09,68.58,19769.85,Cash on Delivery,VIP,Delivered,4.8,
ORD101483,02-07-2025,CUST1375,Customer_1483,Jaipur,Home & Kitchen,T-Shirt,Website,5,4406.91,20,22034.55,4406.91,233.94,17861.58,UPI,New,Delivered,3.5,
ORD101484,30-12-2025,CUST1334,Customer_1484,Pune,Home & Kitchen,Blender,Mobile App,2,5599.32,20,11198.64,2239.73,224.74,9183.65,Net Banking,Returning,Delivered,2.4,
ORD101485,08-02-2025,CUST1003,Customer_1485,Delhi,Home & Kitchen,Watch,Website,1,1395.88,5,1395.88,69.79,132.07,1458.16,UPI,Returning,Delivered,1.1,
ORD101486,15-01-2025,CUST1243,Customer_1486,Hyderabad,Accessories,Novel,Store,2,926.3,15,1852.6,277.89,50.9,1625.61,Debit Card,New,Delivered,4,
ORD101487,04-01-2025,CUST1620,Customer_1487,Chennai,Clothing,Laptop,Website,3,3913.84,5,11741.52,587.08,33.27,11187.71,Debit Card,Returning,Delivered,1.5,
ORD101488,15-12-2025,CUST1051,Customer_1488,Bengaluru,Home & Kitchen,Blender,Mobile App,2,1252.57,0,2505.14,0,107.8,2612.94,UPI,New,Delivered,4.7,
ORD101489,29-07-2025,CUST1882,Customer_1489,Kolkata,Books,Blender,Store,2,1691.05,25,3382.1,845.52,32.49,2569.07,Cash on Delivery,New,Delivered,4.8,
ORD101490,10-06-2025,CUST1350,Customer_1490,Bengaluru,Electronics,Headphones,Website,2,12221.99,0,24443.98,0,92.12,24536.1,Debit Card,Returning,Delivered,1.9,
ORD101491,16-01-2025,CUST1174,Customer_1491,Surat,Clothing,Blender,Website,4,727.27,25,2909.08,727.27,143.27,2325.08,Debit Card,New,Delivered,1.5,
ORD101492,18-04-2025,CUST1116,Customer_1492,Mumbai,Beauty,Novel,Store,3,9935.3,0,29805.9,0,62.78,29868.68,Net Banking,New,Cancelled,3.4,
ORD101493,07-11-2025,CUST1695,Customer_1493,Kolkata,Sports,Watch,Store,2,4197.48,20,8394.96,1678.99,58.15,6774.12,Cash on Delivery,New,Delivered,1.9,
ORD101494,15-08-2025,CUST1361,Customer_1494,Bengaluru,Sports,Football,Website,2,13092.45,5,26184.9,1309.24,272.04,25147.7,UPI,New,Returned,3.2,
ORD101495,19-06-2025,CUST1355,Customer_1495,Bengaluru,Grocery,Headphones,Mobile App,2,7352.14,5,14704.28,735.21,188.08,14157.15,Debit Card,New,Delivered,2.7,
ORD101496,03-02-2025,CUST1666,Customer_1496,Surat,Books,Skincare Kit,Store,1,4687.81,0,4687.81,0,282.3,4970.11,Cash on Delivery,Returning,Delivered,4.2,
ORD101497,08-09-2025,CUST1759,Customer_1497,Ahmedabad,Electronics,Watch,Marketplace,4,7836.94,10,31347.76,3134.78,123.37,28336.35,Debit Card,New,Delivered,5,
ORD101498,04-09-2025,CUST1076,Customer_1498,Mumbai,Sports,Laptop,Website,1,5822.08,5,5822.08,291.1,212.83,5743.81,Net Banking,Returning,Delivered,2.8,
ORD101499,26-09-2025,CUST1927,Customer_1499,Delhi,Books,Watch,Store,4,8529.87,15,34119.48,5117.92,85.27,29086.83,Cash on Delivery,Returning,Delivered,3.7,
ORD101500,21-05-2025,CUST1756,Customer_1500,Chennai,Books,Watch,Store,2,1850.81,0,3701.62,0,196.95,3898.57,Credit Card,New,Returned,2.4,
ORD101501,01-10-2025,CUST1081,Customer_1501,Kolkata,Sports,T-Shirt,Website,3,14955.31,0,44865.93,0,64.99,44930.92,Net Banking,VIP,Returned,4.5,
ORD101502,06-04-2025,CUST1229,Customer_1502,Pune,Sports,Skincare Kit,Website,5,6469.5,0,32347.5,0,30.56,32378.06,UPI,New,Delivered,1.1,
ORD101503,15-08-2025,CUST1072,Customer_1503,Bengaluru,Books,Groceries Pack,Website,5,5321.22,5,26606.1,1330.3,281.51,25557.31,Cash on Delivery,New,Returned,3,
ORD101504,08-02-2025,CUST1403,Customer_1504,Mumbai,Accessories,Laptop,Mobile App,2,10696.62,20,21393.24,4278.65,179.82,17294.41,Debit Card,New,Delivered,1.7,
ORD101505,29-10-2025,CUST1218,Customer_1505,Chennai,Books,Skincare Kit,Marketplace,1,5553.91,20,5553.91,1110.78,280.27,4723.4,Cash on Delivery,New,Delivered,1.7,
ORD101506,29-01-2025,CUST1452,Customer_1506,Hyderabad,Beauty,Headphones,Store,3,12524.12,0,37572.36,0,120.13,37692.49,UPI,VIP,Delivered,3.1,
ORD101507,14-11-2025,CUST1911,Customer_1507,Chennai,Sports,Groceries Pack,Website,4,6895.92,10,27583.68,2758.37,118.5,24943.81,Cash on Delivery,New,Delivered,2.2,
ORD101508,02-09-2025,CUST1755,Customer_1508,Jaipur,Home & Kitchen,Headphones,Website,2,10835.44,15,21670.88,3250.63,138.18,18558.43,Debit Card,Returning,Delivered,2.8,
ORD101509,24-08-2025,CUST1367,Customer_1509,Kolkata,Books,T-Shirt,Mobile App,3,1745.68,5,5237.04,261.85,220.63,5195.82,Net Banking,Returning,Delivered,2.2,
ORD101510,04-07-2025,CUST1826,Customer_1510,Surat,Electronics,Headphones,Marketplace,3,12714.87,5,38144.61,1907.23,182.77,36420.15,Net Banking,New,Delivered,2.8,
ORD101511,29-09-2025,CUST1590,Customer_1511,Pune,Electronics,Shoes,Store,4,11075.41,10,44301.64,4430.16,279.85,40151.33,Debit Card,VIP,Delivered,2.1,
ORD101512,24-08-2025,CUST1670,Customer_1512,Pune,Grocery,Shoes,Marketplace,3,3293.99,0,9881.97,0,36.87,9918.84,Credit Card,VIP,Cancelled,4.2,
ORD101513,27-08-2025,CUST1560,Customer_1513,Bengaluru,Books,Watch,Marketplace,1,2307.5,0,2307.5,0,221.21,2528.71,Credit Card,VIP,Cancelled,3.2,
ORD101514,23-09-2025,CUST1312,Customer_1514,Delhi,Electronics,Laptop,Website,1,4846.94,0,4846.94,0,119.19,4966.13,Net Banking,Returning,Delivered,1.6,
ORD101515,25-12-2025,CUST1298,Customer_1515,Chennai,Beauty,Novel,Website,1,14644.65,10,14644.65,1464.46,78.66,13258.85,UPI,New,Delivered,1,
ORD101516,06-12-2025,CUST1024,Customer_1516,Pune,Grocery,Blender,Website,3,3963.95,0,11891.85,0,167.81,12059.66,Cash on Delivery,New,Delivered,1.1,
ORD101517,06-03-2025,CUST1110,Customer_1517,Chennai,Beauty,Novel,Mobile App,1,6923.49,0,6923.49,0,166.37,7089.86,Debit Card,Returning,Delivered,2.7,
ORD101518,26-06-2025,CUST1052,Customer_1518,Mumbai,Books,Skincare Kit,Mobile App,4,595.8,5,2383.2,119.16,66.99,2331.03,UPI,New,Delivered,2.3,
ORD101519,03-01-2025,CUST1939,Customer_1519,Kolkata,Accessories,Headphones,Mobile App,3,6048.83,0,18146.49,0,84.51,18231,Cash on Delivery,Returning,Returned,2,
ORD101520,22-05-2025,CUST1290,Customer_1520,Kolkata,Grocery,Football,Website,5,8634.1,0,43170.5,0,140.2,43310.7,Net Banking,Returning,Delivered,3.5,
ORD101521,07-06-2025,CUST1444,Customer_1521,Kolkata,Sports,Watch,Website,3,14303.9,20,42911.7,8582.34,140.38,34469.74,Debit Card,New,Delivered,4.3,
ORD101522,20-11-2025,CUST1467,Customer_1522,Pune,Home & Kitchen,Groceries Pack,Website,4,7823.53,0,31294.12,0,115.74,31409.86,UPI,New,Cancelled,1.3,
ORD101523,26-05-2025,CUST1259,Customer_1523,Surat,Sports,Football,Marketplace,5,12313.74,15,61568.7,9235.3,70.11,52403.51,Cash on Delivery,VIP,Returned,1.4,
ORD101524,20-10-2025,CUST1324,Customer_1524,Kolkata,Electronics,Blender,Mobile App,3,8274.85,5,24824.55,1241.23,31.18,23614.5,Net Banking,New,Delivered,2.5,
ORD101525,02-06-2025,CUST1651,Customer_1525,Ahmedabad,Accessories,Shoes,Mobile App,1,755.66,15,755.66,113.35,291.96,934.27,Net Banking,New,Delivered,2.8,
ORD101526,12-07-2025,CUST1909,Customer_1526,Mumbai,Grocery,Novel,Marketplace,2,4827.87,10,9655.74,965.57,284.74,8974.91,Cash on Delivery,New,Delivered,2.6,
ORD101527,14-03-2025,CUST1818,Customer_1527,Surat,Home & Kitchen,Skincare Kit,Store,2,8696.91,0,17393.82,0,160.59,17554.41,Credit Card,New,Delivered,3.6,
ORD101528,01-11-2025,CUST1338,Customer_1528,Pune,Electronics,Blender,Marketplace,1,14266.32,20,14266.32,2853.26,298.66,11711.72,Credit Card,New,Delivered,1.3,
ORD101529,10-12-2025,CUST1787,Customer_1529,Pune,Home & Kitchen,Football,Marketplace,2,12908.09,10,25816.18,2581.62,211.89,23446.45,Cash on Delivery,New,Delivered,3,
ORD101530,20-05-2025,CUST1556,Customer_1530,Hyderabad,Books,T-Shirt,Website,2,3541.08,20,7082.16,1416.43,48.59,5714.32,Cash on Delivery,New,Delivered,4.2,
ORD101531,06-07-2025,CUST1929,Customer_1531,Jaipur,Clothing,Groceries Pack,Store,1,3418.63,5,3418.63,170.93,61.78,3309.48,Cash on Delivery,Returning,Delivered,4.7,
ORD101532,20-10-2025,CUST1422,Customer_1532,Ahmedabad,Accessories,Shoes,Marketplace,1,3137.42,25,3137.42,784.36,277.35,2630.41,Net Banking,New,Delivered,3.2,
ORD101533,02-03-2025,CUST1259,Customer_1533,Surat,Beauty,Shoes,Store,3,13849.11,15,41547.33,6232.1,200.11,35515.34,Debit Card,New,Returned,1.6,
ORD101534,17-07-2025,CUST1625,Customer_1534,Kolkata,Grocery,Novel,Store,3,12812.09,25,38436.27,9609.07,257.66,29084.86,Net Banking,VIP,Delivered,3.9,
ORD101535,22-10-2025,CUST1739,Customer_1535,Bengaluru,Beauty,Skincare Kit,Website,1,11657.02,10,11657.02,1165.7,272.53,10763.85,Net Banking,Returning,Cancelled,4.2,
ORD101536,15-11-2025,CUST1065,Customer_1536,Jaipur,Grocery,Laptop,Store,4,5982.12,10,23928.48,2392.85,150.94,21686.57,Credit Card,New,Returned,1.8,
ORD101537,29-10-2025,CUST1163,Customer_1537,Pune,Accessories,Headphones,Website,2,7640.05,15,15280.1,2292.02,43.1,13031.18,Cash on Delivery,VIP,Cancelled,3.7,
ORD101538,10-12-2025,CUST1164,Customer_1538,Ahmedabad,Books,Groceries Pack,Mobile App,3,7045.33,20,21135.99,4227.2,80.84,16989.63,Net Banking,New,Cancelled,4.7,
ORD101539,11-01-2025,CUST1678,Customer_1539,Kolkata,Electronics,Skincare Kit,Marketplace,2,3912.96,25,7825.92,1956.48,47.97,5917.41,Net Banking,New,Returned,3.9,
ORD101540,03-03-2025,CUST1039,Customer_1540,Jaipur,Electronics,Football,Website,5,7649.67,5,38248.35,1912.42,80.96,36416.89,Cash on Delivery,VIP,Delivered,2.7,
ORD101541,29-11-2025,CUST1665,Customer_1541,Pune,Clothing,Groceries Pack,Website,1,602.87,15,602.87,90.43,140.84,653.28,Debit Card,New,Delivered,2.8,
ORD101542,14-08-2025,CUST1320,Customer_1542,Bengaluru,Sports,T-Shirt,Marketplace,4,2107.38,0,8429.52,0,61.91,8491.43,Credit Card,VIP,Delivered,1.3,
ORD101543,02-06-2025,CUST1360,Customer_1543,Jaipur,Grocery,Blender,Website,5,13315.86,10,66579.3,6657.93,75.02,59996.39,UPI,Returning,Delivered,3.1,
ORD101544,18-07-2025,CUST1269,Customer_1544,Kolkata,Home & Kitchen,Blender,Store,5,11312.44,0,56562.2,0,150.37,56712.57,Net Banking,New,Cancelled,4.2,
ORD101545,21-02-2025,CUST1324,Customer_1545,Chennai,Books,Watch,Website,5,6429.6,5,32148,1607.4,121.85,30662.45,Debit Card,New,Delivered,4.9,
ORD101546,17-09-2025,CUST1326,Customer_1546,Bengaluru,Clothing,Football,Website,1,7829.68,25,7829.68,1957.42,156.27,6028.53,UPI,New,Delivered,2.6,
ORD101547,28-02-2025,CUST1587,Customer_1547,Chennai,Books,Headphones,Store,3,5644.48,0,16933.44,0,145.88,17079.32,Cash on Delivery,New,Delivered,2.7,
ORD101548,13-03-2025,CUST1257,Customer_1548,Hyderabad,Clothing,Shoes,Marketplace,1,11150.58,10,11150.58,1115.06,204.01,10239.53,UPI,VIP,Delivered,1.2,
ORD101549,28-05-2025,CUST1200,Customer_1549,Delhi,Electronics,Shoes,Website,3,11795.18,10,35385.54,3538.55,283.04,32130.03,Cash on Delivery,New,Returned,4.1,
ORD101550,15-12-2025,CUST1438,Customer_1550,Surat,Electronics,Novel,Mobile App,5,11484.79,0,57423.95,0,59.12,57483.07,Debit Card,New,Delivered,3.9,
ORD101551,04-03-2025,CUST1610,Customer_1551,Delhi,Sports,Watch,Marketplace,5,10880.78,5,54403.9,2720.2,56.8,51740.5,UPI,Returning,Cancelled,2.6,
ORD101552,06-11-2025,CUST1104,Customer_1552,Ahmedabad,Grocery,T-Shirt,Mobile App,4,3186.89,10,12747.56,1274.76,260.26,11733.06,Credit Card,New,Delivered,3.8,
ORD101553,31-08-2025,CUST1372,Customer_1553,Pune,Accessories,Headphones,Mobile App,3,5168.85,0,15506.55,0,166.73,15673.28,Debit Card,New,Returned,3.5,
ORD101554,26-11-2025,CUST1905,Customer_1554,Jaipur,Grocery,Groceries Pack,Mobile App,5,7127.2,20,35636,7127.2,236.93,28745.73,UPI,New,Cancelled,4.1,
ORD101555,17-04-2025,CUST1164,Customer_1555,Hyderabad,Accessories,Shoes,Website,2,5062.28,25,10124.56,2531.14,88.16,7681.58,Net Banking,Returning,Delivered,2.3,
ORD101556,14-08-2025,CUST1113,Customer_1556,Jaipur,Books,Groceries Pack,Store,4,11360.86,0,45443.44,0,253.79,45697.23,UPI,New,Delivered,3.6,
ORD101557,09-11-2025,CUST1615,Customer_1557,Chennai,Books,Skincare Kit,Website,1,5040.9,0,5040.9,0,279.44,5320.34,UPI,New,Delivered,3.5,
ORD101558,06-08-2025,CUST1549,Customer_1558,Mumbai,Sports,Laptop,Mobile App,4,2202.75,10,8811,881.1,201.58,8131.48,Credit Card,New,Delivered,1.4,
ORD101559,29-08-2025,CUST1106,Customer_1559,Jaipur,Electronics,T-Shirt,Mobile App,2,6075.75,15,12151.5,1822.72,58.59,10387.37,Debit Card,Returning,Cancelled,2.1,
ORD101560,16-09-2025,CUST1699,Customer_1560,Bengaluru,Accessories,Football,Store,3,14701.73,5,44105.19,2205.26,271.73,42171.66,Net Banking,New,Delivered,4.4,
ORD101561,19-09-2025,CUST1364,Customer_1561,Pune,Beauty,Groceries Pack,Marketplace,1,3504.34,0,3504.34,0,243.97,3748.31,Debit Card,New,Delivered,1.6,
ORD101562,05-01-2025,CUST1021,Customer_1562,Jaipur,Sports,Novel,Mobile App,1,9240.56,10,9240.56,924.06,232.74,8549.24,Debit Card,Returning,Returned,2.5,
ORD101563,18-09-2025,CUST1660,Customer_1563,Pune,Clothing,Blender,Website,3,6579.65,25,19738.95,4934.74,39.92,14844.13,Net Banking,Returning,Returned,1.9,
ORD101564,23-02-2025,CUST1998,Customer_1564,Pune,Electronics,Novel,Mobile App,4,1204.71,5,4818.84,240.94,245.72,4823.62,Net Banking,New,Delivered,1.6,
ORD101565,16-02-2025,CUST1129,Customer_1565,Hyderabad,Books,Headphones,Mobile App,5,7394.97,5,36974.85,1848.74,67.25,35193.36,Credit Card,Returning,Delivered,1.5,
ORD101566,03-08-2025,CUST1483,Customer_1566,Chennai,Books,T-Shirt,Marketplace,4,10577.14,25,42308.56,10577.14,90.04,31821.46,Cash on Delivery,New,Cancelled,2.4,
ORD101567,26-06-2025,CUST1699,Customer_1567,Kolkata,Home & Kitchen,Novel,Store,2,7771.32,15,15542.64,2331.4,185.83,13397.07,Credit Card,Returning,Cancelled,4.2,
ORD101568,09-01-2025,CUST1796,Customer_1568,Chennai,Home & Kitchen,Groceries Pack,Mobile App,5,13100.78,15,65503.9,9825.58,101.54,55779.86,Net Banking,Returning,Delivered,4.9,
ORD101569,09-04-2025,CUST1199,Customer_1569,Hyderabad,Beauty,Watch,Marketplace,4,4440.71,10,17762.84,1776.28,208.56,16195.12,UPI,VIP,Delivered,3.3,
ORD101570,20-01-2025,CUST1747,Customer_1570,Surat,Books,Novel,Marketplace,3,1430.8,25,4292.4,1073.1,194.18,3413.48,UPI,Returning,Delivered,3.5,
ORD101571,29-08-2025,CUST1952,Customer_1571,Bengaluru,Electronics,Shoes,Mobile App,2,14058,15,28116,4217.4,59.2,23957.8,Debit Card,New,Delivered,4.1,
ORD101572,02-03-2025,CUST1620,Customer_1572,Surat,Books,Skincare Kit,Mobile App,2,5766.22,20,11532.44,2306.49,207.12,9433.07,Debit Card,Returning,Delivered,3.6,
ORD101573,27-06-2025,CUST1521,Customer_1573,Mumbai,Accessories,Blender,Store,2,8709.62,15,17419.24,2612.89,279.47,15085.82,Cash on Delivery,Returning,Cancelled,4.4,
ORD101574,04-12-2025,CUST1961,Customer_1574,Kolkata,Books,Shoes,Website,5,11911.25,15,59556.25,8933.44,73.5,50696.31,Cash on Delivery,VIP,Delivered,4.5,
ORD101575,03-03-2025,CUST1420,Customer_1575,Surat,Clothing,Groceries Pack,Website,1,4966.06,5,4966.06,248.3,191.21,4908.97,Cash on Delivery,New,Cancelled,3.5,
ORD101576,25-05-2025,CUST1226,Customer_1576,Pune,Beauty,Watch,Store,5,10785.04,5,53925.2,2696.26,122.3,51351.24,Cash on Delivery,Returning,Delivered,3.1,
ORD101577,04-08-2025,CUST1930,Customer_1577,Pune,Clothing,T-Shirt,Marketplace,4,2160.97,15,8643.88,1296.58,154.1,7501.4,UPI,Returning,Returned,2.6,
ORD101578,03-01-2025,CUST1209,Customer_1578,Delhi,Grocery,Laptop,Marketplace,1,4475.71,5,4475.71,223.79,107.49,4359.41,Net Banking,Returning,Delivered,2.8,
ORD101579,09-06-2025,CUST1245,Customer_1579,Delhi,Accessories,Football,Store,4,2298.95,10,9195.8,919.58,125.62,8401.84,Cash on Delivery,VIP,Delivered,2.4,
ORD101580,15-08-2025,CUST1288,Customer_1580,Ahmedabad,Home & Kitchen,Watch,Website,1,12196.77,0,12196.77,0,37.81,12234.58,Credit Card,Returning,Delivered,2.7,
ORD101581,26-09-2025,CUST1066,Customer_1581,Pune,Accessories,Novel,Marketplace,5,3456.34,20,17281.7,3456.34,295.02,14120.38,Cash on Delivery,Returning,Delivered,4.6,
ORD101582,30-04-2025,CUST1868,Customer_1582,Delhi,Clothing,T-Shirt,Website,2,10803.44,0,21606.88,0,198.7,21805.58,UPI,New,Delivered,4.9,
ORD101583,30-03-2025,CUST1153,Customer_1583,Mumbai,Home & Kitchen,T-Shirt,Marketplace,3,14157.98,20,42473.94,8494.79,165.19,34144.34,Debit Card,New,Delivered,2.4,
ORD101584,25-11-2025,CUST1491,Customer_1584,Kolkata,Grocery,Skincare Kit,Website,2,7987.42,10,15974.84,1597.48,133.6,14510.96,Credit Card,New,Cancelled,1.9,
ORD101585,09-03-2025,CUST1435,Customer_1585,Surat,Sports,Headphones,Store,5,8169.43,0,40847.15,0,175.63,41022.78,Cash on Delivery,New,Delivered,1.3,
ORD101586,23-12-2025,CUST1703,Customer_1586,Hyderabad,Grocery,Skincare Kit,Website,1,6996.35,10,6996.35,699.64,132.63,6429.34,UPI,New,Returned,4.3,
ORD101587,08-04-2025,CUST1218,Customer_1587,Delhi,Home & Kitchen,Blender,Marketplace,2,4989.47,5,9978.94,498.95,127.18,9607.17,Debit Card,New,Delivered,4.5,
ORD101588,24-09-2025,CUST1429,Customer_1588,Chennai,Books,Football,Marketplace,5,7213.48,5,36067.4,1803.37,155.27,34419.3,Cash on Delivery,Returning,Delivered,2.8,
ORD101589,15-04-2025,CUST1502,Customer_1589,Kolkata,Grocery,Groceries Pack,Marketplace,4,9101.69,5,36406.76,1820.34,104.52,34690.94,UPI,Returning,Cancelled,3.2,
ORD101590,19-11-2025,CUST1666,Customer_1590,Kolkata,Home & Kitchen,Groceries Pack,Mobile App,3,14791.97,0,44375.91,0,78.61,44454.52,UPI,Returning,Cancelled,4,
ORD101591,03-05-2025,CUST1789,Customer_1591,Ahmedabad,Grocery,Laptop,Mobile App,2,14075.8,25,28151.6,7037.9,180.28,21293.98,Net Banking,Returning,Delivered,2.5,
ORD101592,29-01-2025,CUST1594,Customer_1592,Mumbai,Books,Football,Marketplace,1,12952.97,0,12952.97,0,257.55,13210.52,UPI,Returning,Returned,1.8,
ORD101593,17-05-2025,CUST1221,Customer_1593,Jaipur,Beauty,T-Shirt,Store,4,13353.59,15,53414.36,8012.15,71.26,45473.47,Cash on Delivery,New,Delivered,1.5,
ORD101594,14-07-2025,CUST1435,Customer_1594,Ahmedabad,Books,Shoes,Marketplace,5,7097.56,5,35487.8,1774.39,38.84,33752.25,UPI,VIP,Cancelled,1.9,
ORD101595,14-08-2025,CUST1280,Customer_1595,Delhi,Grocery,Headphones,Store,3,9913.05,10,29739.15,2973.92,96.64,26861.87,Credit Card,New,Cancelled,3.6,
ORD101596,28-11-2025,CUST1623,Customer_1596,Chennai,Accessories,Laptop,Marketplace,1,13441.74,5,13441.74,672.09,294.52,13064.17,UPI,VIP,Returned,2.4,
ORD101597,19-06-2025,CUST1092,Customer_1597,Jaipur,Books,Watch,Marketplace,5,5985.32,15,29926.6,4488.99,253.76,25691.37,UPI,Returning,Delivered,4.5,
ORD101598,09-01-2025,CUST1524,Customer_1598,Pune,Books,T-Shirt,Store,5,14432.17,15,72160.85,10824.13,190.88,61527.6,Credit Card,New,Cancelled,1.4,
ORD101599,09-02-2025,CUST1139,Customer_1599,Mumbai,Beauty,Watch,Website,2,6324.42,15,12648.84,1897.33,280.9,11032.41,Cash on Delivery,New,Delivered,2.7,
ORD101600,25-01-2025,CUST1667,Customer_1600,Delhi,Electronics,Groceries Pack,Mobile App,2,9076.08,0,18152.16,0,150.23,18302.39,Debit Card,New,Returned,2,
ORD101601,18-09-2025,CUST1023,Customer_1601,Kolkata,Grocery,Laptop,Marketplace,1,10690.6,15,10690.6,1603.59,295.49,9382.5,Net Banking,New,Cancelled,4.6,
ORD101602,14-08-2025,CUST1417,Customer_1602,Surat,Electronics,T-Shirt,Store,5,14266.29,5,71331.45,3566.57,110,67874.88,Debit Card,New,Delivered,4.2,
ORD101603,04-05-2025,CUST1976,Customer_1603,Chennai,Grocery,Blender,Store,2,3782.55,0,7565.1,0,94.88,7659.98,Cash on Delivery,Returning,Cancelled,4.9,
ORD101604,07-02-2025,CUST1732,Customer_1604,Ahmedabad,Home & Kitchen,T-Shirt,Mobile App,3,11230.05,5,33690.15,1684.51,202.27,32207.91,Cash on Delivery,New,Delivered,1.5,
ORD101605,24-11-2025,CUST1348,Customer_1605,Delhi,Sports,Shoes,Mobile App,3,7884.11,10,23652.33,2365.23,132.1,21419.2,Credit Card,Returning,Delivered,4.1,
ORD101606,08-09-2025,CUST1237,Customer_1606,Kolkata,Electronics,Shoes,Website,5,4138.07,10,20690.35,2069.04,199.12,18820.43,Debit Card,Returning,Delivered,1.5,
ORD101607,25-06-2025,CUST1765,Customer_1607,Chennai,Home & Kitchen,Laptop,Marketplace,2,11682.61,15,23365.22,3504.78,112.35,19972.79,UPI,Returning,Returned,1.6,
ORD101608,31-03-2025,CUST1934,Customer_1608,Mumbai,Beauty,Skincare Kit,Mobile App,1,8350.5,5,8350.5,417.52,196.84,8129.82,Credit Card,New,Cancelled,1.2,
ORD101609,06-02-2025,CUST1183,Customer_1609,Hyderabad,Accessories,Football,Website,1,9965.46,5,9965.46,498.27,104.45,9571.64,Credit Card,New,Cancelled,2.9,
ORD101610,12-11-2025,CUST1508,Customer_1610,Kolkata,Electronics,Football,Marketplace,1,4945.08,0,4945.08,0,43.76,4988.84,Net Banking,New,Delivered,1.5,
ORD101611,25-06-2025,CUST1198,Customer_1611,Bengaluru,Electronics,Skincare Kit,Marketplace,3,7296.92,15,21890.76,3283.61,276.28,18883.43,Credit Card,Returning,Delivered,2.4,
ORD101612,11-10-2025,CUST1682,Customer_1612,Surat,Books,Football,Store,2,9317.71,10,18635.42,1863.54,268.47,17040.35,Debit Card,Returning,Cancelled,2.1,
ORD101613,22-03-2025,CUST1123,Customer_1613,Mumbai,Accessories,T-Shirt,Mobile App,2,6162.93,5,12325.86,616.29,292.12,12001.69,Cash on Delivery,Returning,Delivered,4.9,
ORD101614,24-04-2025,CUST1925,Customer_1614,Delhi,Accessories,Blender,Website,3,3095.83,15,9287.49,1393.12,223.46,8117.83,Net Banking,New,Delivered,3.6,
ORD101615,09-02-2025,CUST1546,Customer_1615,Chennai,Grocery,Football,Website,1,14430.36,10,14430.36,1443.04,214.33,13201.65,UPI,New,Delivered,2.6,
ORD101616,28-10-2025,CUST1381,Customer_1616,Bengaluru,Books,Watch,Store,1,7745.29,10,7745.29,774.53,180.93,7151.69,Debit Card,Returning,Delivered,4.5,
ORD101617,12-08-2025,CUST1825,Customer_1617,Chennai,Home & Kitchen,Blender,Website,5,11048.72,10,55243.6,5524.36,64,49783.24,UPI,Returning,Delivered,1.3,
ORD101618,14-11-2025,CUST1515,Customer_1618,Pune,Books,Watch,Website,4,6254.05,10,25016.2,2501.62,81.09,22595.67,Credit Card,VIP,Returned,2.3,
ORD101619,15-12-2025,CUST1006,Customer_1619,Jaipur,Accessories,Headphones,Marketplace,2,5423.71,15,10847.42,1627.11,108.16,9328.47,Debit Card,VIP,Delivered,3.1,
ORD101620,25-04-2025,CUST1304,Customer_1620,Jaipur,Home & Kitchen,Skincare Kit,Mobile App,2,6196.39,5,12392.78,619.64,270.34,12043.48,Net Banking,Returning,Delivered,1.2,
ORD101621,05-07-2025,CUST1614,Customer_1621,Pune,Clothing,Football,Store,2,6226.57,0,12453.14,0,76.7,12529.84,Net Banking,New,Delivered,1.6,
ORD101622,19-11-2025,CUST1192,Customer_1622,Chennai,Grocery,Headphones,Mobile App,4,8231.07,0,32924.28,0,279.18,33203.46,UPI,New,Delivered,4.6,
ORD101623,25-02-2025,CUST1376,Customer_1623,Hyderabad,Clothing,Watch,Website,5,8220.53,10,41102.65,4110.27,171.15,37163.53,Cash on Delivery,New,Returned,1.7,
ORD101624,09-02-2025,CUST1525,Customer_1624,Jaipur,Sports,Novel,Website,4,7532.73,20,30130.92,6026.18,223.2,24327.94,Net Banking,VIP,Delivered,4.7,
ORD101625,20-12-2025,CUST1036,Customer_1625,Kolkata,Grocery,Blender,Website,1,2151.57,5,2151.57,107.58,59.77,2103.76,UPI,New,Delivered,1.4,
ORD101626,09-02-2025,CUST1975,Customer_1626,Pune,Electronics,Novel,Mobile App,1,7516.72,0,7516.72,0,102.64,7619.36,Cash on Delivery,Returning,Delivered,4.6,
ORD101627,13-12-2025,CUST1070,Customer_1627,Chennai,Clothing,T-Shirt,Store,2,2661.19,15,5322.38,798.36,288.8,4812.82,Debit Card,VIP,Delivered,2.8,
ORD101628,25-08-2025,CUST1289,Customer_1628,Ahmedabad,Home & Kitchen,Headphones,Store,3,2023.12,20,6069.36,1213.87,101.86,4957.35,Net Banking,Returning,Delivered,3.3,
ORD101629,16-10-2025,CUST1105,Customer_1629,Jaipur,Books,Football,Marketplace,2,13999.79,20,27999.58,5599.92,110.06,22509.72,Net Banking,Returning,Delivered,2.1,
ORD101630,19-09-2025,CUST1716,Customer_1630,Delhi,Books,Blender,Store,3,9133.51,10,27400.53,2740.05,83.35,24743.83,UPI,New,Delivered,2.1,
ORD101631,04-08-2025,CUST1313,Customer_1631,Ahmedabad,Electronics,Blender,Marketplace,4,9943.43,20,39773.72,7954.74,64.85,31883.83,Net Banking,New,Delivered,3,
ORD101632,27-05-2025,CUST1055,Customer_1632,Hyderabad,Grocery,Novel,Website,1,6116.64,0,6116.64,0,92.98,6209.62,UPI,Returning,Returned,2.4,
ORD101633,02-12-2025,CUST1107,Customer_1633,Jaipur,Accessories,Groceries Pack,Store,3,13648.37,0,40945.11,0,203.43,41148.54,Net Banking,VIP,Returned,1.3,
ORD101634,17-06-2025,CUST1653,Customer_1634,Delhi,Clothing,Novel,Marketplace,4,9623.27,0,38493.08,0,152.95,38646.03,UPI,VIP,Cancelled,2.4,
ORD101635,02-04-2025,CUST1737,Customer_1635,Ahmedabad,Sports,Watch,Marketplace,1,11572.17,15,11572.17,1735.83,179.51,10015.85,Net Banking,New,Delivered,2,
ORD101636,19-12-2025,CUST1307,Customer_1636,Delhi,Accessories,Headphones,Mobile App,3,5623.15,0,16869.45,0,63.04,16932.49,Debit Card,New,Returned,4.4,
ORD101637,28-02-2025,CUST1860,Customer_1637,Pune,Sports,Watch,Website,2,14406.18,10,28812.36,2881.24,246.57,26177.69,Debit Card,Returning,Returned,4.4,
ORD101638,28-02-2025,CUST1821,Customer_1638,Jaipur,Sports,Football,Store,2,12333.85,10,24667.7,2466.77,241.71,22442.64,UPI,Returning,Delivered,1.6,
ORD101639,31-10-2025,CUST1036,Customer_1639,Kolkata,Sports,Blender,Store,2,12831.13,5,25662.26,1283.11,35.83,24414.98,Debit Card,New,Cancelled,3.9,
ORD101640,18-06-2025,CUST1133,Customer_1640,Kolkata,Books,Football,Store,4,2707.08,20,10828.32,2165.66,133.55,8796.21,UPI,New,Delivered,2.8,
ORD101641,26-09-2025,CUST1887,Customer_1641,Bengaluru,Accessories,T-Shirt,Marketplace,2,4173.8,0,8347.6,0,48.57,8396.17,UPI,VIP,Delivered,4.5,
ORD101642,29-12-2025,CUST1025,Customer_1642,Jaipur,Books,Shoes,Store,5,4391.56,5,21957.8,1097.89,243.87,21103.78,Credit Card,VIP,Delivered,2.1,
ORD101643,14-02-2025,CUST1849,Customer_1643,Pune,Books,Football,Store,1,4173,15,4173,625.95,229.06,3776.11,Debit Card,Returning,Delivered,1.4,
ORD101644,11-12-2025,CUST1037,Customer_1644,Delhi,Grocery,Headphones,Store,4,12852.81,0,51411.24,0,273.54,51684.78,Credit Card,Returning,Delivered,4.2,
ORD101645,30-06-2025,CUST1019,Customer_1645,Pune,Accessories,Headphones,Website,2,623.49,15,1246.98,187.05,93.83,1153.76,Credit Card,New,Delivered,4.5,
ORD101646,19-06-2025,CUST1035,Customer_1646,Mumbai,Home & Kitchen,Laptop,Website,1,1280.08,20,1280.08,256.02,153.2,1177.26,Net Banking,Returning,Delivered,4.4,
ORD101647,22-12-2025,CUST1363,Customer_1647,Hyderabad,Sports,Laptop,Marketplace,3,4217.64,25,12652.92,3163.23,79.81,9569.5,UPI,New,Delivered,2.3,
ORD101648,10-07-2025,CUST1418,Customer_1648,Ahmedabad,Accessories,Laptop,Mobile App,2,3118.11,20,6236.22,1247.24,130.23,5119.21,Cash on Delivery,New,Cancelled,1.1,
ORD101649,04-06-2025,CUST1822,Customer_1649,Hyderabad,Beauty,Skincare Kit,Store,1,3593.12,5,3593.12,179.66,171.01,3584.47,Credit Card,New,Returned,1.6,
ORD101650,07-07-2025,CUST1430,Customer_1650,Pune,Books,Blender,Store,5,11999.46,10,59997.3,5999.73,44.4,54041.97,Net Banking,New,Delivered,4.7,
ORD101651,07-01-2025,CUST1518,Customer_1651,Kolkata,Sports,Watch,Marketplace,3,8512.43,0,25537.29,0,223.02,25760.31,Debit Card,VIP,Returned,2.5,
ORD101652,13-05-2025,CUST1467,Customer_1652,Chennai,Clothing,Novel,Store,5,235.69,5,1178.45,58.92,176.69,1296.22,Cash on Delivery,VIP,Delivered,4.5,
ORD101653,23-08-2025,CUST1897,Customer_1653,Hyderabad,Grocery,Blender,Mobile App,1,6525.44,0,6525.44,0,253.82,6779.26,UPI,Returning,Delivered,4.9,
ORD101654,14-02-2025,CUST1199,Customer_1654,Chennai,Electronics,Laptop,Marketplace,5,6207.09,5,31035.45,1551.77,103.38,29587.06,Net Banking,Returning,Delivered,2.6,
ORD101655,10-11-2025,CUST1546,Customer_1655,Surat,Books,Novel,Website,1,1842.09,20,1842.09,368.42,273.9,1747.57,Cash on Delivery,New,Cancelled,4.1,
ORD101656,06-09-2025,CUST1568,Customer_1656,Pune,Books,Skincare Kit,Mobile App,1,10190.71,5,10190.71,509.54,299.65,9980.82,UPI,Returning,Delivered,1.7,
ORD101657,31-01-2025,CUST1768,Customer_1657,Ahmedabad,Clothing,Novel,Store,5,10576.14,10,52880.7,5288.07,278.21,47870.84,UPI,Returning,Cancelled,2.5,
ORD101658,23-01-2025,CUST1211,Customer_1658,Kolkata,Electronics,Headphones,Mobile App,1,10855.26,10,10855.26,1085.53,240.03,10009.76,Cash on Delivery,Returning,Cancelled,3.8,
ORD101659,09-06-2025,CUST1609,Customer_1659,Pune,Home & Kitchen,Watch,Website,2,10967.79,10,21935.58,2193.56,249.34,19991.36,Net Banking,New,Cancelled,1.8,
ORD101660,29-12-2025,CUST1794,Customer_1660,Bengaluru,Accessories,Novel,Marketplace,1,150.78,25,150.78,37.7,184.91,297.99,Cash on Delivery,Returning,Delivered,2.3,
ORD101661,07-06-2025,CUST1501,Customer_1661,Hyderabad,Books,Skincare Kit,Mobile App,4,14315.72,5,57262.88,2863.14,81.34,54481.08,Credit Card,New,Cancelled,3.3,
ORD101662,08-02-2025,CUST1241,Customer_1662,Pune,Electronics,Laptop,Marketplace,1,12241,10,12241,1224.1,212.8,11229.7,UPI,New,Delivered,3.8,
ORD101663,23-03-2025,CUST1170,Customer_1663,Ahmedabad,Beauty,Laptop,Marketplace,4,13574.13,5,54296.52,2714.83,222.44,51804.13,Debit Card,Returning,Delivered,2.4,
ORD101664,22-12-2025,CUST1859,Customer_1664,Mumbai,Books,Watch,Store,1,382.3,0,382.3,0,296.05,678.35,Cash on Delivery,New,Delivered,2.5,
ORD101665,15-09-2025,CUST1294,Customer_1665,Bengaluru,Sports,Blender,Store,1,14017.8,10,14017.8,1401.78,176.15,12792.17,Cash on Delivery,Returning,Delivered,1.4,
ORD101666,25-07-2025,CUST1922,Customer_1666,Jaipur,Grocery,Football,Marketplace,5,12175.36,20,60876.8,12175.36,103.27,48804.71,UPI,Returning,Delivered,4.9,
ORD101667,18-03-2025,CUST1739,Customer_1667,Pune,Clothing,Shoes,Website,2,12582.7,0,25165.4,0,214.59,25379.99,UPI,New,Delivered,3.4,
ORD101668,12-01-2025,CUST1315,Customer_1668,Chennai,Electronics,Watch,Marketplace,2,1535.32,0,3070.64,0,294.43,3365.07,Cash on Delivery,VIP,Cancelled,3.1,
ORD101669,22-10-2025,CUST1127,Customer_1669,Mumbai,Clothing,Blender,Website,3,11120.85,0,33362.55,0,77.85,33440.4,Debit Card,Returning,Cancelled,1.8,
ORD101670,12-08-2025,CUST1468,Customer_1670,Jaipur,Sports,Watch,Mobile App,5,14404.76,15,72023.8,10803.57,118.02,61338.25,UPI,New,Cancelled,3,
ORD101671,13-01-2025,CUST1792,Customer_1671,Pune,Home & Kitchen,T-Shirt,Marketplace,5,10226.43,15,51132.15,7669.82,176.31,43638.64,UPI,Returning,Delivered,2.8,
ORD101672,15-02-2025,CUST1367,Customer_1672,Bengaluru,Grocery,Headphones,Mobile App,2,8622.84,10,17245.68,1724.57,75.96,15597.07,Credit Card,New,Cancelled,2,
ORD101673,04-06-2025,CUST1021,Customer_1673,Kolkata,Sports,Headphones,Marketplace,5,14192.6,10,70963,7096.3,36,63902.7,Net Banking,Returning,Delivered,2.8,
ORD101674,23-04-2025,CUST1316,Customer_1674,Hyderabad,Accessories,Blender,Mobile App,2,6727.62,20,13455.24,2691.05,120.99,10885.18,Credit Card,Returning,Cancelled,1.8,
ORD101675,21-08-2025,CUST1758,Customer_1675,Bengaluru,Home & Kitchen,Shoes,Website,5,9049.51,15,45247.55,6787.13,263.65,38724.07,Debit Card,New,Delivered,3.8,
ORD101676,17-01-2025,CUST1090,Customer_1676,Jaipur,Clothing,Headphones,Mobile App,1,7223.62,20,7223.62,1444.72,41.74,5820.64,Net Banking,Returning,Cancelled,4.6,
ORD101677,26-12-2025,CUST1404,Customer_1677,Delhi,Home & Kitchen,Blender,Mobile App,2,14002.77,20,28005.54,5601.11,145.81,22550.24,Cash on Delivery,VIP,Delivered,1,
ORD101678,11-08-2025,CUST1518,Customer_1678,Surat,Books,Watch,Store,2,1279.86,10,2559.72,255.97,235.79,2539.54,Debit Card,New,Returned,3.2,
ORD101679,20-12-2025,CUST1451,Customer_1679,Mumbai,Home & Kitchen,Groceries Pack,Marketplace,4,7591.63,10,30366.52,3036.65,287.36,27617.23,Debit Card,New,Delivered,3.9,
ORD101680,07-07-2025,CUST1778,Customer_1680,Chennai,Home & Kitchen,Novel,Marketplace,5,10351.24,20,51756.2,10351.24,296.08,41701.04,Credit Card,New,Delivered,4.6,
ORD101681,10-12-2025,CUST1908,Customer_1681,Bengaluru,Books,Groceries Pack,Marketplace,5,11909.81,25,59549.05,14887.26,143.93,44805.72,Net Banking,New,Delivered,2.4,
ORD101682,31-12-2025,CUST1609,Customer_1682,Bengaluru,Home & Kitchen,Groceries Pack,Marketplace,2,8807.83,0,17615.66,0,286.6,17902.26,Debit Card,New,Delivered,4.6,
ORD101683,12-06-2025,CUST1150,Customer_1683,Surat,Books,Novel,Store,1,13647.43,0,13647.43,0,39.56,13686.99,Net Banking,New,Delivered,4.3,
ORD101684,22-11-2025,CUST1446,Customer_1684,Kolkata,Books,Groceries Pack,Website,1,14138.57,25,14138.57,3534.64,231.4,10835.33,Cash on Delivery,New,Delivered,3.1,
ORD101685,15-03-2025,CUST1957,Customer_1685,Mumbai,Grocery,Shoes,Mobile App,1,1105.14,5,1105.14,55.26,203.54,1253.42,Net Banking,New,Delivered,2,
ORD101686,21-08-2025,CUST1080,Customer_1686,Ahmedabad,Home & Kitchen,Novel,Mobile App,5,6125.2,20,30626,6125.2,97.37,24598.17,Credit Card,Returning,Delivered,3.6,
ORD101687,12-08-2025,CUST1017,Customer_1687,Chennai,Books,Headphones,Website,4,498.37,5,1993.48,99.67,166.98,2060.79,Credit Card,VIP,Delivered,2,
ORD101688,15-11-2025,CUST1138,Customer_1688,Jaipur,Electronics,Groceries Pack,Mobile App,2,5041.84,0,10083.68,0,64.98,10148.66,Debit Card,VIP,Returned,2.4,
ORD101689,01-03-2025,CUST1652,Customer_1689,Delhi,Home & Kitchen,Groceries Pack,Store,3,8122.49,0,24367.47,0,265.33,24632.8,Net Banking,New,Cancelled,2.9,
ORD101690,01-12-2025,CUST1851,Customer_1690,Mumbai,Accessories,T-Shirt,Marketplace,4,13675.3,0,54701.2,0,126.63,54827.83,Credit Card,Returning,Delivered,3,
ORD101691,10-08-2025,CUST1508,Customer_1691,Bengaluru,Home & Kitchen,Skincare Kit,Marketplace,3,12721.33,0,38163.99,0,199.03,38363.02,UPI,VIP,Delivered,1.8,
ORD101692,06-02-2025,CUST1552,Customer_1692,Mumbai,Sports,Football,Store,4,2043.37,10,8173.48,817.35,72.87,7429,Credit Card,VIP,Returned,3.8,
ORD101693,05-10-2025,CUST1919,Customer_1693,Mumbai,Sports,T-Shirt,Marketplace,1,1531.5,15,1531.5,229.72,85.66,1387.44,Cash on Delivery,VIP,Returned,5,
ORD101694,15-07-2025,CUST1680,Customer_1694,Pune,Grocery,Blender,Mobile App,5,8900.62,25,44503.1,11125.78,297.83,33675.15,UPI,Returning,Delivered,2,
ORD101695,18-12-2025,CUST1074,Customer_1695,Surat,Grocery,Laptop,Website,3,8051.95,10,24155.85,2415.58,233.33,21973.6,Net Banking,New,Delivered,3.2,
ORD101696,30-08-2025,CUST1074,Customer_1696,Pune,Accessories,T-Shirt,Website,4,4105.71,10,16422.84,1642.28,289.73,15070.29,Debit Card,New,Delivered,2.8,
ORD101697,20-11-2025,CUST1050,Customer_1697,Jaipur,Grocery,Novel,Mobile App,5,13506.88,10,67534.4,6753.44,109.88,60890.84,UPI,Returning,Delivered,2.2,
ORD101698,07-08-2025,CUST1010,Customer_1698,Kolkata,Sports,T-Shirt,Website,3,13921.39,10,41764.17,4176.42,74.43,37662.18,Credit Card,New,Delivered,2.7,
ORD101699,11-07-2025,CUST1103,Customer_1699,Mumbai,Accessories,Novel,Website,2,6128.78,10,12257.56,1225.76,165.83,11197.63,Debit Card,VIP,Delivered,3.9,
ORD101700,17-01-2025,CUST1862,Customer_1700,Ahmedabad,Home & Kitchen,Groceries Pack,Marketplace,4,13370.99,0,53483.96,0,163.56,53647.52,Debit Card,New,Delivered,2.7,
ORD101701,12-01-2025,CUST1388,Customer_1701,Delhi,Accessories,Skincare Kit,Mobile App,2,5851.64,0,11703.28,0,77.24,11780.52,Debit Card,VIP,Delivered,3,
ORD101702,12-07-2025,CUST1385,Customer_1702,Hyderabad,Accessories,Football,Store,1,11091.73,0,11091.73,0,227.97,11319.7,Debit Card,Returning,Cancelled,2.9,
ORD101703,22-01-2025,CUST1299,Customer_1703,Pune,Sports,Skincare Kit,Website,2,7217.74,0,14435.48,0,127.68,14563.16,Net Banking,New,Returned,3.2,
ORD101704,30-04-2025,CUST1339,Customer_1704,Jaipur,Electronics,Novel,Mobile App,2,1970.36,15,3940.72,591.11,80.32,3429.93,Net Banking,New,Cancelled,2.2,
ORD101705,29-07-2025,CUST1389,Customer_1705,Jaipur,Clothing,Football,Store,4,13929.82,0,55719.28,0,119.64,55838.92,Net Banking,New,Delivered,3,
ORD101706,02-11-2025,CUST1990,Customer_1706,Mumbai,Sports,Watch,Store,1,6893.33,20,6893.33,1378.67,182.19,5696.85,Credit Card,Returning,Returned,1.5,
ORD101707,27-09-2025,CUST1474,Customer_1707,Kolkata,Books,Laptop,Marketplace,2,11057.13,25,22114.26,5528.56,226.15,16811.85,Net Banking,Returning,Delivered,4,
ORD101708,11-07-2025,CUST1616,Customer_1708,Bengaluru,Sports,T-Shirt,Marketplace,5,5602.53,25,28012.65,7003.16,160.11,21169.6,Debit Card,VIP,Cancelled,1.4,
ORD101709,24-06-2025,CUST1802,Customer_1709,Ahmedabad,Electronics,T-Shirt,Website,3,430.38,25,1291.14,322.79,171.91,1140.26,UPI,New,Delivered,4.1,
ORD101710,12-10-2025,CUST1962,Customer_1710,Mumbai,Books,T-Shirt,Mobile App,2,1642.88,5,3285.76,164.29,67.52,3188.99,UPI,New,Delivered,4.3,
ORD101711,23-07-2025,CUST1792,Customer_1711,Hyderabad,Books,Shoes,Mobile App,1,7518.86,10,7518.86,751.89,276.97,7043.94,UPI,New,Delivered,1.1,
ORD101712,13-06-2025,CUST1142,Customer_1712,Pune,Books,Laptop,Marketplace,2,10395.97,0,20791.94,0,280.76,21072.7,UPI,New,Delivered,4.3,
ORD101713,08-09-2025,CUST1809,Customer_1713,Chennai,Accessories,Headphones,Marketplace,3,5120.82,20,15362.46,3072.49,214.53,12504.5,UPI,Returning,Returned,3.6,
ORD101714,15-08-2025,CUST1170,Customer_1714,Kolkata,Books,Blender,Marketplace,1,10478,20,10478,2095.6,34.76,8417.16,Cash on Delivery,New,Delivered,1.4,
ORD101715,07-01-2025,CUST1013,Customer_1715,Hyderabad,Beauty,Skincare Kit,Website,4,10524.74,20,42098.96,8419.79,175.01,33854.18,UPI,Returning,Delivered,5,
ORD101716,29-01-2025,CUST1669,Customer_1716,Hyderabad,Beauty,Groceries Pack,Mobile App,1,10603.45,10,10603.45,1060.34,199.89,9743,UPI,New,Delivered,3.5,
ORD101717,02-02-2025,CUST1449,Customer_1717,Mumbai,Books,Headphones,Website,4,7463.95,15,29855.8,4478.37,298.56,25675.99,UPI,New,Delivered,2.6,
ORD101718,14-05-2025,CUST1174,Customer_1718,Chennai,Books,Groceries Pack,Mobile App,1,13736.06,0,13736.06,0,298.94,14035,Credit Card,Returning,Returned,4.5,
ORD101719,20-03-2025,CUST1674,Customer_1719,Mumbai,Books,Football,Marketplace,3,7414.57,0,22243.71,0,261.56,22505.27,Cash on Delivery,Returning,Delivered,1.2,
ORD101720,27-02-2025,CUST1959,Customer_1720,Chennai,Electronics,Groceries Pack,Website,3,6836.44,15,20509.32,3076.4,47.23,17480.15,UPI,New,Delivered,3.9,
ORD101721,26-01-2025,CUST1132,Customer_1721,Jaipur,Sports,Shoes,Store,1,3110.81,5,3110.81,155.54,287.38,3242.65,Net Banking,Returning,Delivered,1.6,
ORD101722,14-08-2025,CUST1540,Customer_1722,Ahmedabad,Clothing,Football,Website,2,4718.68,25,9437.36,2359.34,195.42,7273.44,Credit Card,New,Cancelled,3.2,
ORD101723,12-10-2025,CUST1595,Customer_1723,Kolkata,Grocery,Laptop,Website,3,778.67,0,2336.01,0,246.24,2582.25,Cash on Delivery,Returning,Delivered,1.4,
ORD101724,04-01-2025,CUST1897,Customer_1724,Jaipur,Books,Novel,Store,4,9558,20,38232,7646.4,139.94,30725.54,Net Banking,VIP,Delivered,3.7,
ORD101725,09-04-2025,CUST1932,Customer_1725,Kolkata,Grocery,Football,Store,4,3840.76,10,15363.04,1536.3,116.31,13943.05,Net Banking,Returning,Delivered,2.9,
ORD101726,08-02-2025,CUST1875,Customer_1726,Pune,Sports,Football,Marketplace,5,4666.71,20,23333.55,4666.71,155.08,18821.92,Credit Card,New,Cancelled,1,
ORD101727,28-09-2025,CUST1269,Customer_1727,Bengaluru,Electronics,Headphones,Store,4,11596.6,20,46386.4,9277.28,69.66,37178.78,Net Banking,Returning,Delivered,1.3,
ORD101728,12-10-2025,CUST1251,Customer_1728,Ahmedabad,Grocery,Watch,Store,5,5009.23,20,25046.15,5009.23,126.41,20163.33,Debit Card,Returning,Delivered,3.8,
ORD101729,06-06-2025,CUST1370,Customer_1729,Kolkata,Electronics,Groceries Pack,Website,1,3746.61,5,3746.61,187.33,261.56,3820.84,Credit Card,New,Delivered,2.6,
ORD101730,16-03-2025,CUST1618,Customer_1730,Bengaluru,Books,Novel,Website,1,2660.51,25,2660.51,665.13,40.25,2035.63,Credit Card,Returning,Delivered,3.7,
ORD101731,15-10-2025,CUST1773,Customer_1731,Bengaluru,Grocery,Laptop,Marketplace,1,11656.65,0,11656.65,0,70.74,11727.39,Debit Card,New,Cancelled,2.6,
ORD101732,10-05-2025,CUST1865,Customer_1732,Bengaluru,Home & Kitchen,Laptop,Store,2,2076.14,0,4152.28,0,63.78,4216.06,Credit Card,Returning,Delivered,2.4,
ORD101733,24-06-2025,CUST1526,Customer_1733,Mumbai,Accessories,Blender,Mobile App,2,6888.24,10,13776.48,1377.65,138.83,12537.66,Net Banking,New,Delivered,4.4,
ORD101734,25-03-2025,CUST1592,Customer_1734,Bengaluru,Electronics,Headphones,Website,5,7677.91,20,38389.55,7677.91,299.19,31010.83,Net Banking,VIP,Returned,4.4,
ORD101735,22-01-2025,CUST1888,Customer_1735,Mumbai,Home & Kitchen,Laptop,Marketplace,4,10357.74,10,41430.96,4143.1,76.81,37364.67,Net Banking,Returning,Cancelled,4.7,
ORD101736,27-01-2025,CUST1506,Customer_1736,Jaipur,Grocery,Watch,Website,4,9554.26,20,38217.04,7643.41,69.28,30642.91,Debit Card,New,Delivered,4.3,
ORD101737,14-07-2025,CUST1672,Customer_1737,Chennai,Grocery,Novel,Website,1,12189.2,15,12189.2,1828.38,277.07,10637.89,Net Banking,New,Delivered,1.5,
ORD101738,03-12-2025,CUST1178,Customer_1738,Surat,Electronics,Shoes,Mobile App,3,814.56,0,2443.68,0,268.15,2711.83,Debit Card,New,Delivered,1.3,
ORD101739,24-08-2025,CUST1667,Customer_1739,Mumbai,Home & Kitchen,Headphones,Marketplace,2,4552.14,25,9104.28,2276.07,38.7,6866.91,Debit Card,New,Delivered,1.2,
ORD101740,02-04-2025,CUST1547,Customer_1740,Mumbai,Home & Kitchen,Blender,Mobile App,2,4309.99,0,8619.98,0,232.96,8852.94,Debit Card,New,Delivered,4.9,
ORD101741,21-01-2025,CUST1259,Customer_1741,Mumbai,Books,Skincare Kit,Mobile App,1,2318.35,20,2318.35,463.67,206.98,2061.66,Credit Card,New,Cancelled,3,
ORD101742,30-10-2025,CUST1260,Customer_1742,Ahmedabad,Books,Novel,Marketplace,2,4444.3,5,8888.6,444.43,237.29,8681.46,Cash on Delivery,Returning,Delivered,1.5,
ORD101743,23-12-2025,CUST1135,Customer_1743,Hyderabad,Accessories,Football,Store,1,4750.01,10,4750.01,475,163.52,4438.53,Debit Card,New,Delivered,3.2,
ORD101744,25-03-2025,CUST1461,Customer_1744,Hyderabad,Grocery,Football,Mobile App,5,7899.98,5,39499.9,1975,297.67,37822.57,Net Banking,New,Delivered,3.8,
ORD101745,19-09-2025,CUST1489,Customer_1745,Ahmedabad,Sports,Laptop,Store,4,10006.01,0,40024.04,0,41.84,40065.88,Debit Card,Returning,Delivered,1.4,
ORD101746,27-05-2025,CUST1643,Customer_1746,Ahmedabad,Accessories,T-Shirt,Website,3,5809.34,5,17428.02,871.4,93.28,16649.9,UPI,New,Cancelled,2.4,
ORD101747,14-09-2025,CUST1081,Customer_1747,Hyderabad,Accessories,T-Shirt,Marketplace,4,10834.13,0,43336.52,0,137.07,43473.59,Credit Card,New,Returned,1.8,
ORD101748,27-02-2025,CUST1367,Customer_1748,Hyderabad,Accessories,Football,Marketplace,4,5142.06,0,20568.24,0,151.44,20719.68,Net Banking,New,Returned,4.9,
ORD101749,15-01-2025,CUST1059,Customer_1749,Bengaluru,Home & Kitchen,Headphones,Website,5,4460.71,0,22303.55,0,278.77,22582.32,Credit Card,Returning,Delivered,2.3,
ORD101750,11-06-2025,CUST1074,Customer_1750,Delhi,Beauty,Watch,Website,2,8186.64,10,16373.28,1637.33,181.2,14917.15,Credit Card,New,Delivered,3.8,
ORD101751,12-06-2025,CUST1239,Customer_1751,Kolkata,Electronics,Football,Website,3,502.19,15,1506.57,225.99,42.18,1322.76,UPI,New,Cancelled,4.7,
ORD101752,16-11-2025,CUST1129,Customer_1752,Hyderabad,Books,Groceries Pack,Mobile App,2,1334.87,10,2669.74,266.97,140.12,2542.89,Debit Card,Returning,Delivered,4.5,
ORD101753,08-10-2025,CUST1412,Customer_1753,Ahmedabad,Clothing,Laptop,Mobile App,4,6356.85,20,25427.4,5085.48,142.45,20484.37,Net Banking,New,Cancelled,2.6,
ORD101754,07-10-2025,CUST1315,Customer_1754,Delhi,Grocery,Headphones,Mobile App,1,14152.25,10,14152.25,1415.22,290.68,13027.71,Cash on Delivery,New,Cancelled,2.2,
ORD101755,12-01-2025,CUST1374,Customer_1755,Ahmedabad,Electronics,Skincare Kit,Mobile App,4,10864.45,15,43457.8,6518.67,191.78,37130.91,Credit Card,New,Delivered,4.2,
ORD101756,01-10-2025,CUST1437,Customer_1756,Delhi,Sports,Headphones,Mobile App,2,1458.68,15,2917.36,437.6,201.63,2681.39,Cash on Delivery,VIP,Delivered,1.8,
ORD101757,28-09-2025,CUST1138,Customer_1757,Mumbai,Sports,Headphones,Store,4,12717.82,10,50871.28,5087.13,222.58,46006.73,Cash on Delivery,Returning,Cancelled,3.9,
ORD101758,27-07-2025,CUST1455,Customer_1758,Pune,Home & Kitchen,Blender,Store,1,11024.67,15,11024.67,1653.7,237.91,9608.88,Debit Card,VIP,Delivered,4.3,
ORD101759,27-01-2025,CUST1615,Customer_1759,Delhi,Sports,Football,Mobile App,5,9222.56,0,46112.8,0,201.46,46314.26,Cash on Delivery,Returning,Delivered,4.4,
ORD101760,13-03-2025,CUST1899,Customer_1760,Chennai,Books,Shoes,Marketplace,2,12331.35,20,24662.7,4932.54,94.04,19824.2,Net Banking,Returning,Cancelled,1,
ORD101761,01-03-2025,CUST1903,Customer_1761,Jaipur,Sports,Skincare Kit,Marketplace,4,6151.03,15,24604.12,3690.62,265.99,21179.49,Debit Card,VIP,Delivered,3,
ORD101762,25-05-2025,CUST1009,Customer_1762,Chennai,Electronics,T-Shirt,Store,2,3439.29,0,6878.58,0,227.67,7106.25,Cash on Delivery,New,Delivered,2.4,
ORD101763,03-04-2025,CUST1232,Customer_1763,Mumbai,Grocery,Shoes,Store,5,7753.55,15,38767.75,5815.16,230.31,33182.9,Debit Card,Returning,Delivered,4.9,
ORD101764,05-11-2025,CUST1611,Customer_1764,Surat,Beauty,Shoes,Marketplace,4,8300.3,0,33201.2,0,299.07,33500.27,Net Banking,New,Cancelled,3.2,
ORD101765,08-01-2025,CUST1730,Customer_1765,Surat,Beauty,Shoes,Marketplace,4,8144.15,0,32576.6,0,246.68,32823.28,Credit Card,Returning,Returned,2.7,
ORD101766,20-03-2025,CUST1965,Customer_1766,Chennai,Grocery,Laptop,Marketplace,2,8541.35,0,17082.7,0,253.87,17336.57,UPI,New,Delivered,2,
ORD101767,27-01-2025,CUST1397,Customer_1767,Surat,Grocery,Shoes,Store,2,14238.27,15,28476.54,4271.48,286.88,24491.94,Debit Card,Returning,Returned,4.4,
ORD101768,23-06-2025,CUST1749,Customer_1768,Delhi,Home & Kitchen,Shoes,Store,1,13548.35,15,13548.35,2032.25,70.81,11586.91,UPI,VIP,Delivered,2.3,
ORD101769,19-02-2025,CUST1734,Customer_1769,Chennai,Grocery,Skincare Kit,Marketplace,5,13154.4,20,65772,13154.4,164.39,52781.99,Credit Card,New,Delivered,4.3,
ORD101770,18-07-2025,CUST1680,Customer_1770,Ahmedabad,Sports,Groceries Pack,Store,1,12051.04,0,12051.04,0,186.75,12237.79,Net Banking,Returning,Delivered,4.6,
ORD101771,15-12-2025,CUST1882,Customer_1771,Mumbai,Sports,Watch,Mobile App,4,14159.91,10,56639.64,5663.96,118.9,51094.58,Credit Card,New,Returned,1.2,
ORD101772,30-06-2025,CUST1574,Customer_1772,Surat,Beauty,Skincare Kit,Marketplace,2,1612.65,15,3225.3,483.8,256.64,2998.14,UPI,New,Returned,3,
ORD101773,24-01-2025,CUST1318,Customer_1773,Ahmedabad,Grocery,Skincare Kit,Website,4,4087.08,0,16348.32,0,235.85,16584.17,Net Banking,Returning,Delivered,2.7,
ORD101774,12-11-2025,CUST1999,Customer_1774,Kolkata,Home & Kitchen,Football,Marketplace,4,7501.58,10,30006.32,3000.63,224.64,27230.33,Cash on Delivery,New,Returned,2.6,
ORD101775,15-02-2025,CUST1507,Customer_1775,Mumbai,Sports,Football,Store,3,12721.04,0,38163.12,0,299.23,38462.35,Cash on Delivery,Returning,Cancelled,2.5,
ORD101776,15-01-2025,CUST1522,Customer_1776,Mumbai,Home & Kitchen,Laptop,Website,3,7651.71,0,22955.13,0,100.03,23055.16,Debit Card,New,Delivered,3.1,
ORD101777,02-06-2025,CUST1746,Customer_1777,Hyderabad,Books,Novel,Website,4,11258.32,10,45033.28,4503.33,228.57,40758.52,Cash on Delivery,Returning,Cancelled,1.5,
ORD101778,10-08-2025,CUST1087,Customer_1778,Chennai,Electronics,Laptop,Marketplace,2,2213.55,15,4427.1,664.06,178.88,3941.92,UPI,Returning,Cancelled,4.5,
ORD101779,25-07-2025,CUST1779,Customer_1779,Mumbai,Books,Groceries Pack,Mobile App,4,3898.35,0,15593.4,0,114.51,15707.91,Cash on Delivery,VIP,Returned,3.2,
ORD101780,30-09-2025,CUST1716,Customer_1780,Bengaluru,Sports,Shoes,Mobile App,3,11016.88,0,33050.64,0,73.36,33124,Debit Card,Returning,Returned,2.4,
ORD101781,24-08-2025,CUST1318,Customer_1781,Delhi,Sports,Groceries Pack,Store,2,2596.3,0,5192.6,0,271.89,5464.49,Net Banking,New,Delivered,2,
ORD101782,06-12-2025,CUST1333,Customer_1782,Pune,Sports,Novel,Website,4,5367.64,0,21470.56,0,190.77,21661.33,Cash on Delivery,New,Returned,3.5,
ORD101783,16-08-2025,CUST1360,Customer_1783,Kolkata,Beauty,Groceries Pack,Mobile App,5,4083.26,0,20416.3,0,252.73,20669.03,Debit Card,VIP,Delivered,4.1,
ORD101784,09-01-2025,CUST1241,Customer_1784,Mumbai,Beauty,Skincare Kit,Store,5,5345.45,5,26727.25,1336.36,177.24,25568.13,Cash on Delivery,Returning,Cancelled,2.8,
ORD101785,15-06-2025,CUST1056,Customer_1785,Pune,Sports,Groceries Pack,Website,4,10668.61,15,42674.44,6401.17,89.39,36362.66,Cash on Delivery,Returning,Delivered,4.9,
ORD101786,15-11-2025,CUST1110,Customer_1786,Jaipur,Sports,Shoes,Store,2,5612.53,10,11225.06,1122.51,121.14,10223.69,UPI,Returning,Returned,3.1,
ORD101787,02-08-2025,CUST1049,Customer_1787,Hyderabad,Electronics,T-Shirt,Mobile App,4,8395.66,15,33582.64,5037.4,133.02,28678.26,Debit Card,New,Returned,4.9,
ORD101788,27-04-2025,CUST1755,Customer_1788,Bengaluru,Electronics,T-Shirt,Store,4,1633.99,15,6535.96,980.39,292.69,5848.26,Debit Card,Returning,Delivered,4.9,
ORD101789,10-12-2025,CUST1016,Customer_1789,Surat,Home & Kitchen,Novel,Store,3,12104.51,0,36313.53,0,31.52,36345.05,Credit Card,Returning,Cancelled,3.4,
ORD101790,13-03-2025,CUST1073,Customer_1790,Jaipur,Grocery,Headphones,Mobile App,5,5642.85,0,28214.25,0,296.13,28510.38,Credit Card,New,Cancelled,3.3,
ORD101791,05-03-2025,CUST1884,Customer_1791,Delhi,Home & Kitchen,Skincare Kit,Mobile App,3,9780.73,20,29342.19,5868.44,294.72,23768.47,Debit Card,VIP,Delivered,1.4,
ORD101792,24-07-2025,CUST1202,Customer_1792,Bengaluru,Beauty,Groceries Pack,Store,3,10922.04,0,32766.12,0,298.96,33065.08,UPI,New,Delivered,4.7,
ORD101793,28-07-2025,CUST1093,Customer_1793,Kolkata,Clothing,Groceries Pack,Mobile App,4,3263.46,0,13053.84,0,158.68,13212.52,Cash on Delivery,New,Cancelled,4.2,
ORD101794,13-03-2025,CUST1649,Customer_1794,Pune,Electronics,Novel,Marketplace,3,13287.42,0,39862.26,0,290.23,40152.49,Net Banking,New,Delivered,3,
ORD101795,04-10-2025,CUST1033,Customer_1795,Hyderabad,Home & Kitchen,Novel,Marketplace,5,9300.93,10,46504.65,4650.46,136.81,41991,Cash on Delivery,Returning,Cancelled,2.2,
ORD101796,01-10-2025,CUST1600,Customer_1796,Mumbai,Grocery,Laptop,Marketplace,3,6516.57,10,19549.71,1954.97,37.1,17631.84,Net Banking,New,Delivered,4.4,
ORD101797,16-11-2025,CUST1419,Customer_1797,Kolkata,Grocery,Football,Website,5,2857.68,25,14288.4,3572.1,90.57,10806.87,UPI,New,Delivered,2.2,
ORD101798,04-12-2025,CUST1203,Customer_1798,Jaipur,Electronics,Laptop,Marketplace,3,14143.17,20,42429.51,8485.9,285.23,34228.84,Credit Card,VIP,Delivered,3.2,
ORD101799,05-04-2025,CUST1551,Customer_1799,Chennai,Electronics,Groceries Pack,Marketplace,5,11362.76,5,56813.8,2840.69,33.72,54006.83,Debit Card,New,Delivered,1.8,
ORD101800,15-06-2025,CUST1626,Customer_1800,Kolkata,Books,T-Shirt,Marketplace,3,3239.16,5,9717.48,485.87,177.42,9409.03,UPI,New,Delivered,4.2,
ORD101801,01-02-2025,CUST1845,Customer_1801,Pune,Accessories,Laptop,Mobile App,3,5165.01,5,15495.03,774.75,50.41,14770.69,Net Banking,Returning,Delivered,4,
ORD101802,11-01-2025,CUST1759,Customer_1802,Pune,Clothing,Novel,Mobile App,2,12173.66,0,24347.32,0,107.33,24454.65,Debit Card,New,Delivered,2.2,
ORD101803,28-10-2025,CUST1855,Customer_1803,Kolkata,Electronics,Football,Mobile App,5,10480.81,0,52404.05,0,53.79,52457.84,Net Banking,New,Delivered,1.5,
ORD101804,05-08-2025,CUST1921,Customer_1804,Pune,Books,Headphones,Mobile App,5,11521.9,0,57609.5,0,262.07,57871.57,Cash on Delivery,New,Cancelled,,
ORD101805,16-10-2025,CUST1882,Customer_1805,Kolkata,Grocery,Football,Mobile App,5,6701.84,0,33509.2,0,189.59,33698.79,Cash on Delivery,Returning,Delivered,3.5,
ORD101806,12-04-2025,CUST1720,Customer_1806,Ahmedabad,Clothing,Blender,Marketplace,1,10789.67,0,10789.67,0,273.57,11063.24,Cash on Delivery,VIP,Delivered,,
ORD101807,24-09-2025,CUST1312,Customer_1807,Surat,Grocery,Football,Marketplace,3,5889.43,5,17668.29,883.41,215.86,17000.74,Debit Card,New,Delivered,2.3,
ORD101808,02-08-2025,CUST1944,Customer_1808,Surat,Books,Watch,Mobile App,5,3287.25,25,16436.25,4109.06,292.18,12619.37,Credit Card,Returning,Delivered,4.4,
ORD101809,28-06-2025,CUST1469,Customer_1809,Jaipur,Grocery,Football,Store,1,9545.25,10,9545.25,954.52,167.67,8758.4,Credit Card,New,Returned,1.3,
ORD101810,29-03-2025,CUST1394,Customer_1810,Delhi,Books,Headphones,Mobile App,2,14643.81,25,29287.62,7321.9,202.45,22168.17,Net Banking,New,Delivered,3.3,
ORD101811,10-02-2025,CUST1809,Customer_1811,Jaipur,Accessories,Headphones,Marketplace,5,4762.42,5,23812.1,1190.6,185.6,22807.1,Credit Card,Returning,Delivered,2.6,
ORD101812,17-03-2025,CUST1872,Customer_1812,Pune,Clothing,Football,Marketplace,5,6995.4,10,34977,3497.7,160.75,31640.05,Credit Card,New,Returned,1.5,
ORD101813,15-02-2025,CUST1211,Customer_1813,Mumbai,Electronics,T-Shirt,Mobile App,1,10158.92,5,10158.92,507.95,258.41,9909.38,Net Banking,Returning,Delivered,,
ORD101814,09-06-2025,CUST1867,Customer_1814,Kolkata,Electronics,Shoes,Website,3,8191.37,0,24574.11,0,204.02,24778.13,Net Banking,New,Delivered,3.1,
ORD101815,21-03-2025,CUST1571,Customer_1815,Bengaluru,Home & Kitchen,Football,Store,2,12674.9,0,25349.8,0,246.35,25596.15,Net Banking,VIP,Delivered,2.5,
ORD101816,06-11-2025,CUST1156,Customer_1816,Chennai,Electronics,Headphones,Mobile App,5,11461.88,25,57309.4,14327.35,242.32,43224.37,Debit Card,Returning,Cancelled,1.2,
ORD101817,27-03-2025,CUST1634,Customer_1817,Jaipur,Grocery,Headphones,Marketplace,3,1015.71,25,3047.13,761.78,81.58,2366.93,Net Banking,New,Returned,1.8,
ORD101818,02-04-2025,CUST1632,Customer_1818,Chennai,Accessories,Groceries Pack,Store,2,14976.56,0,29953.12,0,205.54,30158.66,Debit Card,New,Delivered,2.6,
ORD101819,28-05-2025,CUST1809,Customer_1819,Hyderabad,Electronics,Laptop,Website,4,11323.18,0,45292.72,0,83.9,45376.62,Debit Card,New,Delivered,2.1,
ORD101820,10-06-2025,CUST1322,Customer_1820,Chennai,Electronics,T-Shirt,Store,4,12978.96,5,51915.84,2595.79,187.5,49507.55,Debit Card,New,Cancelled,1.6,
ORD101821,21-07-2025,CUST1435,Customer_1821,Bengaluru,Home & Kitchen,Watch,Mobile App,2,9820.29,0,19640.58,0,212.91,19853.49,Net Banking,Returning,Delivered,2.9,
ORD101822,30-08-2025,CUST1574,Customer_1822,Surat,Accessories,Shoes,Marketplace,1,12865.83,5,12865.83,643.29,299.25,12521.79,Credit Card,VIP,Delivered,2.6,
ORD101823,19-12-2025,CUST1670,Customer_1823,Ahmedabad,Accessories,Blender,Marketplace,2,1818.89,0,3637.78,0,38.25,3676.03,Credit Card,New,Returned,3.7,
ORD101824,02-01-2025,CUST1040,Customer_1824,Pune,Clothing,T-Shirt,Marketplace,2,5313.91,10,10627.82,1062.78,54.64,9619.68,Net Banking,New,Delivered,3.2,
ORD101825,13-08-2025,CUST1754,Customer_1825,Jaipur,Home & Kitchen,Groceries Pack,Store,1,13164.85,5,13164.85,658.24,50.8,12557.41,Credit Card,New,Cancelled,1.7,
ORD101826,16-10-2025,CUST1040,Customer_1826,Surat,Grocery,Blender,Mobile App,1,3144.58,5,3144.58,157.23,137.56,3124.91,Net Banking,Returning,Delivered,3.8,
ORD101827,21-08-2025,CUST1453,Customer_1827,Hyderabad,Accessories,Football,Mobile App,3,1311.9,0,3935.7,0,251.83,4187.53,Debit Card,New,Returned,2.9,
ORD101828,18-03-2025,CUST1870,Customer_1828,Pune,Grocery,Football,Store,3,11853.57,5,35560.71,1778.04,257.9,34040.57,Cash on Delivery,VIP,Delivered,1.5,
ORD101829,26-04-2025,CUST1190,Customer_1829,Mumbai,Electronics,Groceries Pack,Store,1,12556.97,25,12556.97,3139.24,228.98,9646.71,UPI,Returning,Delivered,1.1,
ORD101830,03-06-2025,CUST1746,Customer_1830,Unkonwn,Sports,Headphones,Website,4,2565.39,5,10261.56,513.08,272.16,10020.64,Net Banking,VIP,Cancelled,3.5,
ORD101831,13-04-2025,CUST1015,Customer_1831,Pune,Electronics,T-Shirt,Marketplace,4,12837.04,20,51348.16,10269.63,117.17,41195.7,Debit Card,New,Returned,3.5,
ORD101832,13-07-2025,CUST1124,Customer_1832,Surat,Home & Kitchen,Shoes,Store,2,10348.5,20,20697,4139.4,53.8,16611.4,Cash on Delivery,Returning,Cancelled,4.3,
ORD101833,15-06-2025,CUST1740,Customer_1833,Delhi,Books,Novel,Marketplace,5,7873.23,25,39366.15,9841.54,45.7,29570.31,Debit Card,Returning,Delivered,4,
ORD101834,25-12-2025,CUST1899,Customer_1834,Mumbai,Books,Laptop,Website,2,12479.22,15,24958.44,3743.77,260.08,21474.75,UPI,Returning,Cancelled,4.5,
ORD101835,31-03-2025,CUST1280,Customer_1835,Delhi,Accessories,Groceries Pack,Mobile App,2,6375.85,15,12751.7,1912.76,227.22,11066.16,Credit Card,New,Delivered,2.2,
ORD101836,23-06-2025,CUST1937,Customer_1836,Bengaluru,Home & Kitchen,Blender,Marketplace,5,3030.81,20,15154.05,3030.81,218.63,12341.87,Credit Card,VIP,Delivered,2.7,
ORD101837,02-05-2025,CUST1959,Customer_1837,Mumbai,Beauty,Shoes,Store,1,4380.06,0,4380.06,0,121.71,4501.77,Debit Card,VIP,Returned,1.2,
ORD101838,23-05-2025,CUST1048,Customer_1838,Bengaluru,Grocery,Novel,Store,4,7651.69,10,30606.76,3060.68,132.57,27678.65,UPI,New,Delivered,2.6,
ORD101839,16-04-2025,CUST1189,Customer_1839,Bengaluru,Books,Groceries Pack,Website,2,8040.26,25,16080.52,4020.13,288.69,12349.08,Debit Card,Returning,Returned,1.9,
ORD101840,01-11-2025,CUST1304,Customer_1840,Hyderabad,Sports,T-Shirt,Marketplace,5,12112.88,15,60564.4,9084.66,47.23,51526.97,Credit Card,New,Delivered,4.2,
ORD101841,26-12-2025,CUST1559,Customer_1841,Pune,Home & Kitchen,Shoes,Mobile App,3,11901.59,25,35704.77,8926.19,238.91,27017.49,Debit Card,VIP,Delivered,3.6,
ORD101842,13-11-2025,CUST1696,Customer_1842,Chennai,Books,Laptop,Mobile App,2,8783.29,15,17566.58,2634.99,113.6,15045.19,Cash on Delivery,Returning,Delivered,4.1,
ORD101843,03-05-2025,CUST1105,Customer_1843,Chennai,Books,T-Shirt,Store,4,11744.66,20,46978.64,9395.73,40.54,37623.45,UPI,New,Delivered,3.4,
ORD101844,09-01-2025,CUST1369,Customer_1844,Delhi,Clothing,Watch,Website,1,2997.84,15,2997.84,449.68,230.49,2778.65,Credit Card,New,Delivered,3.4,
ORD101845,19-09-2025,CUST1501,Customer_1845,Kolkata,Electronics,Blender,Store,2,893.46,15,1786.92,268.04,119.35,1638.23,Debit Card,New,Delivered,1.9,
ORD101846,14-03-2025,CUST1460,Customer_1846,Chennai,Books,Novel,Store,2,13123.46,10,26246.92,2624.69,224.98,23847.21,UPI,New,Delivered,3.7,
ORD101847,25-12-2025,CUST1247,Customer_1847,Chennai,Accessories,Laptop,Store,5,1271.98,25,6359.9,1589.98,221.07,4990.99,Debit Card,New,Cancelled,1.6,
ORD101848,11-08-2025,CUST1264,Customer_1848,Mumbai,Books,Laptop,Store,3,3813.32,20,11439.96,2287.99,174.39,9326.36,Credit Card,Returning,Delivered,2.1,
ORD101849,10-02-2025,CUST1206,Customer_1849,Surat,Clothing,T-Shirt,Website,3,10475.49,20,31426.47,6285.29,239.89,25381.07,UPI,Returning,Delivered,1.7,
ORD101850,23-07-2025,CUST1507,Customer_1850,Delhi,Grocery,Groceries Pack,Store,1,6230.3,15,6230.3,934.54,186.88,5482.64,Credit Card,Returning,Delivered,4.8,
ORD101851,21-09-2025,CUST1530,Customer_1851,Delhi,Home & Kitchen,Groceries Pack,Marketplace,4,13163.26,5,52653.04,2632.65,107.39,50127.78,Cash on Delivery,Returning,Returned,4.6,
ORD101852,24-11-2025,CUST1364,Customer_1852,Hyderabad,Home & Kitchen,Laptop,Store,1,4575,0,4575,0,228.21,4803.21,Cash on Delivery,New,Cancelled,4.5,
ORD101853,27-06-2025,CUST1763,Customer_1853,Bengaluru,Clothing,Shoes,Store,2,326.29,25,652.58,163.15,189.07,678.5,Net Banking,New,Returned,4.8,
ORD101854,14-12-2025,CUST1750,Customer_1854,Bengaluru,Clothing,Novel,Mobile App,2,4614.74,10,9229.48,922.95,33.44,8339.97,UPI,Returning,Delivered,3.5,
ORD101855,14-11-2025,CUST1340,Customer_1855,Ahmedabad,Beauty,Headphones,Mobile App,3,8734.41,5,26203.23,1310.16,273.44,25166.51,Cash on Delivery,New,Delivered,4.6,
ORD101856,25-03-2025,CUST1407,Customer_1856,Hyderabad,Electronics,Shoes,Website,4,5732.68,0,22930.72,0,177.32,23108.04,Net Banking,New,Cancelled,2.2,
ORD101857,14-11-2025,CUST1453,Customer_1857,Jaipur,Clothing,Football,Website,5,8092.86,20,40464.3,8092.86,264.53,32635.97,UPI,New,Returned,2.5,
ORD101858,21-04-2025,CUST1833,Customer_1858,Jaipur,Electronics,Football,Marketplace,4,13167.48,20,52669.92,10533.98,268.34,42404.28,Credit Card,Returning,Delivered,2.9,
ORD101859,08-09-2025,CUST1877,Customer_1859,Jaipur,Books,Blender,Store,2,13700.4,20,27400.8,5480.16,150.14,22070.78,Debit Card,Returning,Cancelled,1.4,
ORD101860,07-01-2025,CUST1814,Customer_1860,Pune,Sports,Football,Mobile App,5,4099.71,10,20498.55,2049.86,167.07,18615.76,Debit Card,Returning,Returned,4.3,
ORD101861,25-03-2025,CUST1578,Customer_1861,Surat,Home & Kitchen,Skincare Kit,Marketplace,4,7012.79,5,28051.16,1402.56,142.25,26790.85,Credit Card,New,Delivered,1.5,
ORD101862,27-07-2025,CUST1848,Customer_1862,Hyderabad,Clothing,Headphones,Marketplace,4,8304.79,5,33219.16,1660.96,151.35,31709.55,Cash on Delivery,Returning,Delivered,4.2,
ORD101863,10-11-2025,CUST1965,Customer_1863,Pune,Accessories,Groceries Pack,Website,5,14244.32,0,71221.6,0,271.69,71493.29,Debit Card,New,Delivered,4.7,
ORD101864,22-01-2025,CUST1150,Customer_1864,Bengaluru,Sports,Blender,Mobile App,2,14979.47,20,29958.94,5991.79,242.8,24209.95,Credit Card,Returning,Delivered,3.3,
ORD101865,03-01-2025,CUST1193,Customer_1865,Bengaluru,Home & Kitchen,Headphones,Store,4,3645.8,0,14583.2,0,64.16,14647.36,Net Banking,New,Delivered,1.7,
ORD101866,07-05-2025,CUST1908,Customer_1866,Bengaluru,Beauty,Skincare Kit,Website,5,10945.65,10,54728.25,5472.82,194.78,49450.21,Net Banking,VIP,Delivered,2.7,
ORD101867,24-10-2025,CUST1147,Customer_1867,Bengaluru,Home & Kitchen,Watch,Marketplace,2,5763.76,10,11527.52,1152.75,298.89,10673.66,Credit Card,Returning,Cancelled,1.6,
ORD101868,07-07-2025,CUST1406,Customer_1868,Hyderabad,Clothing,Blender,Marketplace,5,270.41,10,1352.05,135.21,190.8,1407.64,UPI,Returning,Delivered,1.5,
ORD101869,28-12-2025,CUST1183,Customer_1869,Hyderabad,Accessories,Headphones,Mobile App,5,287.4,25,1437,359.25,242.19,1319.94,Cash on Delivery,Returning,Delivered,4,
ORD101870,14-01-2025,CUST1106,Customer_1870,Pune,Sports,Watch,Mobile App,4,6989.41,0,27957.64,0,237.65,28195.29,Cash on Delivery,Returning,Delivered,2.6,
ORD101871,12-01-2025,CUST1236,Customer_1871,Kolkata,Sports,Watch,Store,2,7401.77,15,14803.54,2220.53,124.59,12707.6,Credit Card,New,Delivered,1,
ORD101872,28-03-2025,CUST1638,Customer_1872,Jaipur,Accessories,Football,Mobile App,4,485.16,0,1940.64,0,130.4,2071.04,Debit Card,Returning,Returned,1.2,
ORD101873,12-01-2025,CUST1958,Customer_1873,Surat,Sports,Watch,Mobile App,1,10350.87,0,10350.87,0,225.5,10576.37,Cash on Delivery,Returning,Cancelled,4.3,
ORD101874,25-01-2025,CUST1179,Customer_1874,Hyderabad,Home & Kitchen,Headphones,Website,1,4515.95,5,4515.95,225.8,165,4455.15,Cash on Delivery,Returning,Delivered,3.5,
ORD101875,28-10-2025,CUST1432,Customer_1875,Kolkata,Accessories,Football,Website,2,8464.41,0,16928.82,0,184.05,17112.87,Net Banking,New,Delivered,4.4,
ORD101876,31-08-2025,CUST1401,Customer_1876,Pune,Electronics,Skincare Kit,Store,5,4618.65,15,23093.25,3463.99,222.48,19851.74,Net Banking,New,Cancelled,2.1,
ORD101877,02-05-2025,CUST1525,Customer_1877,Surat,Grocery,Shoes,Website,4,2631.94,10,10527.76,1052.78,239.95,9714.93,Net Banking,Returning,Cancelled,2.3,
ORD101878,27-05-2025,CUST1743,Customer_1878,Bengaluru,Electronics,Shoes,Store,4,6196.53,0,24786.12,0,103.31,24889.43,Cash on Delivery,Returning,Delivered,3.5,
ORD101879,24-02-2025,CUST1540,Customer_1879,Hyderabad,Home & Kitchen,Skincare Kit,Website,2,3599.26,0,7198.52,0,69.63,7268.15,Cash on Delivery,New,Cancelled,3.7,
ORD101880,26-08-2025,CUST1891,Customer_1880,Bengaluru,Clothing,Groceries Pack,Marketplace,2,8091.79,10,16183.58,1618.36,108.78,14674,Cash on Delivery,New,Delivered,1.1,
ORD101881,22-12-2025,CUST1323,Customer_1881,Jaipur,Home & Kitchen,Watch,Website,1,3102.6,20,3102.6,620.52,167.04,2649.12,Debit Card,Returning,Delivered,4.6,
ORD101882,22-06-2025,CUST1261,Customer_1882,Chennai,Electronics,Skincare Kit,Store,3,7699.83,10,23099.49,2309.95,122.38,20911.92,Debit Card,New,Delivered,4.2,
ORD101883,09-08-2025,CUST1612,Customer_1883,Pune,Home & Kitchen,Skincare Kit,Website,2,2487.07,10,4974.14,497.41,183.46,4660.19,Debit Card,New,Delivered,1.5,
ORD101884,29-04-2025,CUST1700,Customer_1884,Surat,Sports,Laptop,Mobile App,3,10113.97,15,30341.91,4551.29,44.44,25835.06,UPI,Returning,Delivered,1,
ORD101885,05-11-2025,CUST1399,Customer_1885,Hyderabad,Accessories,Blender,Marketplace,2,11345.97,10,22691.94,2269.19,167.63,20590.38,Cash on Delivery,New,Delivered,4.1,
ORD101886,02-07-2025,CUST1337,Customer_1886,Chennai,Accessories,Laptop,Website,5,1789.35,0,8946.75,0,129.36,9076.11,Cash on Delivery,Returning,Delivered,4.6,
ORD101887,15-10-2025,CUST1300,Customer_1887,Mumbai,Clothing,Groceries Pack,Marketplace,5,7096.87,10,35484.35,3548.44,174.36,32110.27,Credit Card,New,Delivered,2.3,
ORD101888,03-11-2025,CUST1119,Customer_1888,Kolkata,Grocery,Watch,Marketplace,1,1202.44,10,1202.44,120.24,144.08,1226.28,Credit Card,VIP,Returned,2.3,
ORD101889,27-10-2025,CUST1558,Customer_1889,Chennai,Clothing,Shoes,Marketplace,1,9033.01,15,9033.01,1354.95,106.74,7784.8,UPI,Returning,Delivered,3.1,
ORD101890,23-03-2025,CUST1413,Customer_1890,Jaipur,Beauty,Headphones,Marketplace,3,4076.4,10,12229.2,1222.92,274.11,11280.39,Credit Card,New,Delivered,3.7,
ORD101891,30-07-2025,CUST1580,Customer_1891,Pune,Grocery,Groceries Pack,Mobile App,2,7985.22,25,15970.44,3992.61,79.89,12057.72,Debit Card,VIP,Delivered,3.6,
ORD101892,30-05-2025,CUST1384,Customer_1892,Delhi,Home & Kitchen,Skincare Kit,Mobile App,4,7834.3,0,31337.2,0,213.97,31551.17,UPI,Returning,Delivered,4,
ORD101893,06-02-2025,CUST1480,Customer_1893,Mumbai,Books,Watch,Store,1,13876.66,25,13876.66,3469.16,279.65,10687.15,UPI,VIP,Returned,1.5,
ORD101894,18-12-2025,CUST1305,Customer_1894,Mumbai,Books,T-Shirt,Store,4,8303.89,10,33215.56,3321.56,175.44,30069.44,UPI,Returning,Delivered,3.1,
ORD101895,08-11-2025,CUST1683,Customer_1895,Delhi,Grocery,Headphones,Store,4,8807.53,15,35230.12,5284.52,266.63,30212.23,Net Banking,Returning,Delivered,3,
ORD101896,27-12-2025,CUST1870,Customer_1896,Ahmedabad,Grocery,Skincare Kit,Store,2,6114.55,0,12229.1,0,63.71,12292.81,Credit Card,Returning,Cancelled,4.8,
ORD101897,28-02-2025,CUST1196,Customer_1897,Ahmedabad,Grocery,Watch,Marketplace,3,14243.83,5,42731.49,2136.57,163.32,40758.24,Cash on Delivery,New,Delivered,4.7,
ORD101898,11-05-2025,CUST1333,Customer_1898,Chennai,Books,Skincare Kit,Marketplace,2,11691.21,15,23382.42,3507.36,153.4,20028.46,Net Banking,VIP,Delivered,4,
ORD101899,21-07-2025,CUST1020,Customer_1899,Surat,Sports,Groceries Pack,Marketplace,1,4388.27,15,4388.27,658.24,32.19,3762.22,Debit Card,Returning,Delivered,4.5,
ORD101900,31-08-2025,CUST1623,Customer_1900,Jaipur,Accessories,Blender,Mobile App,4,12686.51,0,50746.04,0,149.68,50895.72,Net Banking,Returning,Delivered,4,
ORD101901,04-02-2025,CUST1658,Customer_1901,Hyderabad,Accessories,Groceries Pack,Mobile App,2,6571.09,10,13142.18,1314.22,129.64,11957.6,Debit Card,VIP,Delivered,3.9,
ORD101902,03-04-2025,CUST1704,Customer_1902,Chennai,Books,Blender,Marketplace,2,12455.71,0,24911.42,0,210.85,25122.27,Cash on Delivery,VIP,Delivered,,
ORD101903,26-07-2025,CUST1433,Customer_1903,Ahmedabad,Home & Kitchen,Headphones,Marketplace,2,12369.89,25,24739.78,6184.94,283.35,18838.19,Cash on Delivery,New,Delivered,3.5,
ORD101904,19-12-2025,CUST1883,Customer_1904,Ahmedabad,Accessories,Laptop,Marketplace,1,2954.72,20,2954.72,590.94,53.16,2416.94,Credit Card,Returning,Delivered,4.7,
ORD101905,28-11-2025,CUST1426,Customer_1905,Kolkata,Beauty,Groceries Pack,Marketplace,3,10561.95,0,31685.85,0,118.42,31804.27,Net Banking,Returning,Delivered,4,
ORD101906,01-11-2025,CUST1229,Customer_1906,Pune,Beauty,Watch,Mobile App,2,4466.05,20,8932.1,1786.42,149.9,7295.58,Cash on Delivery,Returning,Returned,3.4,
ORD101907,16-12-2025,CUST1524,Customer_1907,Chennai,Accessories,Football,Website,1,4567.77,20,4567.77,913.55,152.9,3807.12,Debit Card,VIP,Delivered,2,
ORD101908,01-08-2025,CUST1217,Customer_1908,Hyderabad,Home & Kitchen,T-Shirt,Store,4,4550.77,5,18203.08,910.15,239.2,17532.13,Cash on Delivery,VIP,Delivered,3.7,
ORD101909,08-06-2025,CUST1990,Customer_1909,Bengaluru,Books,Skincare Kit,Store,5,10924.69,15,54623.45,8193.52,149.72,46579.65,Credit Card,Returning,Delivered,2.4,
ORD101910,24-01-2025,CUST1591,Customer_1910,Ahmedabad,Home & Kitchen,Watch,Website,1,3562.92,10,3562.92,356.29,37.33,3243.96,Debit Card,New,Cancelled,1.3,
ORD101911,20-10-2025,CUST1375,Customer_1911,Bengaluru,Grocery,Shoes,Mobile App,5,163.45,15,817.25,122.59,221.73,916.39,UPI,Returning,Delivered,2,
ORD101912,04-01-2025,CUST1036,Customer_1912,Surat,Accessories,Groceries Pack,Mobile App,2,10771.27,5,21542.54,1077.13,268.9,20734.31,Credit Card,Returning,Returned,2.6,
ORD101913,08-08-2025,CUST1776,Customer_1913,Surat,Accessories,Headphones,Website,2,2692.09,5,5384.18,269.21,168.75,5283.72,Credit Card,New,Delivered,5,
ORD101914,30-12-2025,CUST1028,Customer_1914,Jaipur,Grocery,Shoes,Store,1,1701.56,5,1701.56,85.08,186.9,1803.38,UPI,Returning,Delivered,4,
ORD101915,20-01-2025,CUST1372,Customer_1915,Ahmedabad,Home & Kitchen,Laptop,Store,5,3677.11,0,18385.55,0,73.99,18459.54,Cash on Delivery,New,Delivered,2.1,
ORD101916,01-06-2025,CUST1086,Customer_1916,Mumbai,Grocery,Football,Website,2,5791.52,20,11583.04,2316.61,89.57,9356,Credit Card,Returning,Delivered,4,
ORD101917,19-02-2025,CUST1188,Customer_1917,Jaipur,Electronics,Shoes,Website,4,7217.21,5,28868.84,1443.44,93.5,27518.9,UPI,Returning,Delivered,2.4,
ORD101918,26-06-2025,CUST1305,Customer_1918,Mumbai,Beauty,Blender,Marketplace,3,811.87,5,2435.61,121.78,146.3,2460.13,UPI,New,Delivered,3.4,
ORD101919,06-04-2025,CUST1766,Customer_1919,Surat,Clothing,Laptop,Website,3,14563.01,20,43689.03,8737.81,280.6,35231.82,Credit Card,Returning,Delivered,4.1,
ORD101920,15-04-2025,CUST1422,Customer_1920,Kolkata,Books,Headphones,Website,2,10783.54,10,21567.08,2156.71,170.88,19581.25,Net Banking,New,Delivered,4,
ORD101921,07-09-2025,CUST1080,Customer_1921,Delhi,Books,Shoes,Store,5,4949.43,10,24747.15,2474.72,81.87,22354.3,Credit Card,Returning,Returned,1.6,
ORD101922,27-04-2025,CUST1186,Customer_1922,Delhi,Electronics,Headphones,Marketplace,2,4882.65,25,9765.3,2441.32,101.84,7425.82,Net Banking,Returning,Delivered,4.3,
ORD101923,20-12-2025,CUST1005,Customer_1923,Hyderabad,Sports,Laptop,Marketplace,5,6810.86,20,34054.3,6810.86,133.68,27377.12,Cash on Delivery,Returning,Returned,4.7,
ORD101924,16-08-2025,CUST1558,Customer_1924,Delhi,Clothing,Watch,Store,4,9449.74,0,37798.96,0,198.28,37997.24,UPI,Returning,Delivered,1.9,
ORD101925,07-03-2025,CUST1866,Customer_1925,Kolkata,Clothing,Laptop,Store,5,2323.64,10,11618.2,1161.82,148.81,10605.19,Debit Card,New,Delivered,2.3,
ORD101926,01-12-2025,CUST1497,Customer_1926,Jaipur,Clothing,Skincare Kit,Mobile App,2,2955.61,25,5911.22,1477.8,135.96,4569.38,Credit Card,New,Delivered,4.8,
ORD101927,19-09-2025,CUST1509,Customer_1927,Bengaluru,Grocery,Headphones,Marketplace,4,12912.6,5,51650.4,2582.52,182.48,49250.36,Debit Card,Returning,Delivered,4.9,
ORD101928,22-10-2025,CUST1614,Customer_1928,Hyderabad,Beauty,T-Shirt,Website,1,3955.39,5,3955.39,197.77,95.3,3852.92,Cash on Delivery,Returning,Returned,2.8,
ORD101929,31-08-2025,CUST1971,Customer_1929,Jaipur,Sports,Blender,Marketplace,3,5795.9,0,17387.7,0,51.3,17439,Credit Card,New,Delivered,1.1,
ORD101930,05-07-2025,CUST1002,Customer_1930,Bengaluru,Electronics,T-Shirt,Mobile App,2,13088.39,0,26176.78,0,36.59,26213.37,Debit Card,New,Delivered,4.7,
ORD101931,03-09-2025,CUST1217,Customer_1931,Pune,Grocery,Skincare Kit,Website,2,9997.75,15,19995.5,2999.32,97.84,17094.02,Cash on Delivery,New,Cancelled,1.1,
ORD101932,05-05-2025,CUST1537,Customer_1932,Chennai,Sports,Football,Mobile App,2,5224.42,15,10448.84,1567.33,54.73,8936.24,Net Banking,New,Delivered,2.3,
ORD101933,25-09-2025,CUST1257,Customer_1933,Jaipur,Books,Watch,Store,4,10302.94,25,41211.76,10302.94,120.81,31029.63,Cash on Delivery,Returning,Delivered,1.4,
ORD101934,11-05-2025,CUST1735,Customer_1934,Chennai,Electronics,Skincare Kit,Mobile App,1,442.3,15,442.3,66.34,238.69,614.65,Credit Card,Returning,Returned,3,
ORD101935,25-08-2025,CUST1453,Customer_1935,Unkonwn,Grocery,Headphones,Store,5,11074.29,0,55371.45,0,223.4,55594.85,Credit Card,Returning,Delivered,1.2,
ORD101936,18-01-2025,CUST1424,Customer_1936,Bengaluru,Beauty,Groceries Pack,Mobile App,1,7382.19,0,7382.19,0,194.95,7577.14,Credit Card,New,Delivered,1.9,
ORD101937,09-02-2025,CUST1324,Customer_1937,Ahmedabad,Books,Headphones,Store,4,12225.75,25,48903,12225.75,260.18,36937.43,Cash on Delivery,VIP,Returned,2.8,
ORD101938,21-01-2025,CUST1499,Customer_1938,Hyderabad,Sports,Skincare Kit,Marketplace,2,14326.37,5,28652.74,1432.64,106.16,27326.26,Credit Card,Returning,Delivered,1.3,
ORD101939,13-08-2025,CUST1581,Customer_1939,Pune,Clothing,Groceries Pack,Store,3,13897.96,5,41693.88,2084.69,268.96,39878.15,Cash on Delivery,New,Delivered,2.9,
ORD101940,21-12-2025,CUST1197,Customer_1940,Bengaluru,Accessories,Groceries Pack,Marketplace,2,13652.59,20,27305.18,5461.04,137.79,21981.93,UPI,New,Delivered,2.1,
ORD101941,09-10-2025,CUST1504,Customer_1941,Mumbai,Sports,Headphones,Store,5,7755.72,10,38778.6,3877.86,138.24,35038.98,UPI,Returning,Returned,2.1,
ORD101942,08-01-2025,CUST1272,Customer_1942,Ahmedabad,Books,Groceries Pack,Mobile App,3,5498.11,0,16494.33,0,139.44,16633.77,UPI,Returning,Delivered,4.7,
ORD101943,10-04-2025,CUST1694,Customer_1943,Kolkata,Grocery,Novel,Mobile App,2,7055.77,20,14111.54,2822.31,56.49,11345.72,Debit Card,Returning,Delivered,3.8,
ORD101944,28-08-2025,CUST1959,Customer_1944,Mumbai,Grocery,Football,Mobile App,3,10394.96,25,31184.88,7796.22,293.38,23682.04,UPI,VIP,Delivered,4.7,
ORD101945,28-03-2025,CUST1018,Customer_1945,Kolkata,Beauty,Novel,Store,1,13277.37,0,13277.37,0,67.4,13344.77,UPI,Returning,Cancelled,3.3,
ORD101946,25-10-2025,CUST1107,Customer_1946,Hyderabad,Beauty,Watch,Store,4,3223.75,20,12895,2579,122.04,10438.04,Cash on Delivery,VIP,Cancelled,4.6,
ORD101947,14-01-2025,CUST1529,Customer_1947,Hyderabad,Beauty,Novel,Mobile App,2,13785.17,5,27570.34,1378.52,116.21,26308.03,Cash on Delivery,New,Returned,4.3,
ORD101948,30-11-2025,CUST1125,Customer_1948,Mumbai,Electronics,Laptop,Marketplace,5,12255.43,10,61277.15,6127.72,50.16,55199.59,Credit Card,New,Delivered,5,
ORD101949,02-01-2025,CUST1483,Customer_1949,Hyderabad,Accessories,Groceries Pack,Store,1,14686.01,20,14686.01,2937.2,71.11,11819.92,Credit Card,New,Delivered,3,
ORD101950,20-10-2025,CUST1594,Customer_1950,Delhi,Sports,Skincare Kit,Marketplace,2,13221.74,25,26443.48,6610.87,42.11,19874.72,Credit Card,Returning,Delivered,3.8,
ORD101951,21-11-2025,CUST1004,Customer_1951,Chennai,Clothing,Laptop,Store,1,4307.07,5,4307.07,215.35,108.95,4200.67,Cash on Delivery,New,Delivered,1.6,
ORD101952,10-02-2025,CUST1627,Customer_1952,Surat,Grocery,Laptop,Mobile App,5,1723.45,0,8617.25,0,264,8881.25,Cash on Delivery,Returning,Delivered,4.8,
ORD101953,14-11-2025,CUST1351,Customer_1953,Bengaluru,Clothing,Football,Marketplace,2,1816.78,0,3633.56,0,121.65,3755.21,UPI,New,Delivered,2.6,
ORD101954,12-11-2025,CUST1351,Customer_1954,Unkonwn,Home & Kitchen,Watch,Website,5,4474.67,10,22373.35,2237.34,63.4,20199.41,Net Banking,New,Delivered,4.7,
ORD101955,21-04-2025,CUST1649,Customer_1955,Pune,Beauty,Headphones,Store,3,9270.63,0,27811.89,0,204.34,28016.23,Cash on Delivery,New,Returned,1.4,
ORD101956,14-01-2025,CUST1799,Customer_1956,Surat,Books,Skincare Kit,Marketplace,5,12094.16,5,60470.8,3023.54,299.08,57746.34,Net Banking,New,Delivered,3.1,
ORD101957,19-08-2025,CUST1901,Customer_1957,Delhi,Clothing,Blender,Mobile App,3,13503.87,0,40511.61,0,92.73,40604.34,Cash on Delivery,New,Returned,1,
ORD101958,25-03-2025,CUST1228,Customer_1958,Ahmedabad,Beauty,Blender,Marketplace,2,9412.74,5,18825.48,941.27,105.48,17989.69,Cash on Delivery,New,Returned,2.7,
ORD101959,10-05-2025,CUST1016,Customer_1959,Ahmedabad,Clothing,Watch,Website,3,233.62,0,700.86,0,292.4,993.26,Debit Card,New,Delivered,1.3,
ORD101960,19-08-2025,CUST1810,Customer_1960,Bengaluru,Sports,Skincare Kit,Website,2,2916.8,20,5833.6,1166.72,78.27,4745.15,Net Banking,Returning,Delivered,2.8,
ORD101961,22-11-2025,CUST1425,Customer_1961,Surat,Home & Kitchen,Novel,Marketplace,2,1630.93,0,3261.86,0,168.03,3429.89,Debit Card,New,Returned,3.2,
ORD101962,25-05-2025,CUST1464,Customer_1962,Surat,Beauty,Blender,Website,4,5545.37,5,22181.48,1109.07,94.71,21167.12,UPI,New,Delivered,4.4,
ORD101963,11-12-2025,CUST1724,Customer_1963,Bengaluru,Electronics,Novel,Store,2,7595.06,20,15190.12,3038.02,281.74,12433.84,Debit Card,New,Delivered,2.2,
ORD101964,28-01-2025,CUST1246,Customer_1964,Kolkata,Electronics,Blender,Website,3,794.45,15,2383.35,357.5,295.01,2320.86,Debit Card,VIP,Delivered,3.3,
ORD101965,07-03-2025,CUST1798,Customer_1965,Jaipur,Accessories,Watch,Marketplace,4,5324.9,0,21299.6,0,249.97,21549.57,UPI,Returning,Delivered,1.3,
ORD101966,12-06-2025,CUST1794,Customer_1966,Bengaluru,Clothing,Skincare Kit,Marketplace,4,2810.82,0,11243.28,0,114.99,11358.27,Net Banking,VIP,Returned,4.7,
ORD101967,17-08-2025,CUST1177,Customer_1967,Hyderabad,Grocery,Novel,Store,2,9758.99,15,19517.98,2927.7,138.94,16729.22,Credit Card,Returning,Delivered,2.8,
ORD101968,18-09-2025,CUST1543,Customer_1968,Chennai,Sports,Headphones,Store,5,7044.44,5,35222.2,1761.11,95.42,33556.51,Cash on Delivery,VIP,Cancelled,2,
ORD101969,13-06-2025,CUST1509,Customer_1969,Surat,Books,Football,Marketplace,5,7505.47,15,37527.35,5629.1,270.5,32168.75,Net Banking,New,Delivered,2.9,
ORD101970,28-10-2025,CUST1562,Customer_1970,Jaipur,Accessories,T-Shirt,Mobile App,4,6501.22,10,26004.88,2600.49,276.93,23681.32,UPI,New,Delivered,2.9,
ORD101971,30-10-2025,CUST1655,Customer_1971,Bengaluru,Accessories,Groceries Pack,Store,2,14346.89,5,28693.78,1434.69,143.1,27402.19,Debit Card,Returning,Delivered,4,
ORD101972,14-10-2025,CUST1564,Customer_1972,Ahmedabad,Grocery,Watch,Mobile App,5,3338.82,10,16694.1,1669.41,207.26,15231.95,Credit Card,VIP,Delivered,4.9,
ORD101973,10-01-2025,CUST1233,Customer_1973,Pune,Beauty,Football,Website,2,7822.46,15,15644.92,2346.74,74.7,13372.88,Debit Card,Returning,Returned,1.7,
ORD101974,14-07-2025,CUST1678,Customer_1974,Ahmedabad,Home & Kitchen,T-Shirt,Website,2,11079.86,20,22159.72,4431.94,147.43,17875.21,Cash on Delivery,Returning,Delivered,1.2,
ORD101975,28-04-2025,CUST1038,Customer_1975,Bengaluru,Accessories,Novel,Store,4,8419.14,0,33676.56,0,200.5,33877.06,UPI,New,Delivered,3.6,
ORD101976,27-09-2025,CUST1491,Customer_1976,Chennai,Accessories,Watch,Store,4,13945.96,10,55783.84,5578.38,134.06,50339.52,Credit Card,New,Delivered,4.5,
ORD101977,21-03-2025,CUST1444,Customer_1977,Chennai,Sports,Headphones,Marketplace,1,5762.83,0,5762.83,0,126.55,5889.38,Net Banking,New,Delivered,3.3,
ORD101978,03-04-2025,CUST1020,Customer_1978,Ahmedabad,Clothing,Watch,Website,5,7035.59,10,35177.95,3517.8,30.27,31690.42,Net Banking,New,Delivered,1.3,
ORD101979,23-09-2025,CUST1611,Customer_1979,Kolkata,Sports,Novel,Store,5,1464.56,20,7322.8,1464.56,247.16,6105.4,UPI,New,Returned,2.7,
ORD101980,28-11-2025,CUST1727,Customer_1980,Mumbai,Home & Kitchen,Football,Marketplace,5,9193.64,5,45968.2,2298.41,270.12,43939.91,UPI,New,Delivered,3.6,
ORD101981,16-12-2025,CUST1556,Customer_1981,Pune,Sports,Blender,Mobile App,3,4429.95,25,13289.85,3322.46,291.76,10259.15,Debit Card,Returning,Delivered,2.3,
ORD101982,27-12-2025,CUST1111,Customer_1982,Hyderabad,Beauty,Shoes,Marketplace,2,2530.59,10,5061.18,506.12,224.2,4779.26,Credit Card,New,Delivered,4.4,
ORD101983,14-09-2025,CUST1487,Customer_1983,Ahmedabad,Accessories,Watch,Website,4,8236.29,25,32945.16,8236.29,178.17,24887.04,Cash on Delivery,New,Cancelled,1.9,
ORD101984,13-05-2025,CUST1089,Customer_1984,Mumbai,Clothing,Watch,Marketplace,5,8054.81,15,40274.05,6041.11,102.71,34335.65,UPI,New,Cancelled,2.5,
ORD101985,03-10-2025,CUST1319,Customer_1985,Chennai,Home & Kitchen,Laptop,Marketplace,1,1276.69,0,1276.69,0,299.81,1576.5,Credit Card,New,Delivered,4.7,
ORD101986,21-09-2025,CUST1118,Customer_1986,Hyderabad,Accessories,Shoes,Store,5,10518.5,0,52592.5,0,189.23,52781.73,UPI,New,Returned,3.3,
ORD101987,20-06-2025,CUST1434,Customer_1987,Hyderabad,Clothing,Skincare Kit,Marketplace,2,9413.02,5,18826.04,941.3,213.91,18098.65,UPI,New,Cancelled,1,
ORD101988,01-01-2025,CUST1918,Customer_1988,Hyderabad,Books,Skincare Kit,Website,2,2956.91,0,5913.82,0,214.25,6128.07,Net Banking,VIP,Delivered,2,
ORD101989,09-11-2025,CUST1239,Customer_1989,Chennai,Accessories,Headphones,Marketplace,4,7121.11,10,28484.44,2848.44,258.22,25894.22,Credit Card,New,Delivered,4,
ORD101990,05-03-2025,CUST1072,Customer_1990,Surat,Beauty,Groceries Pack,Marketplace,3,10846.8,10,32540.4,3254.04,32.61,29318.97,Net Banking,New,Delivered,1.2,
ORD101991,11-10-2025,CUST1822,Customer_1991,Kolkata,Home & Kitchen,Laptop,Website,4,8012.12,25,32048.48,8012.12,89.47,24125.83,Net Banking,Returning,Delivered,5,
ORD101992,01-05-2025,CUST1905,Customer_1992,Kolkata,Books,Shoes,Mobile App,5,6023.01,10,30115.05,3011.5,209.69,27313.24,Credit Card,New,Returned,4.6,
ORD101993,17-04-2025,CUST1399,Customer_1993,Mumbai,Books,Shoes,Mobile App,1,4936.73,15,4936.73,740.51,271.69,4467.91,Net Banking,New,Delivered,1.9,
ORD101994,24-06-2025,CUST1816,Customer_1994,Mumbai,Books,Headphones,Website,4,9214.35,25,36857.4,9214.35,215.04,27858.09,Debit Card,New,Cancelled,4.6,
ORD101995,23-07-2025,CUST1404,Customer_1995,Pune,Home & Kitchen,Novel,Mobile App,3,14095.76,20,42287.28,8457.46,141.64,33971.46,Cash on Delivery,New,Delivered,3.8,
ORD101996,14-06-2025,CUST1675,Customer_1996,Surat,Clothing,Headphones,Marketplace,4,10125.41,0,40501.64,0,127.62,40629.26,Cash on Delivery,Returning,Delivered,2.7,
ORD101997,01-11-2025,CUST1251,Customer_1997,Chennai,Sports,Headphones,Store,2,1259.98,10,2519.96,252,229.25,2497.21,Debit Card,Returning,Delivered,1.8,
ORD101998,30-04-2025,CUST1869,Customer_1998,Delhi,Sports,Headphones,Website,5,6991.17,5,34955.85,1747.79,230.13,33438.19,UPI,New,Delivered,1.8,
ORD101999,13-02-2025,CUST1195,Customer_1999,Delhi,Books,Laptop,Marketplace,5,13378.74,5,66893.7,3344.68,193.91,63742.93,Net Banking,Returning,Returned,3.4,
ORD102000,08-11-2025,CUST1572,Customer_2000,Bengaluru,Electronics,Blender,Store,5,1552.77,5,7763.85,388.19,108.7,7484.36,Cash on Delivery,New,Delivered,2.7,
ORD102001,05-06-2025,CUST1610,Customer_2001,Delhi,Electronics,Shoes,Marketplace,5,14834.8,20,74174,14834.8,279.79,59618.99,Credit Card,New,Cancelled,3.4,
ORD102002,26-07-2025,CUST1930,Customer_2002,Delhi,Home & Kitchen,Headphones,Website,5,14243.68,10,71218.4,7121.84,179.01,64275.57,UPI,New,Delivered,2.3,
ORD102003,18-04-2025,CUST1868,Customer_2003,Jaipur,Clothing,Laptop,Marketplace,5,1312.38,10,6561.9,656.19,243.43,6149.14,Cash on Delivery,Returning,Delivered,1.9,
ORD102004,08-09-2025,CUST1867,Customer_2004,Chennai,Home & Kitchen,Laptop,Website,1,14011.19,25,14011.19,3502.8,87.86,10596.25,Net Banking,New,Delivered,4.3,
ORD102005,30-11-2025,CUST1585,Customer_2005,Chennai,Clothing,Headphones,Marketplace,3,5542.52,0,16627.56,0,122.89,16750.45,Cash on Delivery,Returning,Delivered,4.7,
ORD102006,10-05-2025,CUST1222,Customer_2006,Surat,Beauty,Laptop,Store,5,12693.93,10,63469.65,6346.96,266.14,57388.83,Net Banking,Returning,Returned,3.8,
ORD102007,20-10-2025,CUST1631,Customer_2007,Mumbai,Electronics,Groceries Pack,Store,3,6362.99,15,19088.97,2863.35,43.53,16269.15,UPI,VIP,Returned,1.6,
ORD102008,20-01-2025,CUST1182,Customer_2008,Kolkata,Home & Kitchen,Headphones,Store,5,6696.7,0,33483.5,0,168.33,33651.83,Debit Card,New,Delivered,1.4,
ORD102009,09-10-2025,CUST1896,Customer_2009,Hyderabad,Grocery,T-Shirt,Mobile App,4,9568.51,10,38274.04,3827.4,160.06,34606.7,Net Banking,New,Delivered,3.2,
ORD102010,12-10-2025,CUST1730,Customer_2010,Delhi,Accessories,Groceries Pack,Marketplace,5,11650.99,0,58254.95,0,232.83,58487.78,Net Banking,New,Delivered,3.2,
ORD102011,01-01-2025,CUST1256,Customer_2011,Kolkata,Beauty,Blender,Marketplace,2,651.77,20,1303.54,260.71,106.11,1148.94,UPI,VIP,Cancelled,3.6,
ORD102012,29-04-2025,CUST1908,Customer_2012,Kolkata,Sports,Novel,Store,1,8958.37,5,8958.37,447.92,89.15,8599.6,UPI,Returning,Delivered,4.6,
ORD102013,04-02-2025,CUST1088,Customer_2013,Hyderabad,Electronics,Football,Website,4,2922.98,5,11691.92,584.6,280.06,11387.38,Credit Card,Returning,Delivered,3.6,
ORD102014,17-07-2025,CUST1873,Customer_2014,Surat,Clothing,Skincare Kit,Mobile App,4,5287.35,10,21149.4,2114.94,184.36,19218.82,UPI,Returning,Delivered,4.7,
ORD102015,02-09-2025,CUST1787,Customer_2015,Hyderabad,Books,Headphones,Marketplace,2,5317.33,0,10634.66,0,58.27,10692.93,Cash on Delivery,Returning,Returned,1.5,
ORD102016,28-02-2025,CUST1492,Customer_2016,Jaipur,Accessories,Shoes,Marketplace,5,7115.55,5,35577.75,1778.89,82.12,33880.98,Net Banking,New,Delivered,3.8,
ORD102017,21-11-2025,CUST1336,Customer_2017,Jaipur,Sports,Groceries Pack,Mobile App,1,5111.93,5,5111.93,255.6,299.68,5156.01,Debit Card,Returning,Returned,4.7,
ORD102018,10-06-2025,CUST1538,Customer_2018,Hyderabad,Sports,Football,Mobile App,4,1744.31,5,6977.24,348.86,82.81,6711.19,UPI,Returning,Delivered,2.9,
ORD102019,28-06-2025,CUST1407,Customer_2019,Chennai,Beauty,T-Shirt,Store,1,2312.59,10,2312.59,231.26,194.83,2276.16,Net Banking,New,Cancelled,4.9,
ORD102020,25-07-2025,CUST1633,Customer_2020,Bengaluru,Accessories,Skincare Kit,Mobile App,4,646.55,10,2586.2,258.62,143.43,2471.01,Debit Card,New,Delivered,3.2,
ORD102021,12-01-2025,CUST1289,Customer_2021,Ahmedabad,Grocery,Novel,Store,5,7133.2,10,35666,3566.6,269.11,32368.51,Credit Card,Returning,Cancelled,4.8,
ORD102022,03-10-2025,CUST1362,Customer_2022,Bengaluru,Accessories,Novel,Mobile App,4,14323.55,15,57294.2,8594.13,233.9,48933.97,Cash on Delivery,New,Cancelled,4,
ORD102023,30-06-2025,CUST1441,Customer_2023,Jaipur,Home & Kitchen,Novel,Mobile App,4,1867.78,5,7471.12,373.56,191.18,7288.74,Credit Card,VIP,Cancelled,2.8,
ORD102024,30-08-2025,CUST1030,Customer_2024,Jaipur,Books,Novel,Marketplace,3,14202.03,0,42606.09,0,32.9,42638.99,UPI,New,Delivered,1.1,
ORD102025,04-08-2025,CUST1919,Customer_2025,Mumbai,Accessories,Watch,Store,5,11040.42,15,55202.1,8280.32,267.54,47189.32,Cash on Delivery,New,Delivered,3.6,
ORD102026,08-09-2025,CUST1714,Customer_2026,Chennai,Accessories,Skincare Kit,Mobile App,2,9616.86,20,19233.72,3846.74,150.06,15537.04,Credit Card,Returning,Returned,2,
ORD102027,26-10-2025,CUST1894,Customer_2027,Ahmedabad,Accessories,Watch,Mobile App,2,9732.37,5,19464.74,973.24,281.53,18773.03,Net Banking,Returning,Returned,2.2,
ORD102028,06-05-2025,CUST1548,Customer_2028,Mumbai,Home & Kitchen,T-Shirt,Marketplace,5,12426.91,5,62134.55,3106.73,163.8,59191.62,UPI,New,Delivered,1.1,
ORD102029,05-08-2025,CUST1637,Customer_2029,Jaipur,Beauty,Groceries Pack,Website,2,1737.76,10,3475.52,347.55,217.44,3345.41,Credit Card,VIP,Delivered,3.2,
ORD102030,02-11-2025,CUST1223,Customer_2030,Surat,Accessories,T-Shirt,Marketplace,5,7645.6,10,38228,3822.8,48.71,34453.91,Cash on Delivery,VIP,Delivered,2.2,
ORD102031,12-10-2025,CUST1747,Customer_2031,Bengaluru,Sports,Shoes,Store,2,10501.8,15,21003.6,3150.54,231.19,18084.25,Cash on Delivery,Returning,Delivered,4.9,
ORD102032,04-07-2025,CUST1124,Customer_2032,Delhi,Electronics,Watch,Website,3,8864.28,0,26592.84,0,121.26,26714.1,Debit Card,Returning,Delivered,4,
ORD102033,08-02-2025,CUST1982,Customer_2033,Mumbai,Sports,Laptop,Mobile App,2,12516.77,15,25033.54,3755.03,124.87,21403.38,Cash on Delivery,Returning,Delivered,2.4,
ORD102034,11-08-2025,CUST1683,Customer_2034,Hyderabad,Beauty,Headphones,Store,4,1223.23,0,4892.92,0,62.04,4954.96,Cash on Delivery,Returning,Delivered,2.2,
ORD102035,03-07-2025,CUST1998,Customer_2035,Bengaluru,Sports,Skincare Kit,Website,5,10406.91,10,52034.55,5203.46,69.65,46900.74,UPI,VIP,Delivered,3.9,
ORD102036,27-06-2025,CUST1962,Customer_2036,Delhi,Books,Laptop,Store,1,8080.31,20,8080.31,1616.06,80.15,6544.4,Cash on Delivery,New,Delivered,2,
ORD102037,21-10-2025,CUST1693,Customer_2037,Delhi,Sports,Groceries Pack,Marketplace,1,5780.54,10,5780.54,578.05,118.62,5321.11,Debit Card,New,Delivered,2.8,
ORD102038,06-12-2025,CUST1215,Customer_2038,Surat,Accessories,Novel,Website,5,5203.08,0,26015.4,0,270.83,26286.23,Cash on Delivery,VIP,Delivered,1.6,
ORD102039,31-05-2025,CUST1118,Customer_2039,Delhi,Sports,Headphones,Website,3,9369.36,25,28108.08,7027.02,129.43,21210.49,Debit Card,New,Delivered,2,
ORD102040,06-05-2025,CUST1227,Customer_2040,Jaipur,Sports,Headphones,Website,2,13381.28,20,26762.56,5352.51,225.58,21635.63,Net Banking,Returning,Delivered,1.4,
ORD102041,28-10-2025,CUST1891,Customer_2041,Kolkata,Electronics,Novel,Mobile App,3,7518.21,15,22554.63,3383.19,52.34,19223.78,Debit Card,New,Cancelled,2.7,
ORD102042,04-11-2025,CUST1444,Customer_2042,Kolkata,Clothing,Novel,Marketplace,1,12397.14,5,12397.14,619.86,189.6,11966.88,UPI,VIP,Cancelled,4.7,
ORD102043,02-12-2025,CUST1549,Customer_2043,Pune,Clothing,Laptop,Website,5,6122.02,0,30610.1,0,160.11,30770.21,Credit Card,Returning,Returned,1.4,
ORD102044,22-08-2025,CUST1829,Customer_2044,Ahmedabad,Home & Kitchen,Blender,Store,5,1670.56,25,8352.8,2088.2,294.05,6558.65,Credit Card,VIP,Delivered,2.7,
ORD102045,08-01-2025,CUST1608,Customer_2045,Surat,Accessories,Headphones,Mobile App,3,1063.36,10,3190.08,319.01,258.48,3129.55,Net Banking,VIP,Delivered,2.2,
ORD102046,07-12-2025,CUST1632,Customer_2046,Pune,Clothing,Laptop,Marketplace,3,912.32,20,2736.96,547.39,152.8,2342.37,UPI,New,Delivered,2.5,
ORD102047,09-05-2025,CUST1437,Customer_2047,Ahmedabad,Clothing,T-Shirt,Marketplace,2,5795.23,5,11590.46,579.52,239.29,11250.23,Net Banking,New,Delivered,4.1,
ORD102048,21-09-2025,CUST1012,Customer_2048,Kolkata,Clothing,T-Shirt,Marketplace,4,5157.98,5,20631.92,1031.6,82.12,19682.44,Net Banking,Returning,Cancelled,2.7,
ORD102049,06-06-2025,CUST1122,Customer_2049,Surat,Accessories,Watch,Marketplace,4,10811.36,25,43245.44,10811.36,181.83,32615.91,Cash on Delivery,Returning,Delivered,3.6,
ORD102050,18-12-2025,CUST1547,Customer_2050,Jaipur,Grocery,Groceries Pack,Mobile App,2,11180.9,10,22361.8,2236.18,50.15,20175.77,Cash on Delivery,New,Cancelled,4.9,
ORD102051,24-12-2025,CUST1489,Customer_2051,Chennai,Accessories,Watch,Marketplace,4,905.18,0,3620.72,0,123.98,3744.7,UPI,VIP,Returned,3.5,
ORD102052,05-01-2025,CUST1251,Customer_2052,Mumbai,Sports,Laptop,Store,1,3433.68,0,3433.68,0,90.98,3524.66,Credit Card,New,Delivered,2.3,
ORD102053,27-03-2025,CUST1579,Customer_2053,Mumbai,Grocery,Headphones,Store,4,4222.79,10,16891.16,1689.12,224.11,15426.15,Debit Card,VIP,Returned,2.6,
ORD102054,24-06-2025,CUST1482,Customer_2054,Bengaluru,Sports,Groceries Pack,Store,2,8282.04,0,16564.08,0,162.32,16726.4,Cash on Delivery,Returning,Delivered,3.8,
ORD102055,17-10-2025,CUST1550,Customer_2055,Kolkata,Books,Blender,Website,4,2296.05,10,9184.2,918.42,232.79,8498.57,UPI,Returning,Delivered,3.8,
ORD102056,12-07-2025,CUST1280,Customer_2056,Kolkata,Accessories,Groceries Pack,Marketplace,5,2139.03,5,10695.15,534.76,169.13,10329.52,UPI,New,Delivered,2.5,
ORD102057,07-11-2025,CUST1742,Customer_2057,Jaipur,Electronics,Skincare Kit,Store,3,14165.27,15,42495.81,6374.37,53.35,36174.79,Credit Card,New,Delivered,3.9,
ORD102058,29-04-2025,CUST1337,Customer_2058,Pune,Grocery,Watch,Marketplace,1,12092.41,5,12092.41,604.62,228.55,11716.34,UPI,New,Delivered,3.2,
ORD102059,06-08-2025,CUST1168,Customer_2059,Chennai,Sports,Watch,Mobile App,5,2832.73,25,14163.65,3540.91,254.97,10877.71,UPI,New,Delivered,4.9,
ORD102060,24-04-2025,CUST1961,Customer_2060,Kolkata,Sports,T-Shirt,Store,5,6187.53,0,30937.65,0,273.95,31211.6,Credit Card,Returning,Delivered,4.6,
ORD102061,25-05-2025,CUST1953,Customer_2061,Delhi,Clothing,Novel,Website,2,5430.99,10,10861.98,1086.2,184.44,9960.22,Cash on Delivery,Returning,Cancelled,4.3,
ORD102062,26-01-2025,CUST1328,Customer_2062,Bengaluru,Electronics,Groceries Pack,Website,3,11896.41,0,35689.23,0,233.47,35922.7,Credit Card,New,Cancelled,1.1,
ORD102063,16-05-2025,CUST1246,Customer_2063,Mumbai,Electronics,Headphones,Mobile App,3,7726.66,15,23179.98,3477,233.05,19936.03,Net Banking,New,Delivered,2.5,
ORD102064,30-10-2025,CUST1591,Customer_2064,Kolkata,Clothing,Groceries Pack,Store,1,2048.57,25,2048.57,512.14,72.05,1608.48,Cash on Delivery,VIP,Delivered,3.3,
ORD102065,20-08-2025,CUST1626,Customer_2065,Chennai,Grocery,Shoes,Mobile App,2,11124.03,20,22248.06,4449.61,74.34,17872.79,Net Banking,Returning,Returned,3.1,
ORD102066,17-03-2025,CUST1301,Customer_2066,Hyderabad,Clothing,Novel,Website,1,6043.79,10,6043.79,604.38,49.14,5488.55,UPI,New,Cancelled,4.1,
ORD102067,24-11-2025,CUST1729,Customer_2067,Pune,Electronics,Blender,Website,4,4054.43,10,16217.72,1621.77,116.38,14712.33,Net Banking,Returning,Returned,4.6,
ORD102068,11-12-2025,CUST1200,Customer_2068,Chennai,Beauty,Skincare Kit,Marketplace,5,5726.15,20,28630.75,5726.15,157.85,23062.45,Credit Card,VIP,Returned,4.1,
ORD102069,29-10-2025,CUST1893,Customer_2069,Delhi,Clothing,Shoes,Mobile App,1,7541.68,25,7541.68,1885.42,299.43,5955.69,Credit Card,VIP,Delivered,1.9,
ORD102070,16-10-2025,CUST1500,Customer_2070,Pune,Clothing,Blender,Website,5,5245.27,25,26226.35,6556.59,146.37,19816.13,Debit Card,Returning,Delivered,2.9,
ORD102071,01-01-2025,CUST1864,Customer_2071,Mumbai,Electronics,Laptop,Store,2,3742.3,5,7484.6,374.23,226.09,7336.46,UPI,Returning,Delivered,2.6,
ORD102072,27-05-2025,CUST1754,Customer_2072,Pune,Accessories,T-Shirt,Store,4,6067.76,25,24271.04,6067.76,217.22,18420.5,Credit Card,New,Delivered,4.1,
ORD102073,14-10-2025,CUST1013,Customer_2073,Chennai,Grocery,Shoes,Website,2,434.72,0,869.44,0,85.21,954.65,Cash on Delivery,Returning,Delivered,4.6,
ORD102074,22-05-2025,CUST1366,Customer_2074,Surat,Beauty,Laptop,Mobile App,4,11621.59,5,46486.36,2324.32,45.8,44207.84,Credit Card,Returning,Returned,2.1,
ORD102075,22-02-2025,CUST1719,Customer_2075,Chennai,Books,T-Shirt,Mobile App,4,2688.53,0,10754.12,0,177.42,10931.54,Cash on Delivery,New,Cancelled,3,
ORD102076,31-10-2025,CUST1774,Customer_2076,Kolkata,Beauty,Shoes,Store,5,801.98,5,4009.9,200.5,219.08,4028.48,UPI,New,Returned,3.9,
ORD102077,10-03-2025,CUST1097,Customer_2077,Delhi,Home & Kitchen,Groceries Pack,Website,2,9857.43,15,19714.86,2957.23,299.53,17057.16,Debit Card,New,Delivered,1.2,
ORD102078,27-12-2025,CUST1071,Customer_2078,Jaipur,Accessories,T-Shirt,Store,2,11642.95,20,23285.9,4657.18,126.82,18755.54,Debit Card,Returning,Cancelled,4.9,
ORD102079,31-03-2025,CUST1993,Customer_2079,Pune,Beauty,T-Shirt,Mobile App,1,12235.36,15,12235.36,1835.3,272.02,10672.08,Net Banking,New,Delivered,4.2,
ORD102080,08-08-2025,CUST1815,Customer_2080,Chennai,Accessories,Shoes,Website,2,7478.61,10,14957.22,1495.72,133.12,13594.62,Credit Card,Returning,Cancelled,3.2,
ORD102081,11-07-2025,CUST1861,Customer_2081,Ahmedabad,Clothing,Groceries Pack,Store,1,3199.72,10,3199.72,319.97,216.14,3095.89,UPI,VIP,Delivered,4.1,
ORD102082,04-03-2025,CUST1742,Customer_2082,Ahmedabad,Sports,Groceries Pack,Website,3,11097.83,15,33293.49,4994.02,191.53,28491,Net Banking,New,Cancelled,4.3,
ORD102083,14-03-2025,CUST1357,Customer_2083,Bengaluru,Electronics,Laptop,Marketplace,3,10540.74,5,31622.22,1581.11,44.3,30085.41,UPI,VIP,Delivered,3,
ORD102084,10-06-2025,CUST1812,Customer_2084,Pune,Accessories,Novel,Store,3,3807.12,20,11421.36,2284.27,51.16,9188.25,UPI,Returning,Cancelled,2.8,
ORD102085,18-06-2025,CUST1544,Customer_2085,Surat,Books,Watch,Store,2,13565.61,15,27131.22,4069.68,35.61,23097.15,Net Banking,New,Delivered,4.4,
ORD102086,30-03-2025,CUST1250,Customer_2086,Delhi,Clothing,Laptop,Marketplace,2,1699.92,15,3399.84,509.98,130.13,3019.99,UPI,New,Cancelled,4.4,
ORD102087,25-06-2025,CUST1254,Customer_2087,Hyderabad,Books,Headphones,Mobile App,1,14742.92,10,14742.92,1474.29,231.37,13500,Net Banking,New,Delivered,1.5,
ORD102088,26-09-2025,CUST1771,Customer_2088,Delhi,Electronics,Watch,Store,4,12924.68,20,51698.72,10339.74,76.64,41435.62,Credit Card,New,Cancelled,4.6,
ORD102089,14-03-2025,CUST1182,Customer_2089,Pune,Books,Blender,Store,1,10365.29,5,10365.29,518.26,193.58,10040.61,Net Banking,Returning,Delivered,2.1,
ORD102090,02-09-2025,CUST1852,Customer_2090,Ahmedabad,Beauty,Skincare Kit,Mobile App,3,14090.44,5,42271.32,2113.57,107.98,40265.73,Credit Card,Returning,Delivered,3.7,
ORD102091,18-03-2025,CUST1974,Customer_2091,Delhi,Electronics,Headphones,Website,1,10876.32,15,10876.32,1631.45,245.19,9490.06,Debit Card,VIP,Cancelled,3.8,
ORD102092,08-06-2025,CUST1988,Customer_2092,Chennai,Clothing,Watch,Marketplace,4,2978.29,10,11913.16,1191.32,245.57,10967.41,Net Banking,Returning,Cancelled,2.1,
ORD102093,20-11-2025,CUST1166,Customer_2093,Delhi,Accessories,Blender,Mobile App,2,6716.02,20,13432.04,2686.41,239.36,10984.99,Debit Card,New,Cancelled,2.2,
ORD102094,08-04-2025,CUST1004,Customer_2094,Pune,Sports,T-Shirt,Website,1,1211.82,5,1211.82,60.59,171.71,1322.94,Net Banking,New,Returned,3.8,
ORD102095,12-04-2025,CUST1463,Customer_2095,Chennai,Clothing,Football,Marketplace,3,5936.41,5,17809.23,890.46,106.83,17025.6,UPI,Returning,Returned,1.7,
ORD102096,12-05-2025,CUST1145,Customer_2096,Mumbai,Grocery,Laptop,Website,3,11162.8,20,33488.4,6697.68,248.55,27039.27,Debit Card,Returning,Delivered,4.4,
ORD102097,12-04-2025,CUST1165,Customer_2097,Delhi,Accessories,Blender,Store,2,5888.68,10,11777.36,1177.74,80.25,10679.87,Cash on Delivery,New,Delivered,1.9,
ORD102098,19-01-2025,CUST1344,Customer_2098,Bengaluru,Home & Kitchen,T-Shirt,Marketplace,1,5054.87,10,5054.87,505.49,108.24,4657.62,Cash on Delivery,VIP,Cancelled,2.4,
ORD102099,23-03-2025,CUST1998,Customer_2099,Pune,Electronics,Headphones,Website,4,8991.03,5,35964.12,1798.21,79.67,34245.58,Cash on Delivery,Returning,Cancelled,2.1,
ORD102100,06-10-2025,CUST1874,Customer_2100,Kolkata,Clothing,T-Shirt,Marketplace,2,13102.24,5,26204.48,1310.22,212.04,25106.3,Debit Card,Returning,Delivered,2,
ORD102101,05-12-2025,CUST1105,Customer_2101,Kolkata,Beauty,Watch,Website,1,856.61,15,856.61,128.49,215.28,943.4,Credit Card,Returning,Delivered,4.9,
ORD102102,31-12-2025,CUST1548,Customer_2102,Bengaluru,Beauty,Shoes,Website,5,5874.24,0,29371.2,0,206.18,29577.38,Net Banking,New,Delivered,2,
ORD102103,27-11-2025,CUST1314,Customer_2103,Kolkata,Accessories,Headphones,Store,3,2499.88,20,7499.64,1499.93,142.21,6141.92,UPI,Returning,Delivered,3.3,
ORD102104,09-05-2025,CUST1169,Customer_2104,Bengaluru,Grocery,Headphones,Mobile App,4,10476.01,15,41904.04,6285.61,57.05,35675.48,UPI,New,Delivered,4,
ORD102105,10-12-2025,CUST1520,Customer_2105,Mumbai,Books,T-Shirt,Marketplace,4,1720.01,0,6880.04,0,276.02,7156.06,Debit Card,Returning,Delivered,1.2,
ORD102106,06-11-2025,CUST1963,Customer_2106,Surat,Clothing,Headphones,Store,4,10022.4,15,40089.6,6013.44,167.09,34243.25,Cash on Delivery,New,Delivered,4.5,
ORD102107,30-03-2025,CUST1926,Customer_2107,Ahmedabad,Books,Skincare Kit,Marketplace,3,4399.79,10,13199.37,1319.94,139.88,12019.31,UPI,New,Delivered,1.6,
ORD102108,01-08-2025,CUST1598,Customer_2108,Chennai,Home & Kitchen,Headphones,Mobile App,1,3103.91,0,3103.91,0,188.98,3292.89,UPI,New,Delivered,3.4,
ORD102109,23-05-2025,CUST1436,Customer_2109,Bengaluru,Electronics,Laptop,Store,2,14054.84,5,28109.68,1405.48,82.05,26786.25,Credit Card,New,Returned,3.6,
ORD102110,06-03-2025,CUST1609,Customer_2110,Jaipur,Home & Kitchen,Novel,Mobile App,1,425.09,5,425.09,21.25,65.79,469.63,UPI,New,Delivered,3.5,
ORD102111,17-03-2025,CUST1512,Customer_2111,Jaipur,Sports,Watch,Store,2,6650.99,15,13301.98,1995.3,139.49,11446.17,UPI,Returning,Returned,3.9,
ORD102112,18-07-2025,CUST1409,Customer_2112,Jaipur,Grocery,Shoes,Store,4,471.16,10,1884.64,188.46,91.35,1787.53,Net Banking,Returning,Delivered,4.7,
ORD102113,23-05-2025,CUST1436,Customer_2113,Hyderabad,Books,Headphones,Store,1,7331.36,10,7331.36,733.14,95.96,6694.18,UPI,New,Cancelled,4.7,
ORD102114,12-11-2025,CUST1315,Customer_2114,Kolkata,Clothing,Shoes,Store,4,7590.55,15,30362.2,4554.33,270.98,26078.85,Net Banking,Returning,Cancelled,3.3,
ORD102115,03-04-2025,CUST1542,Customer_2115,Bengaluru,Books,Headphones,Website,5,4926.69,15,24633.45,3695.02,173.3,21111.73,Cash on Delivery,Returning,Cancelled,2.5,
ORD102116,01-11-2025,CUST1613,Customer_2116,Pune,Home & Kitchen,Blender,Marketplace,4,2112.6,10,8450.4,845.04,160.54,7765.9,Credit Card,New,Delivered,2.3,
ORD102117,12-08-2025,CUST1579,Customer_2117,Bengaluru,Accessories,Football,Website,4,5739.35,15,22957.4,3443.61,216.16,19729.95,UPI,Returning,Delivered,4.5,
ORD102118,18-10-2025,CUST1900,Customer_2118,Pune,Grocery,Skincare Kit,Website,2,10133.1,5,20266.2,1013.31,286.92,19539.81,Credit Card,Returning,Delivered,4.4,
ORD102119,12-04-2025,CUST1861,Customer_2119,Mumbai,Sports,Headphones,Website,5,11768.58,20,58842.9,11768.58,60.29,47134.61,Credit Card,VIP,Delivered,2.2,
ORD102120,24-09-2025,CUST1953,Customer_2120,Pune,Home & Kitchen,Shoes,Store,4,8031.65,10,32126.6,3212.66,255.05,29168.99,Credit Card,Returning,Delivered,1.6,
ORD102121,21-12-2025,CUST1063,Customer_2121,Surat,Sports,Novel,Store,4,8909.04,20,35636.16,7127.23,187.69,28696.62,Debit Card,New,Delivered,4.4,
ORD102122,20-04-2025,CUST1032,Customer_2122,Jaipur,Grocery,Football,Mobile App,5,3129.15,10,15645.75,1564.58,69.46,14150.63,Net Banking,New,Delivered,3.4,
ORD102123,26-11-2025,CUST1599,Customer_2123,Kolkata,Beauty,Football,Marketplace,5,4416.86,0,22084.3,0,110.23,22194.53,Credit Card,Returning,Delivered,2.3,
ORD102124,22-09-2025,CUST1211,Customer_2124,Chennai,Beauty,Shoes,Mobile App,1,2554.15,10,2554.15,255.42,160.24,2458.97,Cash on Delivery,New,Returned,3.4,
ORD102125,03-01-2025,CUST1463,Customer_2125,Chennai,Clothing,Laptop,Mobile App,2,3852.04,5,7704.08,385.2,216.62,7535.5,UPI,VIP,Returned,1.3,
ORD102126,26-03-2025,CUST1563,Customer_2126,Hyderabad,Accessories,Football,Marketplace,5,3489.57,15,17447.85,2617.18,95.5,14926.17,Credit Card,New,Delivered,1.8,
ORD102127,09-10-2025,CUST1575,Customer_2127,Mumbai,Home & Kitchen,Skincare Kit,Marketplace,5,7863.81,10,39319.05,3931.9,174.42,35561.57,Credit Card,New,Cancelled,3.2,
ORD102128,24-11-2025,CUST1080,Customer_2128,Surat,Beauty,Novel,Mobile App,3,8505.93,20,25517.79,5103.56,214.86,20629.09,UPI,New,Cancelled,3.2,
ORD102129,31-10-2025,CUST1343,Customer_2129,Surat,Books,Blender,Mobile App,5,14182.47,15,70912.35,10636.85,151.16,60426.66,Cash on Delivery,Returning,Delivered,2,
ORD102130,27-04-2025,CUST1232,Customer_2130,Kolkata,Grocery,Novel,Mobile App,2,3054.22,15,6108.44,916.27,263.02,5455.19,Credit Card,Returning,Returned,4.9,
ORD102131,09-08-2025,CUST1878,Customer_2131,Pune,Electronics,Watch,Store,4,9678.88,0,38715.52,0,264.75,38980.27,Credit Card,New,Delivered,2.6,
ORD102132,03-06-2025,CUST1613,Customer_2132,Hyderabad,Grocery,Novel,Marketplace,4,12286.3,25,49145.2,12286.3,157.09,37015.99,Cash on Delivery,VIP,Delivered,3.8,
ORD102133,02-06-2025,CUST1129,Customer_2133,Ahmedabad,Books,Groceries Pack,Marketplace,4,8469.59,20,33878.36,6775.67,292.69,27395.38,Credit Card,New,Delivered,2,
ORD102134,12-01-2025,CUST1019,Customer_2134,Pune,Beauty,Laptop,Website,4,3936.8,15,15747.2,2362.08,50.41,13435.53,Cash on Delivery,New,Cancelled,2.7,
ORD102135,13-05-2025,CUST1357,Customer_2135,Hyderabad,Beauty,T-Shirt,Store,3,4048.87,5,12146.61,607.33,30.91,11570.19,Credit Card,New,Cancelled,4.3,
ORD102136,31-10-2025,CUST1419,Customer_2136,Surat,Home & Kitchen,Skincare Kit,Store,5,732.91,10,3664.55,366.46,132.78,3430.87,UPI,VIP,Cancelled,4.4,
ORD102137,20-10-2025,CUST1959,Customer_2137,Mumbai,Sports,Shoes,Marketplace,4,4685.85,0,18743.4,0,192.3,18935.7,Cash on Delivery,Returning,Cancelled,1.5,
ORD102138,27-10-2025,CUST1606,Customer_2138,Chennai,Electronics,Novel,Store,1,11207.36,10,11207.36,1120.74,199.88,10286.5,UPI,Returning,Returned,2.4,
ORD102139,16-08-2025,CUST1081,Customer_2139,Bengaluru,Electronics,Watch,Mobile App,4,855.64,0,3422.56,0,158.64,3581.2,UPI,New,Delivered,1.8,
ORD102140,28-09-2025,CUST1615,Customer_2140,Pune,Sports,Laptop,Marketplace,5,3406.53,10,17032.65,1703.26,63.72,15393.11,Credit Card,Returning,Returned,4.6,
ORD102141,12-02-2025,CUST1881,Customer_2141,Delhi,Home & Kitchen,Blender,Marketplace,4,10637.55,10,42550.2,4255.02,76.03,38371.21,Cash on Delivery,Returning,Delivered,4,
ORD102142,09-12-2025,CUST1666,Customer_2142,Pune,Beauty,Shoes,Store,3,11772.38,5,35317.14,1765.86,260.08,33811.36,Debit Card,New,Delivered,3.3,
ORD102143,22-11-2025,CUST1781,Customer_2143,Bengaluru,Sports,Laptop,Marketplace,2,6911.48,10,13822.96,1382.3,264.34,12705,UPI,New,Delivered,3.6,
ORD102144,29-10-2025,CUST1118,Customer_2144,Surat,Grocery,Watch,Store,2,10516.4,20,21032.8,4206.56,211.95,17038.19,UPI,VIP,Delivered,4.7,
ORD102145,30-12-2025,CUST1854,Customer_2145,Hyderabad,Grocery,Skincare Kit,Store,5,5911.09,0,29555.45,0,209.34,29764.79,UPI,New,Returned,2.2,
ORD102146,21-01-2025,CUST1494,Customer_2146,Mumbai,Grocery,Watch,Store,2,2524.71,15,5049.42,757.41,191.37,4483.38,Credit Card,Returning,Returned,1.1,
ORD102147,17-04-2025,CUST1791,Customer_2147,Delhi,Electronics,T-Shirt,Mobile App,2,6062.52,0,12125.04,0,84.79,12209.83,Credit Card,New,Delivered,1.1,
ORD102148,02-12-2025,CUST1492,Customer_2148,Surat,Electronics,Blender,Store,1,8762.52,0,8762.52,0,145.63,8908.15,UPI,Returning,Delivered,1.2,
ORD102149,30-10-2025,CUST1875,Customer_2149,Ahmedabad,Grocery,Skincare Kit,Store,5,14228.59,0,71142.95,0,217.89,71360.84,Credit Card,New,Cancelled,1.5,
ORD102150,27-04-2025,CUST1225,Customer_2150,Chennai,Grocery,Shoes,Website,5,1170.95,15,5854.75,878.21,175.06,5151.6,Credit Card,New,Delivered,3.3,
ORD102151,04-05-2025,CUST1987,Customer_2151,Kolkata,Grocery,Watch,Website,2,7684.8,5,15369.6,768.48,35.02,14636.14,Credit Card,Returning,Delivered,4.9,
ORD102152,08-10-2025,CUST1419,Customer_2152,Mumbai,Beauty,Watch,Mobile App,2,5034.46,20,10068.92,2013.78,287.46,8342.6,Net Banking,VIP,Delivered,2.7,
ORD102153,19-10-2025,CUST1780,Customer_2153,Chennai,Beauty,Skincare Kit,Mobile App,2,7698.43,10,15396.86,1539.69,258.1,14115.27,Cash on Delivery,VIP,Delivered,3.8,
ORD102154,22-07-2025,CUST1137,Customer_2154,Delhi,Clothing,Football,Store,3,506.04,0,1518.12,0,100.35,1618.47,Credit Card,New,Delivered,4.2,
ORD102155,20-02-2025,CUST1226,Customer_2155,Pune,Books,Headphones,Website,4,4798.43,15,19193.72,2879.06,196.44,16511.1,Net Banking,New,Delivered,4.2,
ORD102156,28-09-2025,CUST1334,Customer_2156,Hyderabad,Sports,Football,Mobile App,3,12325.04,0,36975.12,0,279.27,37254.39,Net Banking,Returning,Cancelled,2.8,
ORD102157,20-11-2025,CUST1229,Customer_2157,Jaipur,Beauty,Football,Marketplace,5,8376.03,15,41880.15,6282.02,55.92,35654.05,Credit Card,New,Delivered,3.2,
ORD102158,04-10-2025,CUST1323,Customer_2158,Bengaluru,Clothing,Headphones,Marketplace,1,6841.15,0,6841.15,0,165.82,7006.97,Net Banking,Returning,Delivered,2.3,
ORD102159,21-05-2025,CUST1108,Customer_2159,Mumbai,Home & Kitchen,T-Shirt,Store,4,4390.05,5,17560.2,878.01,153.19,16835.38,Debit Card,Returning,Delivered,3.8,
ORD102160,02-10-2025,CUST1812,Customer_2160,Delhi,Grocery,T-Shirt,Website,1,4575.93,15,4575.93,686.39,140.76,4030.3,Net Banking,Returning,Delivered,2.5,
ORD102161,17-10-2025,CUST1445,Customer_2161,Jaipur,Electronics,Laptop,Marketplace,5,5839.06,25,29195.3,7298.82,255.61,22152.09,Cash on Delivery,Returning,Delivered,2.2,
ORD102162,30-11-2025,CUST1917,Customer_2162,Chennai,Sports,Laptop,Website,5,12558.23,5,62791.15,3139.56,132.77,59784.36,Net Banking,New,Delivered,3.5,
ORD102163,21-02-2025,CUST1007,Customer_2163,Hyderabad,Books,Watch,Mobile App,1,14513.12,20,14513.12,2902.62,47.19,11657.69,Credit Card,Returning,Cancelled,2.4,
ORD102164,27-01-2025,CUST1128,Customer_2164,Pune,Home & Kitchen,Skincare Kit,Website,1,6664.03,0,6664.03,0,47.78,6711.81,UPI,Returning,Delivered,2.6,
ORD102165,06-06-2025,CUST1353,Customer_2165,Pune,Sports,Groceries Pack,Store,1,5991.29,20,5991.29,1198.26,41.54,4834.57,Debit Card,Returning,Returned,3.8,
ORD102166,27-08-2025,CUST1995,Customer_2166,Ahmedabad,Sports,Groceries Pack,Website,5,12721.28,15,63606.4,9540.96,140.47,54205.91,Net Banking,New,Delivered,4.4,
ORD102167,05-06-2025,CUST1267,Customer_2167,Hyderabad,Beauty,Laptop,Marketplace,2,6489.54,0,12979.08,0,223.97,13203.05,Debit Card,New,Delivered,2.7,
ORD102168,18-10-2025,CUST1685,Customer_2168,Kolkata,Clothing,Football,Website,1,8347.47,5,8347.47,417.37,85.01,8015.11,Cash on Delivery,VIP,Delivered,3.1,
ORD102169,16-05-2025,CUST1928,Customer_2169,Unkonwn,Sports,Skincare Kit,Website,4,3579.48,0,14317.92,0,204.55,14522.47,Net Banking,Returning,Cancelled,4,
ORD102170,24-05-2025,CUST1214,Customer_2170,Surat,Books,Shoes,Website,5,11191.01,5,55955.05,2797.75,215.51,53372.81,Net Banking,VIP,Delivered,1.9,
ORD102171,16-04-2025,CUST1247,Customer_2171,Ahmedabad,Home & Kitchen,T-Shirt,Mobile App,3,8050.03,0,24150.09,0,98.9,24248.99,Debit Card,Returning,Delivered,2.7,
ORD102172,07-06-2025,CUST1618,Customer_2172,Hyderabad,Books,Groceries Pack,Store,3,12164.16,10,36492.48,3649.25,192.15,33035.38,Net Banking,VIP,Returned,4.2,
ORD102173,26-05-2025,CUST1595,Customer_2173,Delhi,Sports,Watch,Marketplace,4,11743.88,25,46975.52,11743.88,214.91,35446.55,Net Banking,New,Delivered,4.6,
ORD102174,02-01-2025,CUST1804,Customer_2174,Hyderabad,Accessories,Blender,Marketplace,2,3342.82,0,6685.64,0,155.99,6841.63,UPI,New,Cancelled,3.6,
ORD102175,18-03-2025,CUST1374,Customer_2175,Unkonwn,Books,Novel,Website,1,10777.19,10,10777.19,1077.72,120.91,9820.38,Debit Card,Returning,Delivered,2.6,
ORD102176,12-05-2025,CUST1421,Customer_2176,Hyderabad,Books,Shoes,Website,5,12030.81,10,60154.05,6015.4,197.17,54335.82,Credit Card,Returning,Cancelled,3.4,
ORD102177,31-03-2025,CUST1715,Customer_2177,Jaipur,Grocery,Shoes,Mobile App,1,5289.69,20,5289.69,1057.94,294.02,4525.77,Credit Card,Returning,Delivered,1.7,
ORD102178,11-12-2025,CUST1041,Customer_2178,Hyderabad,Accessories,Skincare Kit,Store,5,2713.25,10,13566.25,1356.62,145.25,12354.88,Cash on Delivery,Returning,Delivered,1.1,
ORD102179,16-12-2025,CUST1717,Customer_2179,Hyderabad,Clothing,Skincare Kit,Marketplace,3,189.09,10,567.27,56.73,135.77,646.31,UPI,VIP,Returned,1.3,
ORD102180,20-09-2025,CUST1348,Customer_2180,Chennai,Accessories,T-Shirt,Store,1,6845.92,10,6845.92,684.59,155.35,6316.68,Debit Card,New,Delivered,1.4,
ORD102181,17-12-2025,CUST1561,Customer_2181,Surat,Electronics,Headphones,Marketplace,4,5383.63,5,21534.52,1076.73,50.58,20508.37,Debit Card,Returning,Delivered,1.9,
ORD102182,18-04-2025,CUST1143,Customer_2182,Bengaluru,Accessories,Groceries Pack,Website,2,8390.41,0,16780.82,0,179.35,16960.17,UPI,New,Delivered,2.8,
ORD102183,15-03-2025,CUST1141,Customer_2183,Jaipur,Sports,Headphones,Mobile App,4,2942.41,5,11769.64,588.48,118.75,11299.91,UPI,New,Delivered,1.9,
ORD102184,08-02-2025,CUST1565,Customer_2184,Bengaluru,Home & Kitchen,Groceries Pack,Mobile App,2,12916.03,0,25832.06,0,62.78,25894.84,Cash on Delivery,New,Delivered,3.3,
ORD102185,08-06-2025,CUST1107,Customer_2185,Chennai,Grocery,Novel,Website,1,3977.66,10,3977.66,397.77,155.89,3735.78,Credit Card,Returning,Delivered,5,
ORD102186,12-03-2025,CUST1033,Customer_2186,Ahmedabad,Grocery,Watch,Website,1,3512.48,5,3512.48,175.62,30.91,3367.77,Debit Card,Returning,Delivered,3,
ORD102187,08-11-2025,CUST1200,Customer_2187,Kolkata,Electronics,Football,Website,2,7288.6,10,14577.2,1457.72,138.48,13257.96,UPI,VIP,Delivered,4,
ORD102188,29-08-2025,CUST1119,Customer_2188,Surat,Books,Blender,Store,3,7557.94,0,22673.82,0,58.55,22732.37,Debit Card,New,Delivered,2.2,
ORD102189,25-10-2025,CUST1800,Customer_2189,Kolkata,Electronics,T-Shirt,Website,5,3344.02,25,16720.1,4180.02,36.56,12576.64,Credit Card,New,Delivered,4.9,
ORD102190,05-02-2025,CUST1229,Customer_2190,Chennai,Beauty,Headphones,Store,4,4187.13,20,16748.52,3349.7,252.61,13651.43,Debit Card,New,Delivered,2,
ORD102191,25-03-2025,CUST1630,Customer_2191,Jaipur,Beauty,Novel,Website,4,2670.12,0,10680.48,0,277.39,10957.87,Debit Card,New,Cancelled,3.4,
ORD102192,20-09-2025,CUST1688,Customer_2192,Mumbai,Sports,Headphones,Mobile App,4,10819.13,5,43276.52,2163.83,86.07,41198.76,UPI,New,Delivered,4.9,
ORD102193,06-11-2025,CUST1964,Customer_2193,Surat,Grocery,Novel,Store,1,11585.82,10,11585.82,1158.58,175.61,10602.85,UPI,New,Delivered,4.2,
ORD102194,21-06-2025,CUST1185,Customer_2194,Surat,Home & Kitchen,Blender,Mobile App,4,7015.58,0,28062.32,0,105.05,28167.37,UPI,New,Delivered,5,
ORD102195,22-06-2025,CUST1830,Customer_2195,Chennai,Accessories,Groceries Pack,Website,5,10754.19,5,53770.95,2688.55,163.27,51245.67,Credit Card,New,Delivered,2.5,
ORD102196,28-12-2025,CUST1850,Customer_2196,Ahmedabad,Beauty,Shoes,Website,5,11078.64,5,55393.2,2769.66,147.89,52771.43,Net Banking,Returning,Delivered,1.3,
ORD102197,16-02-2025,CUST1215,Customer_2197,Delhi,Books,Novel,Marketplace,2,2203.39,20,4406.78,881.36,102.64,3628.06,Credit Card,VIP,Cancelled,2,
ORD102198,21-05-2025,CUST1733,Customer_2198,Hyderabad,Clothing,Football,Store,1,14497.74,20,14497.74,2899.55,219.11,11817.3,UPI,Returning,Delivered,4.8,
ORD102199,28-04-2025,CUST1130,Customer_2199,Pune,Clothing,Novel,Store,5,12342.32,10,61711.6,6171.16,64.15,55604.59,Cash on Delivery,Returning,Delivered,2.5,
ORD102200,04-10-2025,CUST1845,Customer_2200,Pune,Accessories,Blender,Store,3,3186.58,10,9559.74,955.97,44.33,8648.1,Debit Card,Returning,Delivered,1.5,
ORD102201,02-08-2025,CUST1272,Customer_2201,Kolkata,Books,Headphones,Store,1,2914.55,25,2914.55,728.64,237.27,2423.18,Debit Card,New,Delivered,3.4,
ORD102202,08-08-2025,CUST1758,Customer_2202,Hyderabad,Accessories,Football,Mobile App,1,2016.07,25,2016.07,504.02,209.8,1721.85,Debit Card,Returning,Delivered,3,
ORD102203,26-01-2025,CUST1635,Customer_2203,Delhi,Accessories,T-Shirt,Store,5,2204.92,25,11024.6,2756.15,164.6,8433.05,Debit Card,Returning,Delivered,1.2,
ORD102204,09-01-2025,CUST1008,Customer_2204,Mumbai,Electronics,Watch,Mobile App,3,11260.2,0,33780.6,0,156.3,33936.9,Cash on Delivery,New,Delivered,2.8,
ORD102205,28-09-2025,CUST1403,Customer_2205,Kolkata,Books,Watch,Website,2,7124.37,0,14248.74,0,164.3,14413.04,UPI,VIP,Cancelled,3.5,
ORD102206,10-01-2025,CUST1928,Customer_2206,Surat,Electronics,Watch,Mobile App,5,11776.57,15,58882.85,8832.43,148,50198.42,Net Banking,Returning,Delivered,1.9,
ORD102207,01-05-2025,CUST1579,Customer_2207,Bengaluru,Electronics,Watch,Store,3,11231.89,10,33695.67,3369.57,136.08,30462.18,Debit Card,New,Returned,1.5,
ORD102208,05-05-2025,CUST1627,Customer_2208,Pune,Clothing,Headphones,Mobile App,1,9128.5,0,9128.5,0,164.92,9293.42,Net Banking,Returning,Delivered,4.5,
ORD102209,19-06-2025,CUST1369,Customer_2209,Kolkata,Accessories,T-Shirt,Store,3,10342.54,0,31027.62,0,172.7,31200.32,Credit Card,Returning,Delivered,3.5,
ORD102210,13-03-2025,CUST1800,Customer_2210,Pune,Accessories,Shoes,Mobile App,1,422.58,20,422.58,84.52,216.81,554.87,Credit Card,Returning,Returned,1.6,
ORD102211,01-06-2025,CUST1617,Customer_2211,Chennai,Beauty,Watch,Marketplace,5,4779.9,20,23899.5,4779.9,222.03,19341.63,Debit Card,New,Delivered,3.5,
ORD102212,27-07-2025,CUST1981,Customer_2212,Mumbai,Books,Football,Store,5,9621.66,5,48108.3,2405.42,131.96,45834.84,UPI,Returning,Delivered,3.9,
ORD102213,18-02-2025,CUST1537,Customer_2213,Mumbai,Beauty,Watch,Mobile App,4,288.77,20,1155.08,231.02,141.66,1065.72,Cash on Delivery,New,Cancelled,3.4,
ORD102214,03-06-2025,CUST1053,Customer_2214,Bengaluru,Sports,Laptop,Store,4,639.71,10,2558.84,255.88,130.9,2433.86,Debit Card,VIP,Delivered,1.5,
ORD102215,13-12-2025,CUST1247,Customer_2215,Jaipur,Home & Kitchen,Skincare Kit,Website,4,12800.54,20,51202.16,10240.43,174.86,41136.59,Credit Card,Returning,Delivered,1.5,
ORD102216,20-10-2025,CUST1337,Customer_2216,Mumbai,Clothing,Skincare Kit,Mobile App,5,10307.77,5,51538.85,2576.94,152.41,49114.32,Credit Card,Returning,Delivered,1.2,
ORD102217,09-03-2025,CUST1281,Customer_2217,Surat,Grocery,Novel,Mobile App,2,4090.74,0,8181.48,0,270.19,8451.67,Net Banking,New,Delivered,1.9,
ORD102218,19-02-2025,CUST1033,Customer_2218,Chennai,Electronics,Headphones,Marketplace,5,10366.25,10,51831.25,5183.12,218.02,46866.15,Cash on Delivery,New,Returned,1.2,
ORD102219,01-06-2025,CUST1799,Customer_2219,Ahmedabad,Home & Kitchen,Headphones,Store,3,11917.98,10,35753.94,3575.39,272.64,32451.19,Debit Card,New,Delivered,4.2,
ORD102220,19-01-2025,CUST1548,Customer_2220,Kolkata,Electronics,Laptop,Mobile App,5,4705.9,10,23529.5,2352.95,221.47,21398.02,UPI,Returning,Delivered,1.1,
ORD102221,10-04-2025,CUST1343,Customer_2221,Surat,Home & Kitchen,T-Shirt,Marketplace,5,685.16,0,3425.8,0,292.17,3717.97,Net Banking,New,Delivered,3.3,
ORD102222,01-03-2025,CUST1891,Customer_2222,Hyderabad,Home & Kitchen,Football,Marketplace,1,14001.77,25,14001.77,3500.44,201.65,10702.98,Cash on Delivery,Returning,Delivered,4.2,
ORD102223,16-06-2025,CUST1239,Customer_2223,Ahmedabad,Beauty,Novel,Marketplace,1,5275.92,0,5275.92,0,290.16,5566.08,Net Banking,New,Delivered,4.6,
ORD102224,21-07-2025,CUST1492,Customer_2224,Surat,Grocery,Football,Store,1,1731.25,0,1731.25,0,72.71,1803.96,UPI,Returning,Cancelled,2.6,
ORD102225,11-12-2025,CUST1729,Customer_2225,Hyderabad,Sports,Groceries Pack,Store,5,7454.07,10,37270.35,3727.04,44.17,33587.48,Credit Card,New,Delivered,3.5,
ORD102226,26-05-2025,CUST1177,Customer_2226,Pune,Sports,Novel,Mobile App,2,11561.75,10,23123.5,2312.35,186.36,20997.51,Debit Card,New,Delivered,4.8,
ORD102227,13-06-2025,CUST1044,Customer_2227,Pune,Electronics,Novel,Store,3,3441.46,10,10324.38,1032.44,295.54,9587.48,Debit Card,Returning,Delivered,3.7,
ORD102228,30-08-2025,CUST1304,Customer_2228,Pune,Clothing,Headphones,Store,3,4151.93,15,12455.79,1868.37,142.75,10730.17,UPI,Returning,Delivered,4.6,
ORD102229,10-03-2025,CUST1670,Customer_2229,Bengaluru,Sports,Laptop,Website,2,3754.32,10,7508.64,750.86,87.25,6845.03,Debit Card,Returning,Delivered,3.7,
ORD102230,24-06-2025,CUST1269,Customer_2230,Chennai,Clothing,Skincare Kit,Store,2,14876.34,10,29752.68,2975.27,170.82,26948.23,Debit Card,Returning,Delivered,1.3,
ORD102231,18-02-2025,CUST1683,Customer_2231,Kolkata,Electronics,Football,Website,3,3081.45,15,9244.35,1386.65,205.18,8062.88,Net Banking,VIP,Delivered,1.8,
ORD102232,18-04-2025,CUST1733,Customer_2232,Bengaluru,Clothing,Skincare Kit,Mobile App,4,8696.48,0,34785.92,0,115.1,34901.02,UPI,New,Delivered,4.8,
ORD102233,14-08-2025,CUST1400,Customer_2233,Mumbai,Home & Kitchen,Football,Marketplace,1,13890.18,10,13890.18,1389.02,222.99,12724.15,Net Banking,New,Returned,4.4,
ORD102234,10-06-2025,CUST1742,Customer_2234,Mumbai,Home & Kitchen,Novel,Website,1,2331.41,20,2331.41,466.28,293.28,2158.41,Debit Card,Returning,Delivered,2.7,
ORD102235,29-04-2025,CUST1603,Customer_2235,Mumbai,Electronics,Headphones,Mobile App,3,14567.18,0,43701.54,0,272.18,43973.72,Cash on Delivery,VIP,Returned,1.6,
ORD102236,29-05-2025,CUST1922,Customer_2236,Chennai,Clothing,Laptop,Website,2,14220.04,5,28440.08,1422,108.73,27126.81,Cash on Delivery,Returning,Returned,1.6,
ORD102237,30-05-2025,CUST1971,Customer_2237,Bengaluru,Accessories,Watch,Store,4,13285.89,25,53143.56,13285.89,118.22,39975.89,Net Banking,Returning,Delivered,4.6,
ORD102238,20-10-2025,CUST1431,Customer_2238,Bengaluru,Accessories,Novel,Mobile App,3,3336.16,5,10008.48,500.42,130.32,9638.38,Credit Card,New,Delivered,1.7,
ORD102239,23-05-2025,CUST1421,Customer_2239,Ahmedabad,Accessories,Novel,Marketplace,1,9565.72,10,9565.72,956.57,136.53,8745.68,Credit Card,Returning,Delivered,2.5,
ORD102240,09-06-2025,CUST1131,Customer_2240,Bengaluru,Grocery,Novel,Website,5,11449.24,25,57246.2,14311.55,57.09,42991.74,UPI,New,Returned,4.6,
ORD102241,11-01-2025,CUST1410,Customer_2241,Hyderabad,Grocery,Watch,Store,2,14792.51,0,29585.02,0,235.73,29820.75,Cash on Delivery,Returning,Delivered,1.1,
ORD102242,18-05-2025,CUST1738,Customer_2242,Mumbai,Clothing,Football,Mobile App,5,2829.29,0,14146.45,0,128.64,14275.09,Cash on Delivery,New,Delivered,3.5,
ORD102243,19-03-2025,CUST1225,Customer_2243,Bengaluru,Electronics,Headphones,Store,3,11525.48,20,34576.44,6915.29,267.55,27928.7,Net Banking,New,Delivered,2.4,
ORD102244,18-03-2025,CUST1143,Customer_2244,Chennai,Grocery,Shoes,Mobile App,1,5181.2,20,5181.2,1036.24,280.27,4425.23,Debit Card,New,Delivered,1.4,
ORD102245,11-09-2025,CUST1578,Customer_2245,Kolkata,Sports,Groceries Pack,Website,4,2758.05,10,11032.2,1103.22,36.6,9965.58,UPI,New,Delivered,3.3,
ORD102246,15-09-2025,CUST1540,Customer_2246,Mumbai,Beauty,Novel,Mobile App,5,6407.45,10,32037.25,3203.72,296.9,29130.43,Net Banking,New,Delivered,,
ORD102247,16-11-2025,CUST1125,Customer_2247,Jaipur,Accessories,Shoes,Website,4,11938.46,20,47753.84,9550.77,221.71,38424.78,Credit Card,New,Delivered,1.4,
ORD102248,18-10-2025,CUST1212,Customer_2248,Hyderabad,Sports,Novel,Mobile App,1,7053.02,15,7053.02,1057.95,170.51,6165.58,Debit Card,Returning,Delivered,2.1,
ORD102249,20-09-2025,CUST1934,Customer_2249,Jaipur,Books,Watch,Store,5,8132.22,5,40661.1,2033.06,135.17,38763.21,UPI,Returning,Delivered,4,
ORD102250,26-03-2025,CUST1428,Customer_2250,Mumbai,Beauty,Skincare Kit,Store,4,14928.12,0,59712.48,0,170,59882.48,Debit Card,New,Delivered,4,
ORD102251,26-05-2025,CUST1437,Customer_2251,Ahmedabad,Clothing,Groceries Pack,Website,4,6076.77,10,24307.08,2430.71,117.65,21994.02,Credit Card,Returning,Delivered,3.4,
ORD102252,19-11-2025,CUST1592,Customer_2252,Chennai,Beauty,Laptop,Marketplace,5,9288.7,20,46443.5,9288.7,198.13,37352.93,Net Banking,VIP,Returned,1.4,
ORD102253,11-02-2025,CUST1238,Customer_2253,Kolkata,Grocery,Skincare Kit,Website,1,5573.88,20,5573.88,1114.78,55.1,4514.2,Net Banking,Returning,Delivered,4.4,
ORD102254,05-05-2025,CUST1644,Customer_2254,Kolkata,Beauty,Shoes,Store,4,5982.87,25,23931.48,5982.87,197.7,18146.31,Cash on Delivery,Returning,Delivered,1.7,
ORD102255,16-06-2025,CUST1328,Customer_2255,Mumbai,Clothing,T-Shirt,Mobile App,3,10480.27,20,31440.81,6288.16,104.34,25256.99,Net Banking,Returning,Returned,3.9,
ORD102256,29-08-2025,CUST1812,Customer_2256,Bengaluru,Home & Kitchen,Blender,Marketplace,5,14077.62,10,70388.1,7038.81,34.76,63384.05,Cash on Delivery,New,Delivered,1.2,
ORD102257,07-10-2025,CUST1119,Customer_2257,Ahmedabad,Beauty,Watch,Store,2,8204.03,10,16408.06,1640.81,179.23,14946.48,Net Banking,New,Cancelled,2.3,
ORD102258,07-07-2025,CUST1046,Customer_2258,Chennai,Grocery,Novel,Marketplace,2,11560.74,15,23121.48,3468.22,186.18,19839.44,UPI,New,Cancelled,2.9,
ORD102259,29-10-2025,CUST1084,Customer_2259,Mumbai,Grocery,Watch,Website,1,1474.72,15,1474.72,221.21,145.17,1398.68,Credit Card,New,Delivered,1.1,
ORD102260,19-01-2025,CUST1794,Customer_2260,Bengaluru,Accessories,Skincare Kit,Store,3,3285.7,10,9857.1,985.71,49.52,8920.91,Debit Card,Returning,Delivered,1.7,
ORD102261,09-03-2025,CUST1352,Customer_2261,Mumbai,Electronics,Laptop,Website,4,7606.65,0,30426.6,0,271.2,30697.8,Credit Card,New,Delivered,2.3,
ORD102262,06-08-2025,CUST1013,Customer_2262,Ahmedabad,Sports,Skincare Kit,Store,2,447.17,25,894.34,223.58,195.09,865.85,Credit Card,VIP,Delivered,4.9,
ORD102263,12-04-2025,CUST1637,Customer_2263,Chennai,Clothing,Football,Store,1,3904.9,10,3904.9,390.49,61.24,3575.65,Cash on Delivery,Returning,Delivered,4.1,
ORD102264,11-02-2025,CUST1837,Customer_2264,Hyderabad,Clothing,Skincare Kit,Website,3,7833.41,5,23500.23,1175.01,167.95,22493.17,Cash on Delivery,Returning,Delivered,4.4,
ORD102265,15-10-2025,CUST1172,Customer_2265,Mumbai,Beauty,T-Shirt,Store,3,372.17,10,1116.51,111.65,164.26,1169.12,UPI,Returning,Delivered,3.7,
ORD102266,16-06-2025,CUST1234,Customer_2266,Bengaluru,Home & Kitchen,Groceries Pack,Marketplace,1,4078.51,15,4078.51,611.78,46.31,3513.04,Debit Card,New,Delivered,2.2,
ORD102267,19-04-2025,CUST1181,Customer_2267,Delhi,Home & Kitchen,Watch,Marketplace,1,7783.36,0,7783.36,0,193.85,7977.21,Net Banking,Returning,Cancelled,3.8,
ORD102268,05-02-2025,CUST1051,Customer_2268,Delhi,Sports,Watch,Website,4,8661.27,20,34645.08,6929.02,248.25,27964.31,Net Banking,VIP,Returned,3.7,
ORD102269,20-08-2025,CUST1781,Customer_2269,Delhi,Sports,Shoes,Mobile App,1,13897.41,5,13897.41,694.87,232.23,13434.77,Credit Card,New,Delivered,3.4,
ORD102270,17-08-2025,CUST1681,Customer_2270,Bengaluru,Grocery,Blender,Marketplace,4,9733.38,0,38933.52,0,84.8,39018.32,UPI,New,Delivered,2.2,
ORD102271,19-12-2025,CUST1395,Customer_2271,Ahmedabad,Home & Kitchen,Blender,Store,4,6308.83,5,25235.32,1261.77,262.82,24236.37,Debit Card,New,Delivered,2.1,
ORD102272,13-06-2025,CUST1933,Customer_2272,Ahmedabad,Books,T-Shirt,Website,5,13965.71,15,69828.55,10474.28,122.49,59476.76,Net Banking,Returning,Delivered,2.3,
ORD102273,14-03-2025,CUST1828,Customer_2273,Chennai,Home & Kitchen,Headphones,Mobile App,3,11805.51,25,35416.53,8854.13,285.56,26847.96,Credit Card,New,Returned,2.2,
ORD102274,16-05-2025,CUST1800,Customer_2274,Pune,Home & Kitchen,Novel,Website,3,3120.13,20,9360.39,1872.08,49.37,7537.68,UPI,Returning,Delivered,1.3,
ORD102275,19-12-2025,CUST1429,Customer_2275,Delhi,Beauty,Football,Marketplace,3,2093.01,25,6279.03,1569.76,161.28,4870.55,Debit Card,Returning,Delivered,4.2,
ORD102276,11-03-2025,CUST1274,Customer_2276,Kolkata,Grocery,Blender,Store,5,10185.8,0,50929,0,191.22,51120.22,Credit Card,New,Returned,2.5,
ORD102277,15-07-2025,CUST1861,Customer_2277,Pune,Electronics,Laptop,Marketplace,4,8464.27,0,33857.08,0,96.87,33953.95,Credit Card,Returning,Delivered,3.8,
ORD102278,26-09-2025,CUST1207,Customer_2278,Surat,Sports,Watch,Website,4,11876.65,10,47506.6,4750.66,238.27,42994.21,UPI,New,Delivered,2.1,
ORD102279,18-02-2025,CUST1148,Customer_2279,Delhi,Books,Laptop,Store,1,11121.25,5,11121.25,556.06,199.26,10764.45,UPI,New,Delivered,3.4,
ORD102280,12-11-2025,CUST1300,Customer_2280,Kolkata,Books,Novel,Mobile App,5,9434.39,20,47171.95,9434.39,34.89,37772.45,UPI,New,Delivered,1.1,
ORD102281,10-05-2025,CUST1932,Customer_2281,Ahmedabad,Accessories,Shoes,Marketplace,1,14797.78,15,14797.78,2219.67,194.26,12772.37,UPI,Returning,Returned,1.4,
ORD102282,05-01-2025,CUST1453,Customer_2282,Kolkata,Clothing,Shoes,Website,5,8073.81,25,40369.05,10092.26,162.7,30439.49,Debit Card,VIP,Cancelled,2.5,
ORD102283,27-01-2025,CUST2000,Customer_2283,Pune,Home & Kitchen,Groceries Pack,Store,1,1829.62,5,1829.62,91.48,82.93,1821.07,UPI,New,Delivered,2.1,
ORD102284,09-06-2025,CUST1549,Customer_2284,Hyderabad,Home & Kitchen,Headphones,Website,2,12449.86,10,24899.72,2489.97,298.85,22708.6,UPI,New,Delivered,2.4,
ORD102285,29-05-2025,CUST1673,Customer_2285,Mumbai,Accessories,Blender,Mobile App,3,3890.02,10,11670.06,1167.01,272.23,10775.28,UPI,Returning,Delivered,4.7,
ORD102286,21-09-2025,CUST1978,Customer_2286,Jaipur,Electronics,Skincare Kit,Mobile App,3,11692.94,0,35078.82,0,108.98,35187.8,Debit Card,Returning,Delivered,1.3,
ORD102287,18-08-2025,CUST1383,Customer_2287,Delhi,Grocery,Skincare Kit,Marketplace,4,14363.04,10,57452.16,5745.22,176.09,51883.03,Net Banking,New,Delivered,2.9,
ORD102288,19-07-2025,CUST1787,Customer_2288,Ahmedabad,Home & Kitchen,Watch,Mobile App,2,10497.41,10,20994.82,2099.48,115.46,19010.8,Credit Card,Returning,Delivered,1.8,
ORD102289,19-02-2025,CUST1947,Customer_2289,Chennai,Accessories,T-Shirt,Mobile App,3,9001.05,10,27003.15,2700.32,239.38,24542.21,Cash on Delivery,VIP,Delivered,2.4,
ORD102290,08-03-2025,CUST1800,Customer_2290,Delhi,Sports,Watch,Marketplace,4,6986.73,5,27946.92,1397.35,281.19,26830.76,Credit Card,New,Delivered,3.7,
ORD102291,27-10-2025,CUST1618,Customer_2291,Bengaluru,Books,Skincare Kit,Website,2,5561.49,0,11122.98,0,126.88,11249.86,Debit Card,New,Cancelled,4.9,
ORD102292,27-02-2025,CUST1534,Customer_2292,Pune,Home & Kitchen,Watch,Marketplace,3,5392.12,10,16176.36,1617.64,247.51,14806.23,UPI,New,Delivered,3.8,
ORD102293,16-09-2025,CUST1233,Customer_2293,Ahmedabad,Electronics,Watch,Marketplace,1,9600.13,5,9600.13,480.01,164.57,9284.69,Debit Card,Returning,Delivered,4.5,
ORD102294,08-12-2025,CUST1634,Customer_2294,Kolkata,Accessories,Blender,Store,5,11306.41,0,56532.05,0,137.08,56669.13,Net Banking,New,Cancelled,1.6,
ORD102295,22-11-2025,CUST1129,Customer_2295,Chennai,Beauty,Novel,Mobile App,2,10225.98,5,20451.96,1022.6,283.37,19712.73,Cash on Delivery,Returning,Delivered,1.7,
ORD102296,10-05-2025,CUST1822,Customer_2296,Mumbai,Sports,Shoes,Mobile App,4,3096.39,5,12385.56,619.28,167.81,11934.09,Net Banking,Returning,Delivered,4.5,
ORD102297,03-08-2025,CUST1729,Customer_2297,Ahmedabad,Beauty,Watch,Website,2,7485.71,5,14971.42,748.57,156.2,14379.05,UPI,Returning,Delivered,3.4,
ORD102298,21-06-2025,CUST1660,Customer_2298,Mumbai,Clothing,Watch,Mobile App,4,11905.86,0,47623.44,0,211.56,47835,Debit Card,New,Returned,4.2,
ORD102299,15-09-2025,CUST1570,Customer_2299,Delhi,Electronics,T-Shirt,Website,2,7214.21,10,14428.42,1442.84,100.53,13086.11,Debit Card,VIP,Delivered,1.9,
ORD102300,12-04-2025,CUST1931,Customer_2300,Delhi,Clothing,Skincare Kit,Store,4,8118.86,15,32475.44,4871.32,117.69,27721.81,UPI,Returning,Delivered,2.4,
ORD102301,28-07-2025,CUST1237,Customer_2301,Jaipur,Accessories,Watch,Website,3,11601.37,10,34804.11,3480.41,281.65,31605.35,UPI,Returning,Delivered,1.3,
ORD102302,18-10-2025,CUST1582,Customer_2302,Pune,Clothing,Groceries Pack,Website,1,9969.79,20,9969.79,1993.96,213.2,8189.03,Cash on Delivery,VIP,Returned,4.6,
ORD102303,20-12-2025,CUST1966,Customer_2303,Kolkata,Books,Novel,Store,3,6228.77,10,18686.31,1868.63,253.19,17070.87,Net Banking,VIP,Cancelled,4.8,
ORD102304,13-10-2025,CUST1701,Customer_2304,Delhi,Clothing,Watch,Marketplace,1,13446.88,10,13446.88,1344.69,103.2,12205.39,UPI,Returning,Delivered,4.4,
ORD102305,26-04-2025,CUST1754,Customer_2305,Hyderabad,Clothing,Novel,Store,3,2564.12,20,7692.36,1538.47,176.82,6330.71,UPI,New,Delivered,2.7,
ORD102306,21-09-2025,CUST1575,Customer_2306,Bengaluru,Electronics,T-Shirt,Mobile App,3,14933.42,5,44800.26,2240.01,292.28,42852.53,Net Banking,New,Delivered,2.4,
ORD102307,30-05-2025,CUST1485,Customer_2307,Jaipur,Accessories,Laptop,Mobile App,2,1914.96,15,3829.92,574.49,116.05,3371.48,UPI,VIP,Cancelled,2.9,
ORD102308,27-10-2025,CUST1241,Customer_2308,Ahmedabad,Beauty,T-Shirt,Store,5,372.01,10,1860.05,186,73.33,1747.38,Cash on Delivery,Returning,Delivered,3.6,
ORD102309,05-02-2025,CUST1957,Customer_2309,Bengaluru,Home & Kitchen,T-Shirt,Website,4,13366.78,5,53467.12,2673.36,167.94,50961.7,Cash on Delivery,New,Delivered,2.7,
ORD102310,29-11-2025,CUST1697,Customer_2310,Chennai,Clothing,Skincare Kit,Store,4,3787.56,15,15150.24,2272.54,134.71,13012.41,Net Banking,Returning,Returned,2.7,
ORD102311,14-10-2025,CUST1771,Customer_2311,Kolkata,Books,T-Shirt,Mobile App,4,10986.04,0,43944.16,0,73.09,44017.25,Credit Card,Returning,Delivered,2.7,
ORD102312,30-10-2025,CUST1741,Customer_2312,Ahmedabad,Grocery,Headphones,Store,1,12193.58,5,12193.58,609.68,269.91,11853.81,Cash on Delivery,New,Returned,4,
ORD102313,07-11-2025,CUST1223,Customer_2313,Jaipur,Home & Kitchen,Groceries Pack,Website,4,12905.95,0,51623.8,0,297.5,51921.3,Debit Card,Returning,Delivered,4.1,
ORD102314,27-07-2025,CUST1099,Customer_2314,Mumbai,Books,Skincare Kit,Mobile App,4,14875.17,5,59500.68,2975.03,183.52,56709.17,Debit Card,New,Delivered,4.5,
ORD102315,16-04-2025,CUST1759,Customer_2315,Bengaluru,Accessories,Blender,Marketplace,2,4516.49,0,9032.98,0,239.16,9272.14,Credit Card,Returning,Delivered,2,
ORD102316,07-06-2025,CUST1557,Customer_2316,Bengaluru,Home & Kitchen,T-Shirt,Store,3,10697.11,10,32091.33,3209.13,261.94,29144.14,Cash on Delivery,New,Delivered,1.6,
ORD102317,01-05-2025,CUST1911,Customer_2317,Jaipur,Clothing,Football,Store,4,1863.69,15,7454.76,1118.21,219.27,6555.82,UPI,Returning,Delivered,2.4,
ORD102318,24-02-2025,CUST1273,Customer_2318,Mumbai,Accessories,Football,Store,5,6191.12,15,30955.6,4643.34,41.92,26354.18,Credit Card,New,Delivered,2.7,
ORD102319,12-01-2025,CUST1399,Customer_2319,Chennai,Sports,Shoes,Store,4,12742.38,5,50969.52,2548.48,72.56,48493.6,UPI,New,Cancelled,3.8,
ORD102320,25-05-2025,CUST1517,Customer_2320,Delhi,Grocery,Watch,Mobile App,1,5609.72,25,5609.72,1402.43,49.17,4256.46,Debit Card,New,Delivered,4,
ORD102321,16-05-2025,CUST1982,Customer_2321,Kolkata,Home & Kitchen,Headphones,Website,1,8927.77,10,8927.77,892.78,32.67,8067.66,Credit Card,Returning,Delivered,4.9,
ORD102322,03-01-2025,CUST1430,Customer_2322,Pune,Accessories,Headphones,Marketplace,1,7631.04,5,7631.04,381.55,112.62,7362.11,Cash on Delivery,New,Cancelled,2.5,
ORD102323,24-05-2025,CUST1523,Customer_2323,Jaipur,Sports,Novel,Store,4,9742.38,20,38969.52,7793.9,135.94,31311.56,Debit Card,Returning,Cancelled,2.6,
ORD102324,30-01-2025,CUST1960,Customer_2324,Pune,Beauty,Shoes,Mobile App,2,14597.48,15,29194.96,4379.24,95.08,24910.8,Cash on Delivery,New,Delivered,3.2,
ORD102325,25-08-2025,CUST1348,Customer_2325,Ahmedabad,Home & Kitchen,Football,Store,5,977.67,15,4888.35,733.25,47.44,4202.54,UPI,Returning,Delivered,4.3,
ORD102326,06-10-2025,CUST1910,Customer_2326,Kolkata,Electronics,T-Shirt,Marketplace,4,8673.33,0,34693.32,0,173.06,34866.38,Cash on Delivery,Returning,Returned,3.6,
ORD102327,14-12-2025,CUST1551,Customer_2327,Surat,Books,Groceries Pack,Store,2,12965.98,10,25931.96,2593.2,103.8,23442.56,Credit Card,New,Delivered,3.3,
ORD102328,25-04-2025,CUST1451,Customer_2328,Chennai,Grocery,Watch,Website,2,7298.53,20,14597.06,2919.41,244.93,11922.58,UPI,New,Returned,3.6,
ORD102329,14-04-2025,CUST1951,Customer_2329,Bengaluru,Accessories,Groceries Pack,Store,4,1316.13,10,5264.52,526.45,32.17,4770.24,Credit Card,New,Delivered,2.9,
ORD102330,28-04-2025,CUST1042,Customer_2330,Chennai,Accessories,Football,Store,4,8474.01,15,33896.04,5084.41,257.48,29069.11,UPI,Returning,Returned,4,
ORD102331,05-01-2025,CUST1715,Customer_2331,Pune,Beauty,Football,Store,2,5081.3,10,10162.6,1016.26,287.78,9434.12,Credit Card,Returning,Delivered,1.3,
ORD102332,26-12-2025,CUST1094,Customer_2332,Surat,Beauty,Laptop,Website,2,2450.89,20,4901.78,980.36,223.36,4144.78,Debit Card,New,Delivered,3,
ORD102333,05-09-2025,CUST1486,Customer_2333,Kolkata,Accessories,Watch,Mobile App,2,12758.16,5,25516.32,1275.82,228.08,24468.58,Credit Card,Returning,Delivered,4.2,
ORD102334,30-12-2025,CUST1517,Customer_2334,Mumbai,Grocery,Novel,Website,4,7895.75,10,31583,3158.3,282.06,28706.76,Debit Card,New,Delivered,2.2,
ORD102335,17-11-2025,CUST1564,Customer_2335,Bengaluru,Sports,Headphones,Mobile App,2,14009.15,0,28018.3,0,86.45,28104.75,Net Banking,New,Returned,4.4,
ORD102336,01-05-2025,CUST1150,Customer_2336,Hyderabad,Accessories,Novel,Website,1,12119.35,15,12119.35,1817.9,298.53,10599.98,Cash on Delivery,Returning,Delivered,4.1,
ORD102337,13-10-2025,CUST1717,Customer_2337,Pune,Accessories,Headphones,Website,4,10440.63,15,41762.52,6264.38,238.84,35736.98,UPI,New,Delivered,3.3,
ORD102338,29-05-2025,CUST1812,Customer_2338,Ahmedabad,Clothing,Laptop,Store,1,224.63,0,224.63,0,226.17,450.8,Cash on Delivery,Returning,Cancelled,2,
ORD102339,25-03-2025,CUST1499,Customer_2339,Kolkata,Books,Novel,Website,3,6503.18,15,19509.54,2926.43,127.49,16710.6,Debit Card,VIP,Cancelled,4.4,
ORD102340,19-08-2025,CUST1371,Customer_2340,Kolkata,Electronics,Shoes,Mobile App,4,3082.67,5,12330.68,616.53,177.36,11891.51,Debit Card,New,Delivered,1.1,
ORD102341,15-10-2025,CUST1981,Customer_2341,Delhi,Grocery,Watch,Mobile App,3,13675.35,0,41026.05,0,206.56,41232.61,Debit Card,Returning,Delivered,3.4,
ORD102342,10-06-2025,CUST1699,Customer_2342,Bengaluru,Grocery,Skincare Kit,Mobile App,2,2742.57,5,5485.14,274.26,197.49,5408.37,Credit Card,VIP,Delivered,4.1,
ORD102343,29-09-2025,CUST1485,Customer_2343,Bengaluru,Electronics,Watch,Mobile App,2,4397.99,0,8795.98,0,220.35,9016.33,Cash on Delivery,New,Delivered,2.9,
ORD102344,07-02-2025,CUST1665,Customer_2344,Surat,Sports,Watch,Website,5,7825.03,5,39125.15,1956.26,52.24,37221.13,Debit Card,New,Delivered,1.4,
ORD102345,14-08-2025,CUST1383,Customer_2345,Jaipur,Sports,Laptop,Store,2,4060.95,5,8121.9,406.1,126.03,7841.83,Net Banking,New,Delivered,4.3,
ORD102346,22-05-2025,CUST1628,Customer_2346,Hyderabad,Beauty,Groceries Pack,Marketplace,3,3266.49,15,9799.47,1469.92,147.18,8476.73,Debit Card,Returning,Delivered,4.6,
ORD102347,19-10-2025,CUST1661,Customer_2347,Mumbai,Grocery,Football,Mobile App,2,9046.62,15,18093.24,2713.99,100.37,15479.62,Cash on Delivery,Returning,Returned,3.3,
ORD102348,31-05-2025,CUST1732,Customer_2348,Bengaluru,Sports,Blender,Website,4,1470.6,10,5882.4,588.24,76.61,5370.77,Debit Card,Returning,Delivered,4.1,
ORD102349,24-04-2025,CUST1192,Customer_2349,Ahmedabad,Clothing,Skincare Kit,Store,2,1013.79,0,2027.58,0,67.51,2095.09,Debit Card,Returning,Delivered,3.4,
ORD102350,25-08-2025,CUST1745,Customer_2350,Delhi,Beauty,T-Shirt,Website,5,5677.84,25,28389.2,7097.3,128.92,21420.82,UPI,Returning,Delivered,3.3,
ORD102351,07-03-2025,CUST1836,Customer_2351,Bengaluru,Beauty,Groceries Pack,Mobile App,2,10851.87,15,21703.74,3255.56,163.23,18611.41,Debit Card,New,Delivered,1.5,
ORD102352,27-12-2025,CUST1221,Customer_2352,Jaipur,Accessories,Headphones,Mobile App,3,8388.88,0,25166.64,0,47,25213.64,Cash on Delivery,VIP,Returned,2.7,
ORD102353,07-12-2025,CUST1047,Customer_2353,Delhi,Beauty,Watch,Store,3,6429.72,20,19289.16,3857.83,285.54,15716.87,UPI,New,Delivered,3.7,
ORD102354,15-09-2025,CUST1127,Customer_2354,Pune,Electronics,Laptop,Website,2,8551.41,0,17102.82,0,236.62,17339.44,UPI,New,Cancelled,2.8,
ORD102355,06-09-2025,CUST1803,Customer_2355,Ahmedabad,Accessories,Laptop,Mobile App,3,5576.95,10,16730.85,1673.08,227.33,15285.1,Debit Card,VIP,Returned,3.5,
ORD102356,27-11-2025,CUST1727,Customer_2356,Bengaluru,Books,Watch,Mobile App,3,14051.77,10,42155.31,4215.53,76.67,38016.45,Debit Card,Returning,Delivered,4.6,
ORD102357,19-11-2025,CUST1007,Customer_2357,Mumbai,Books,Headphones,Marketplace,5,965.34,5,4826.7,241.34,193.03,4778.39,Net Banking,Returning,Delivered,2.5,
ORD102358,29-06-2025,CUST1696,Customer_2358,Bengaluru,Electronics,Skincare Kit,Marketplace,4,10149.86,20,40599.44,8119.89,173.03,32652.58,Cash on Delivery,New,Delivered,4.3,
ORD102359,09-07-2025,CUST1116,Customer_2359,Pune,Beauty,Skincare Kit,Mobile App,5,13385.55,10,66927.75,6692.78,295.27,60530.24,Cash on Delivery,Returning,Delivered,1.1,
ORD102360,03-06-2025,CUST1564,Customer_2360,Delhi,Clothing,Groceries Pack,Marketplace,1,12087.69,0,12087.69,0,231.87,12319.56,Credit Card,Returning,Delivered,4.4,
ORD102361,15-07-2025,CUST1366,Customer_2361,Hyderabad,Home & Kitchen,Watch,Marketplace,5,2883.01,25,14415.05,3603.76,185.46,10996.75,Credit Card,Returning,Cancelled,1.4,
ORD102362,07-11-2025,CUST1046,Customer_2362,Mumbai,Beauty,Shoes,Mobile App,2,4544.51,25,9089.02,2272.26,259.72,7076.48,Cash on Delivery,VIP,Delivered,2.3,
ORD102363,19-09-2025,CUST1393,Customer_2363,Pune,Sports,Novel,Website,4,10798.16,15,43192.64,6478.9,71.88,36785.62,Debit Card,New,Delivered,3.1,
ORD102364,23-05-2025,CUST1954,Customer_2364,Bengaluru,Grocery,Shoes,Website,2,1401.42,10,2802.84,280.28,34.11,2556.67,UPI,Returning,Cancelled,3.6,
ORD102365,08-12-2025,CUST1023,Customer_2365,Pune,Accessories,T-Shirt,Website,1,12206.15,0,12206.15,0,216.36,12422.51,Net Banking,Returning,Cancelled,4.8,
ORD102366,12-11-2025,CUST1131,Customer_2366,Kolkata,Grocery,Shoes,Store,4,10825.77,15,43303.08,6495.46,56.54,36864.16,Debit Card,New,Delivered,2.2,
ORD102367,11-04-2025,CUST1127,Customer_2367,Hyderabad,Accessories,Laptop,Website,3,10984.66,0,32953.98,0,61.17,33015.15,UPI,New,Delivered,1.3,
ORD102368,01-09-2025,CUST1445,Customer_2368,Chennai,Accessories,Groceries Pack,Store,5,1638.58,0,8192.9,0,231.06,8423.96,Cash on Delivery,New,Delivered,2.8,
ORD102369,12-01-2025,CUST1777,Customer_2369,Jaipur,Books,Blender,Store,2,10808.74,10,21617.48,2161.75,103.04,19558.77,Debit Card,Returning,Cancelled,2.4,
ORD102370,27-08-2025,CUST1309,Customer_2370,Kolkata,Grocery,Football,Marketplace,1,10245.3,0,10245.3,0,199.73,10445.03,Net Banking,New,Delivered,3.4,
ORD102371,18-02-2025,CUST1708,Customer_2371,Pune,Home & Kitchen,T-Shirt,Store,3,12489.2,0,37467.6,0,277.7,37745.3,Credit Card,New,Delivered,4.7,
ORD102372,11-02-2025,CUST1433,Customer_2372,Jaipur,Electronics,Blender,Store,5,767.7,5,3838.5,191.92,115.45,3762.03,UPI,New,Cancelled,3.6,
ORD102373,15-06-2025,CUST1473,Customer_2373,Mumbai,Electronics,Watch,Store,3,493.19,0,1479.57,0,88.63,1568.2,Debit Card,New,Delivered,3.3,
ORD102374,23-03-2025,CUST1966,Customer_2374,Surat,Home & Kitchen,Shoes,Store,5,5689.16,0,28445.8,0,58.77,28504.57,Net Banking,New,Delivered,2,
ORD102375,18-10-2025,CUST1048,Customer_2375,Kolkata,Books,Football,Marketplace,4,2359.51,0,9438.04,0,65.22,9503.26,Debit Card,New,Cancelled,2.1,
ORD102376,07-06-2025,CUST1891,Customer_2376,Mumbai,Books,Blender,Mobile App,3,8442.01,0,25326.03,0,46.8,25372.83,Cash on Delivery,VIP,Cancelled,2.7,
ORD102377,04-08-2025,CUST1082,Customer_2377,Pune,Accessories,Headphones,Store,3,13772.63,15,41317.89,6197.68,53.66,35173.87,UPI,New,Returned,4.6,
ORD102378,07-06-2025,CUST1109,Customer_2378,Hyderabad,Sports,T-Shirt,Mobile App,3,5963.47,20,17890.41,3578.08,146.64,14458.97,Cash on Delivery,Returning,Delivered,3.3,
ORD102379,14-05-2025,CUST1263,Customer_2379,Bengaluru,Electronics,Novel,Website,4,12697.51,10,50790.04,5079,116.63,45827.67,Cash on Delivery,Returning,Returned,3,
ORD102380,08-03-2025,CUST1867,Customer_2380,Jaipur,Electronics,T-Shirt,Website,1,153.58,10,153.58,15.36,220.77,358.99,Credit Card,Returning,Delivered,3.2,
ORD102381,02-12-2025,CUST1031,Customer_2381,Surat,Beauty,Football,Mobile App,5,2652.44,0,13262.2,0,264.97,13527.17,Cash on Delivery,New,Delivered,4.3,
ORD102382,07-01-2025,CUST1358,Customer_2382,Delhi,Clothing,Blender,Mobile App,3,601.79,0,1805.37,0,241.89,2047.26,Net Banking,VIP,Delivered,3.7,
ORD102383,14-01-2025,CUST1568,Customer_2383,Pune,Sports,Football,Website,4,5022.99,5,20091.96,1004.6,173.27,19260.63,UPI,Returning,Delivered,4.7,
ORD102384,14-03-2025,CUST1480,Customer_2384,Mumbai,Beauty,Watch,Marketplace,1,13636.62,10,13636.62,1363.66,57.66,12330.62,Credit Card,New,Delivered,3.3,
ORD102385,12-06-2025,CUST1867,Customer_2385,Delhi,Grocery,Groceries Pack,Marketplace,5,1589.74,15,7948.7,1192.3,221.64,6978.04,Debit Card,New,Cancelled,1.8,
ORD102386,07-03-2025,CUST1189,Customer_2386,Jaipur,Clothing,Football,Store,4,9155.19,10,36620.76,3662.08,127.96,33086.64,Cash on Delivery,New,Delivered,1.1,
ORD102387,13-12-2025,CUST1988,Customer_2387,Pune,Grocery,Skincare Kit,Marketplace,5,6854.71,5,34273.55,1713.68,53.13,32613,Debit Card,New,Delivered,2.3,
ORD102388,10-05-2025,CUST1005,Customer_2388,Delhi,Electronics,Laptop,Marketplace,3,14086.25,0,42258.75,0,257.47,42516.22,Credit Card,Returning,Delivered,1.3,
ORD102389,25-07-2025,CUST1286,Customer_2389,Pune,Accessories,Shoes,Store,1,1969.41,15,1969.41,295.41,121.32,1795.32,Debit Card,New,Cancelled,2.6,
ORD102390,03-10-2025,CUST1790,Customer_2390,Kolkata,Clothing,Novel,Store,4,3298.61,5,13194.44,659.72,88.93,12623.65,Net Banking,Returning,Delivered,1.8,
ORD102391,13-09-2025,CUST1657,Customer_2391,Delhi,Electronics,Laptop,Marketplace,1,588.7,15,588.7,88.3,265.29,765.69,Credit Card,VIP,Delivered,,
ORD102392,23-09-2025,CUST1394,Customer_2392,Surat,Books,Skincare Kit,Mobile App,3,6593.94,10,19781.82,1978.18,273.58,18077.22,UPI,New,Returned,2.6,
ORD102393,25-01-2025,CUST1455,Customer_2393,Chennai,Beauty,Headphones,Store,1,4275.82,15,4275.82,641.37,121.52,3755.97,UPI,New,Delivered,2.1,
ORD102394,08-10-2025,CUST1708,Customer_2394,Jaipur,Accessories,Groceries Pack,Mobile App,1,13068.1,20,13068.1,2613.62,125.8,10580.28,UPI,Returning,Cancelled,3.6,
ORD102395,10-09-2025,CUST1426,Customer_2395,Pune,Electronics,Novel,Website,2,9133.37,25,18266.74,4566.69,186.5,13886.55,UPI,Returning,Delivered,2.7,
ORD102396,06-11-2025,CUST1027,Customer_2396,Delhi,Clothing,Groceries Pack,Store,1,9269.25,10,9269.25,926.92,228.03,8570.36,Credit Card,New,Delivered,4.6,
ORD102397,16-10-2025,CUST1127,Customer_2397,Hyderabad,Beauty,Groceries Pack,Mobile App,5,8048.87,10,40244.35,4024.44,47.05,36266.96,Credit Card,Returning,Cancelled,1.3,
ORD102398,13-06-2025,CUST1135,Customer_2398,Delhi,Clothing,Headphones,Store,4,1513.98,5,6055.92,302.8,190.2,5943.32,Credit Card,VIP,Delivered,2.6,
ORD102399,05-04-2025,CUST1535,Customer_2399,Kolkata,Clothing,Headphones,Store,2,6758.53,25,13517.06,3379.26,287.26,10425.06,Cash on Delivery,Returning,Delivered,4.1,
ORD102400,27-09-2025,CUST1331,Customer_2400,Mumbai,Home & Kitchen,Groceries Pack,Store,4,14992.65,10,59970.6,5997.06,100.77,54074.31,Credit Card,New,Returned,3,
ORD102401,17-11-2025,CUST1629,Customer_2401,Delhi,Electronics,Headphones,Store,4,12553.15,0,50212.6,0,275.38,50487.98,Credit Card,Returning,Cancelled,4.9,
ORD102402,20-04-2025,CUST1392,Customer_2402,Chennai,Electronics,Shoes,Mobile App,3,13417.87,10,40253.61,4025.36,286.55,36514.8,Credit Card,Returning,Cancelled,1.7,
ORD102403,02-12-2025,CUST1008,Customer_2403,Surat,Clothing,Headphones,Mobile App,3,12374.91,0,37124.73,0,102.67,37227.4,UPI,New,Cancelled,2.3,
ORD102404,06-11-2025,CUST1613,Customer_2404,Jaipur,Grocery,Laptop,Mobile App,2,1680.17,10,3360.34,336.03,233.63,3257.94,Net Banking,New,Delivered,1.5,
ORD102405,26-08-2025,CUST1261,Customer_2405,Pune,Books,Watch,Website,3,3527.61,10,10582.83,1058.28,94.47,9619.02,UPI,Returning,Delivered,2,
ORD102406,25-01-2025,CUST1199,Customer_2406,Pune,Electronics,Football,Store,3,196.36,5,589.08,29.45,229.16,788.79,Net Banking,New,Returned,3.7,
ORD102407,21-05-2025,CUST1598,Customer_2407,Pune,Sports,Blender,Store,3,4657.13,0,13971.39,0,245.3,14216.69,Net Banking,New,Delivered,2.9,
ORD102408,27-04-2025,CUST1740,Customer_2408,Bengaluru,Books,T-Shirt,Mobile App,4,1762.82,25,7051.28,1762.82,96.75,5385.21,Net Banking,VIP,Delivered,1.6,
ORD102409,25-01-2025,CUST1386,Customer_2409,Kolkata,Books,Novel,Mobile App,2,7170.98,15,14341.96,2151.29,223.28,12413.95,UPI,VIP,Delivered,2.9,
ORD102410,20-03-2025,CUST1472,Customer_2410,Hyderabad,Books,Blender,Store,4,10205.34,20,40821.36,8164.27,249.27,32906.36,Cash on Delivery,Returning,Delivered,4.4,
ORD102411,09-03-2025,CUST1179,Customer_2411,Jaipur,Electronics,Laptop,Store,5,13136.4,5,65682,3284.1,126.82,62524.72,Debit Card,New,Delivered,2.8,
ORD102412,22-06-2025,CUST1450,Customer_2412,Jaipur,Books,Groceries Pack,Website,4,11275.87,15,45103.48,6765.52,75.28,38413.24,Cash on Delivery,New,Delivered,1.1,
ORD102413,12-01-2025,CUST1240,Customer_2413,Pune,Books,Blender,Store,5,14088,10,70440,7044,54.83,63450.83,UPI,Returning,Delivered,1.2,
ORD102414,15-10-2025,CUST1524,Customer_2414,Kolkata,Beauty,T-Shirt,Mobile App,1,950.39,0,950.39,0,185.35,1135.74,Net Banking,Returning,Returned,2.8,
ORD102415,08-05-2025,CUST1815,Customer_2415,Mumbai,Electronics,Skincare Kit,Website,1,330.87,0,330.87,0,294.09,624.96,Debit Card,Returning,Cancelled,3.4,
ORD102416,06-04-2025,CUST1746,Customer_2416,Jaipur,Books,Novel,Marketplace,5,9970.87,5,49854.35,2492.72,252.2,47613.83,Cash on Delivery,New,Returned,4.5,
ORD102417,02-04-2025,CUST1183,Customer_2417,Delhi,Grocery,Headphones,Marketplace,5,4446.88,0,22234.4,0,147.68,22382.08,Credit Card,Returning,Delivered,4.9,
ORD102418,21-05-2025,CUST1794,Customer_2418,Chennai,Sports,T-Shirt,Store,4,3914.49,25,15657.96,3914.49,174.89,11918.36,Cash on Delivery,VIP,Delivered,4.9,
ORD102419,31-01-2025,CUST1358,Customer_2419,Kolkata,Books,Football,Mobile App,5,5063.67,0,25318.35,0,105.47,25423.82,UPI,New,Returned,3.2,
ORD102420,30-11-2025,CUST1376,Customer_2420,Pune,Clothing,Headphones,Store,2,4156.47,10,8312.94,831.29,74.03,7555.68,Debit Card,New,Delivered,1.1,
ORD102421,20-01-2025,CUST1941,Customer_2421,Jaipur,Accessories,Blender,Mobile App,1,7744.83,10,7744.83,774.48,160.16,7130.51,Credit Card,Returning,Cancelled,1.9,
ORD102422,26-05-2025,CUST1702,Customer_2422,Bengaluru,Accessories,Groceries Pack,Mobile App,1,6686.2,5,6686.2,334.31,155.15,6507.04,Debit Card,Returning,Delivered,2.7,
ORD102423,12-11-2025,CUST1838,Customer_2423,Ahmedabad,Electronics,Football,Mobile App,5,7759.56,10,38797.8,3879.78,170.92,35088.94,Debit Card,New,Delivered,4.5,
ORD102424,09-06-2025,CUST1727,Customer_2424,Ahmedabad,Accessories,T-Shirt,Marketplace,3,10139.8,0,30419.4,0,287.26,30706.66,Cash on Delivery,VIP,Returned,1.1,
ORD102425,15-12-2025,CUST1770,Customer_2425,Hyderabad,Beauty,Headphones,Store,3,5898.89,15,17696.67,2654.5,193.05,15235.22,Net Banking,New,Cancelled,3,
ORD102426,12-02-2025,CUST1538,Customer_2426,Jaipur,Sports,Watch,Store,5,3881.92,5,19409.6,970.48,193.56,18632.68,Cash on Delivery,VIP,Delivered,3.6,
ORD102427,11-09-2025,CUST1782,Customer_2427,Surat,Home & Kitchen,Groceries Pack,Marketplace,2,2618.08,10,5236.16,523.62,64.57,4777.11,Credit Card,New,Cancelled,2.2,
ORD102428,10-05-2025,CUST1082,Customer_2428,Mumbai,Clothing,Groceries Pack,Mobile App,3,5339.69,15,16019.07,2402.86,299.05,13915.26,UPI,New,Delivered,2.3,
ORD102429,01-03-2025,CUST1358,Customer_2429,Bengaluru,Clothing,Groceries Pack,Website,5,11165.83,20,55829.15,11165.83,238.67,44901.99,Cash on Delivery,Returning,Returned,2.6,
ORD102430,31-05-2025,CUST1185,Customer_2430,Delhi,Accessories,Watch,Website,2,11387.07,20,22774.14,4554.83,266.84,18486.15,Net Banking,VIP,Cancelled,2.1,
ORD102431,14-10-2025,CUST1288,Customer_2431,Kolkata,Clothing,T-Shirt,Marketplace,2,10053.54,10,20107.08,2010.71,141.86,18238.23,Net Banking,VIP,Delivered,2.7,
ORD102432,05-01-2025,CUST1062,Customer_2432,Delhi,Accessories,Laptop,Website,4,3625.32,5,14501.28,725.06,165.57,13941.79,Cash on Delivery,New,Delivered,1.6,
ORD102433,23-09-2025,CUST1883,Customer_2433,Jaipur,Sports,Groceries Pack,Mobile App,2,8883.08,10,17766.16,1776.62,170.96,16160.5,Credit Card,Returning,Delivered,1.8,
ORD102434,11-12-2025,CUST1507,Customer_2434,Chennai,Electronics,Football,Mobile App,3,8624.74,15,25874.22,3881.13,82.41,22075.5,Net Banking,New,Returned,1.1,
ORD102435,10-05-2025,CUST1462,Customer_2435,Ahmedabad,Electronics,Headphones,Store,3,7341.35,20,22024.05,4404.81,216.16,17835.4,Net Banking,New,Returned,2.6,
ORD102436,24-09-2025,CUST1030,Customer_2436,Jaipur,Books,Skincare Kit,Mobile App,5,8317.19,0,41585.95,0,273.8,41859.75,Credit Card,New,Returned,3.8,
ORD102437,27-06-2025,CUST1909,Customer_2437,Kolkata,Accessories,Groceries Pack,Mobile App,5,7453.09,5,37265.45,1863.27,74.2,35476.38,Credit Card,New,Delivered,3,
ORD102438,10-09-2025,CUST1936,Customer_2438,Jaipur,Accessories,Novel,Mobile App,2,8547.03,15,17094.06,2564.11,53.31,14583.26,Credit Card,VIP,Delivered,3.1,
ORD102439,25-02-2025,CUST1031,Customer_2439,Surat,Books,Skincare Kit,Website,1,10775.26,10,10775.26,1077.53,229.32,9927.05,Credit Card,New,Delivered,2.8,
ORD102440,24-03-2025,CUST1293,Customer_2440,Surat,Electronics,Skincare Kit,Website,4,1777.98,5,7111.92,355.6,103.76,6860.08,Cash on Delivery,Returning,Delivered,3.3,
ORD102441,09-04-2025,CUST1173,Customer_2441,Ahmedabad,Grocery,Novel,Marketplace,1,11281.94,5,11281.94,564.1,198.44,10916.28,Cash on Delivery,Returning,Cancelled,1.9,
ORD102442,29-05-2025,CUST1614,Customer_2442,Chennai,Accessories,Groceries Pack,Marketplace,2,2167.91,10,4335.82,433.58,217.85,4120.09,Debit Card,New,Delivered,1.8,
ORD102443,25-11-2025,CUST1128,Customer_2443,Kolkata,Accessories,Novel,Website,2,1139.43,25,2278.86,569.72,116.92,1826.06,Debit Card,VIP,Delivered,4.8,
ORD102444,05-06-2025,CUST1086,Customer_2444,Pune,Books,Laptop,Store,1,14644.78,10,14644.78,1464.48,250.09,13430.39,Debit Card,New,Delivered,2.8,
ORD102445,09-07-2025,CUST1315,Customer_2445,Mumbai,Grocery,Headphones,Store,4,14361.33,0,57445.32,0,178.5,57623.82,Net Banking,VIP,Delivered,4.3,
ORD102446,20-09-2025,CUST1028,Customer_2446,Jaipur,Electronics,Skincare Kit,Website,1,1047.48,0,1047.48,0,264.63,1312.11,Credit Card,VIP,Delivered,4.7,
ORD102447,21-03-2025,CUST1122,Customer_2447,Kolkata,Accessories,Novel,Marketplace,5,6732.31,0,33661.55,0,236.09,33897.64,Cash on Delivery,VIP,Cancelled,3.5,
ORD102448,09-09-2025,CUST1251,Customer_2448,Chennai,Clothing,Shoes,Store,3,2915.74,10,8747.22,874.72,264.52,8137.02,Cash on Delivery,Returning,Delivered,2.2,
ORD102449,07-04-2025,CUST1573,Customer_2449,Pune,Home & Kitchen,Shoes,Mobile App,5,7357.37,10,36786.85,3678.68,35.44,33143.61,Credit Card,New,Delivered,3.7,
ORD102450,17-09-2025,CUST1403,Customer_2450,Jaipur,Clothing,Headphones,Store,3,12478.13,0,37434.39,0,95.75,37530.14,Debit Card,New,Delivered,2.7,
ORD102451,17-09-2025,CUST1683,Customer_2451,Hyderabad,Grocery,Watch,Store,2,14266.58,15,28533.16,4279.97,54.3,24307.49,Net Banking,Returning,Cancelled,4.9,
ORD102452,13-04-2025,CUST1443,Customer_2452,Bengaluru,Books,Laptop,Store,4,9568.65,15,38274.6,5741.19,149.36,32682.77,Cash on Delivery,New,Delivered,4.2,
ORD102453,09-02-2025,CUST1272,Customer_2453,Ahmedabad,Home & Kitchen,Watch,Marketplace,1,5405.5,5,5405.5,270.27,270.29,5405.52,UPI,Returning,Delivered,4.3,
ORD102454,30-09-2025,CUST1837,Customer_2454,Hyderabad,Accessories,Groceries Pack,Marketplace,4,9109.38,5,36437.52,1821.88,156.24,34771.88,Net Banking,Returning,Returned,3.4,
ORD102455,11-04-2025,CUST1812,Customer_2455,Jaipur,Home & Kitchen,Football,Website,1,4783.22,25,4783.22,1195.8,259.42,3846.84,Net Banking,New,Delivered,1,
ORD102456,25-12-2025,CUST1113,Customer_2456,Delhi,Electronics,Groceries Pack,Store,5,13660.88,5,68304.4,3415.22,118.34,65007.52,Debit Card,New,Returned,4.3,
ORD102457,04-11-2025,CUST1706,Customer_2457,Chennai,Beauty,Headphones,Marketplace,5,13075.45,15,65377.25,9806.59,121.68,55692.34,Credit Card,New,Delivered,1.1,
ORD102458,09-08-2025,CUST1394,Customer_2458,Chennai,Sports,Watch,Marketplace,1,8439.74,10,8439.74,843.97,271.8,7867.57,UPI,Returning,Returned,1.5,
ORD102459,04-11-2025,CUST1943,Customer_2459,Kolkata,Beauty,Blender,Website,4,4973.26,15,19893.04,2983.96,144.97,17054.05,Debit Card,New,Returned,4.4,
ORD102460,04-05-2025,CUST1019,Customer_2460,Ahmedabad,Home & Kitchen,Headphones,Mobile App,1,4506.84,15,4506.84,676.03,243.24,4074.05,Credit Card,Returning,Delivered,1.9,
ORD102461,19-08-2025,CUST1852,Customer_2461,Pune,Beauty,Watch,Mobile App,2,646.26,15,1292.52,193.88,93.89,1192.53,UPI,Returning,Delivered,4.4,
ORD102462,27-06-2025,CUST1605,Customer_2462,Jaipur,Books,Football,Store,5,12264.94,20,61324.7,12264.94,286.18,49345.94,Cash on Delivery,New,Returned,1.9,
ORD102463,04-03-2025,CUST1729,Customer_2463,Delhi,Home & Kitchen,Groceries Pack,Mobile App,2,6838.19,25,13676.38,3419.1,185.14,10442.42,UPI,Returning,Delivered,4.1,
ORD102464,26-04-2025,CUST1465,Customer_2464,Pune,Clothing,T-Shirt,Website,5,4978.22,10,24891.1,2489.11,235.02,22637.01,Debit Card,Returning,Cancelled,3.2,
ORD102465,10-07-2025,CUST1691,Customer_2465,Ahmedabad,Books,Laptop,Marketplace,5,7145.99,0,35729.95,0,54.17,35784.12,UPI,Returning,Returned,3.7,
ORD102466,03-03-2025,CUST1909,Customer_2466,Kolkata,Clothing,Shoes,Mobile App,3,12308.26,5,36924.78,1846.24,163.02,35241.56,UPI,VIP,Returned,4.4,
ORD102467,13-09-2025,CUST1191,Customer_2467,Bengaluru,Books,Shoes,Store,2,2000.52,15,4001.04,600.16,273.28,3674.16,UPI,New,Delivered,4.9,
ORD102468,07-01-2025,CUST1493,Customer_2468,Pune,Electronics,Skincare Kit,Store,2,12886.19,15,25772.38,3865.86,266.8,22173.32,Cash on Delivery,New,Delivered,1.3,
ORD102469,04-06-2025,CUST1912,Customer_2469,Delhi,Grocery,Blender,Marketplace,3,13478.01,0,40434.03,0,42.64,40476.67,Credit Card,VIP,Returned,3.7,
ORD102470,02-04-2025,CUST1949,Customer_2470,Mumbai,Books,Blender,Store,4,14208.61,0,56834.44,0,112,56946.44,UPI,New,Returned,4.8,
ORD102471,14-01-2025,CUST1163,Customer_2471,Chennai,Sports,Groceries Pack,Website,2,6052.7,15,12105.4,1815.81,149.7,10439.29,Net Banking,New,Delivered,2.5,
ORD102472,17-08-2025,CUST1612,Customer_2472,Pune,Accessories,Laptop,Mobile App,1,3374.53,5,3374.53,168.73,76.51,3282.31,Debit Card,Returning,Delivered,2.3,
ORD102473,27-03-2025,CUST1699,Customer_2473,Surat,Clothing,Novel,Store,3,5698.57,10,17095.71,1709.57,227.1,15613.24,Net Banking,Returning,Delivered,3.7,
ORD102474,13-05-2025,CUST1295,Customer_2474,Delhi,Books,Novel,Mobile App,2,5093.74,15,10187.48,1528.12,79.82,8739.18,Credit Card,New,Delivered,2.6,
ORD102475,02-07-2025,CUST1579,Customer_2475,Mumbai,Sports,Novel,Marketplace,4,2765.89,10,11063.56,1106.36,123.59,10080.79,Debit Card,Returning,Delivered,1.9,
ORD102476,03-03-2025,CUST1073,Customer_2476,Surat,Accessories,T-Shirt,Mobile App,2,9167.91,0,18335.82,0,209.09,18544.91,Credit Card,New,Returned,1.6,
ORD102477,07-08-2025,CUST1744,Customer_2477,Hyderabad,Accessories,Watch,Website,5,7227.87,0,36139.35,0,160.16,36299.51,Debit Card,Returning,Delivered,1.8,
ORD102478,03-09-2025,CUST1701,Customer_2478,Surat,Electronics,Novel,Marketplace,1,13005.66,0,13005.66,0,229.41,13235.07,Net Banking,Returning,Delivered,3.8,
ORD102479,18-08-2025,CUST1562,Customer_2479,Hyderabad,Books,Headphones,Store,3,626.83,5,1880.49,94.02,289.53,2076,Net Banking,Returning,Cancelled,4.7,
ORD102480,20-03-2025,CUST1309,Customer_2480,Delhi,Grocery,Novel,Marketplace,5,9711.44,10,48557.2,4855.72,61.47,43762.95,Cash on Delivery,Returning,Delivered,4.2,
ORD102481,29-05-2025,CUST1302,Customer_2481,Kolkata,Sports,Novel,Mobile App,4,11479.79,10,45919.16,4591.92,221.58,41548.82,Credit Card,New,Delivered,2.8,
ORD102482,18-05-2025,CUST1308,Customer_2482,Ahmedabad,Grocery,T-Shirt,Mobile App,5,11428.38,0,57141.9,0,92.19,57234.09,Net Banking,New,Delivered,3.1,
ORD102483,10-11-2025,CUST1124,Customer_2483,Delhi,Books,Shoes,Mobile App,5,13308.2,0,66541,0,141.91,66682.91,Debit Card,New,Delivered,3.5,
ORD102484,06-03-2025,CUST1669,Customer_2484,Ahmedabad,Clothing,Groceries Pack,Mobile App,4,10976.15,0,43904.6,0,38.87,43943.47,UPI,New,Cancelled,3.3,
ORD102485,13-01-2025,CUST1261,Customer_2485,Chennai,Accessories,Groceries Pack,Marketplace,5,13927.98,25,69639.9,17409.97,66.69,52296.62,UPI,Returning,Returned,4.9,
ORD102486,01-08-2025,CUST1195,Customer_2486,Mumbai,Clothing,Watch,Marketplace,3,5089.95,10,15269.85,1526.98,116.34,13859.21,UPI,Returning,Delivered,4.5,
ORD102487,30-08-2025,CUST1842,Customer_2487,Bengaluru,Beauty,Groceries Pack,Mobile App,2,7622.66,20,15245.32,3049.06,122.34,12318.6,Cash on Delivery,New,Delivered,1.2,
ORD102488,01-08-2025,CUST1351,Customer_2488,Bengaluru,Beauty,Watch,Store,5,359.08,20,1795.4,359.08,272.89,1709.21,Net Banking,VIP,Delivered,4.3,
ORD102489,30-06-2025,CUST1843,Customer_2489,Jaipur,Books,Skincare Kit,Marketplace,3,253.32,10,759.96,76,230.29,914.25,Credit Card,Returning,Delivered,1.5,
ORD102490,04-12-2025,CUST1768,Customer_2490,Bengaluru,Beauty,Laptop,Website,2,3715.88,15,7431.76,1114.76,292.49,6609.49,Credit Card,New,Delivered,3.8,
ORD102491,22-06-2025,CUST1977,Customer_2491,Delhi,Books,Novel,Marketplace,2,1646.99,0,3293.98,0,191.75,3485.73,Cash on Delivery,New,Delivered,2.1,
ORD102492,09-06-2025,CUST1936,Customer_2492,Surat,Accessories,Groceries Pack,Website,5,4014.14,15,20070.7,3010.6,95.26,17155.36,Debit Card,Returning,Delivered,4.1,
ORD102493,13-06-2025,CUST1489,Customer_2493,Unkonwn,Accessories,Novel,Store,3,2779.09,5,8337.27,416.86,118.47,8038.88,Net Banking,New,Delivered,1,
ORD102494,07-07-2025,CUST1200,Customer_2494,Pune,Books,Laptop,Website,5,573.52,20,2867.6,573.52,116.36,2410.44,Net Banking,VIP,Delivered,2.5,
ORD102495,10-07-2025,CUST1884,Customer_2495,Hyderabad,Grocery,Skincare Kit,Website,4,13653.17,0,54612.68,0,118.15,54730.83,Debit Card,Returning,Delivered,1.1,
ORD102496,04-11-2025,CUST1508,Customer_2496,Chennai,Sports,Groceries Pack,Store,2,272.11,15,544.22,81.63,211.7,674.29,Debit Card,VIP,Cancelled,4.8,
ORD102497,13-09-2025,CUST1898,Customer_2497,Pune,Clothing,Groceries Pack,Mobile App,5,11080.82,0,55404.1,0,173.32,55577.42,Net Banking,New,Delivered,1.1,
ORD102498,02-07-2025,CUST1580,Customer_2498,Chennai,Accessories,Football,Marketplace,2,2409.4,20,4818.8,963.76,134.06,3989.1,Net Banking,Returning,Returned,1.6,
ORD102499,27-04-2025,CUST1446,Customer_2499,Bengaluru,Electronics,Football,Store,3,13696.61,5,41089.83,2054.49,70.25,39105.59,UPI,VIP,Cancelled,3.2,
ORD102500,09-10-2025,CUST1080,Customer_2500,Pune,Home & Kitchen,Shoes,Website,1,13408.02,15,13408.02,2011.2,35.98,11432.8,Credit Card,New,Delivered,3.6,
ORD102501,15-07-2025,CUST1745,Customer_2501,Hyderabad,Clothing,Football,Mobile App,5,9860.43,10,49302.15,4930.22,89.09,44461.02,UPI,New,Delivered,3.9,
ORD102502,03-02-2025,CUST1698,Customer_2502,Kolkata,Accessories,Watch,Marketplace,5,10132.68,5,50663.4,2533.17,59.02,48189.25,UPI,Returning,Cancelled,2,
ORD102503,21-02-2025,CUST1617,Customer_2503,Hyderabad,Beauty,Blender,Store,2,229.29,10,458.58,45.86,242.07,654.79,Credit Card,VIP,Returned,2.2,
ORD102504,22-04-2025,CUST1469,Customer_2504,Surat,Books,Watch,Marketplace,3,14775.34,25,44326.02,11081.5,60.37,33304.89,Cash on Delivery,Returning,Delivered,2,
ORD102505,09-09-2025,CUST1837,Customer_2505,Ahmedabad,Beauty,Blender,Mobile App,4,13185.81,0,52743.24,0,225.54,52968.78,Cash on Delivery,Returning,Delivered,2,
ORD102506,23-03-2025,CUST1442,Customer_2506,Chennai,Sports,Laptop,Marketplace,3,13442.33,20,40326.99,8065.4,134.13,32395.72,Cash on Delivery,Returning,Delivered,4.1,
ORD102507,20-08-2025,CUST1931,Customer_2507,Delhi,Beauty,Headphones,Mobile App,5,9939.78,10,49698.9,4969.89,49.81,44778.82,Cash on Delivery,New,Returned,4.8,
ORD102508,15-08-2025,CUST1654,Customer_2508,Hyderabad,Sports,Groceries Pack,Store,4,5270.09,20,21080.36,4216.07,249.44,17113.73,Debit Card,New,Delivered,3.4,
ORD102509,21-08-2025,CUST1911,Customer_2509,Mumbai,Electronics,Headphones,Mobile App,3,13420.68,5,40262.04,2013.1,186.5,38435.44,UPI,New,Returned,1.6,
ORD102510,09-08-2025,CUST1902,Customer_2510,Unkonwn,Books,Watch,Store,1,4479.03,10,4479.03,447.9,93.66,4124.79,Debit Card,New,Delivered,1.3,
ORD102511,11-02-2025,CUST1272,Customer_2511,Ahmedabad,Beauty,Headphones,Mobile App,2,8506.27,20,17012.54,3402.51,271.56,13881.59,Debit Card,Returning,Cancelled,2,
ORD102512,21-01-2025,CUST1343,Customer_2512,Mumbai,Sports,Groceries Pack,Marketplace,3,1631,5,4893,244.65,42.22,4690.57,Credit Card,Returning,Delivered,1.7,
ORD102513,11-02-2025,CUST1124,Customer_2513,Kolkata,Beauty,T-Shirt,Mobile App,3,13841.04,10,41523.12,4152.31,84.49,37455.3,Cash on Delivery,VIP,Cancelled,3.3,
ORD102514,23-04-2025,CUST1223,Customer_2514,Kolkata,Sports,Headphones,Mobile App,1,2240.44,0,2240.44,0,233.05,2473.49,Net Banking,New,Delivered,3.8,
ORD102515,15-04-2025,CUST1490,Customer_2515,Chennai,Grocery,Football,Marketplace,5,3489.72,0,17448.6,0,221.53,17670.13,Cash on Delivery,New,Cancelled,,
ORD102516,11-07-2025,CUST1686,Customer_2516,Mumbai,Books,Groceries Pack,Website,2,8438.29,10,16876.58,1687.66,108.1,15297.02,UPI,Returning,Delivered,2.8,
ORD102517,17-01-2025,CUST1703,Customer_2517,Pune,Books,Skincare Kit,Mobile App,3,11496.78,15,34490.34,5173.55,46.75,29363.54,Debit Card,New,Delivered,3.5,
ORD102518,30-04-2025,CUST1652,Customer_2518,Bengaluru,Clothing,Football,Store,4,9347.37,10,37389.48,3738.95,261.68,33912.21,UPI,New,Cancelled,1.8,
ORD102519,09-05-2025,CUST1297,Customer_2519,Mumbai,Sports,T-Shirt,Mobile App,3,3597.19,0,10791.57,0,114.7,10906.27,Debit Card,New,Delivered,4.6,
ORD102520,10-05-2025,CUST1119,Customer_2520,Mumbai,Home & Kitchen,T-Shirt,Website,2,164,10,328,32.8,82.84,378.04,Debit Card,New,Delivered,3.2,
ORD102521,01-03-2025,CUST1787,Customer_2521,Surat,Electronics,Novel,Store,3,11393.69,5,34181.07,1709.05,169.34,32641.36,Debit Card,VIP,Cancelled,2.4,
ORD102522,17-02-2025,CUST1076,Customer_2522,Jaipur,Clothing,Football,Marketplace,1,14780.33,10,14780.33,1478.03,275.76,13578.06,Net Banking,Returning,Cancelled,1.1,
ORD102523,29-01-2025,CUST1621,Customer_2523,Pune,Electronics,Blender,Marketplace,3,12177.21,20,36531.63,7306.33,41.76,29267.06,Cash on Delivery,VIP,Cancelled,2.9,
ORD102524,07-04-2025,CUST1631,Customer_2524,Jaipur,Clothing,Skincare Kit,Marketplace,3,6984.07,15,20952.21,3142.83,236.77,18046.15,Debit Card,VIP,Returned,2.3,
ORD102525,10-01-2025,CUST1973,Customer_2525,Mumbai,Beauty,Groceries Pack,Store,4,13570.94,0,54283.76,0,184.57,54468.33,Credit Card,New,Returned,4.9,
ORD102526,30-08-2025,CUST1881,Customer_2526,Mumbai,Sports,T-Shirt,Mobile App,1,6236.24,20,6236.24,1247.25,144.87,5133.86,Debit Card,Returning,Returned,2.5,
ORD102527,10-11-2025,CUST1258,Customer_2527,Delhi,Beauty,T-Shirt,Store,1,7945.27,10,7945.27,794.53,230.9,7381.64,Cash on Delivery,New,Delivered,4.7,
ORD102528,20-08-2025,CUST1532,Customer_2528,Surat,Electronics,Skincare Kit,Store,3,7235.38,15,21706.14,3255.92,290.77,18740.99,Cash on Delivery,New,Cancelled,3.7,
ORD102529,04-10-2025,CUST1631,Customer_2529,Jaipur,Books,Novel,Website,4,6797.21,0,27188.84,0,91.89,27280.73,Net Banking,VIP,Returned,1.3,
ORD102530,11-10-2025,CUST1351,Customer_2530,Jaipur,Accessories,Blender,Store,3,11661.58,15,34984.74,5247.71,68.78,29805.81,Debit Card,New,Delivered,4.7,
ORD102531,22-07-2025,CUST1649,Customer_2531,Delhi,Electronics,Laptop,Marketplace,3,7972.52,0,23917.56,0,276.48,24194.04,Credit Card,New,Delivered,1.7,
ORD102532,04-09-2025,CUST1277,Customer_2532,Ahmedabad,Clothing,T-Shirt,Store,2,4853.25,10,9706.5,970.65,210.62,8946.47,Net Banking,New,Delivered,2.8,
ORD102533,17-10-2025,CUST1255,Customer_2533,Chennai,Electronics,Novel,Website,2,3983.65,0,7967.3,0,148.26,8115.56,Net Banking,New,Cancelled,4.7,
ORD102534,21-09-2025,CUST1264,Customer_2534,Bengaluru,Accessories,Shoes,Store,4,710.55,0,2842.2,0,184.78,3026.98,Debit Card,New,Delivered,4.3,
ORD102535,02-08-2025,CUST1679,Customer_2535,Delhi,Sports,Groceries Pack,Store,5,8810.45,0,44052.25,0,231.32,44283.57,Debit Card,New,Delivered,3,
ORD102536,19-07-2025,CUST1677,Customer_2536,Pune,Electronics,Skincare Kit,Marketplace,2,3564.93,0,7129.86,0,238.72,7368.58,Net Banking,New,Delivered,1.8,
ORD102537,20-03-2025,CUST1029,Customer_2537,Hyderabad,Beauty,Watch,Store,5,2349.79,0,11748.95,0,278.37,12027.32,Net Banking,VIP,Delivered,3,
ORD102538,09-12-2025,CUST1467,Customer_2538,Ahmedabad,Books,Shoes,Mobile App,1,9859.37,15,9859.37,1478.91,145.25,8525.71,Net Banking,New,Returned,3.2,
ORD102539,10-12-2025,CUST1035,Customer_2539,Kolkata,Sports,Shoes,Marketplace,2,10265.96,0,20531.92,0,109.22,20641.14,UPI,New,Delivered,5,
ORD102540,22-06-2025,CUST1749,Customer_2540,Hyderabad,Electronics,Watch,Website,2,11319.5,10,22639,2263.9,202.71,20577.81,Net Banking,New,Delivered,4.3,
ORD102541,10-03-2025,CUST1294,Customer_2541,Delhi,Home & Kitchen,Blender,Website,4,7628.12,0,30512.48,0,142.25,30654.73,Cash on Delivery,Returning,Delivered,4.4,
ORD102542,28-03-2025,CUST1602,Customer_2542,Ahmedabad,Home & Kitchen,Football,Website,5,13426.71,25,67133.55,16783.39,190.54,50540.7,Credit Card,Returning,Delivered,4.9,
ORD102543,11-04-2025,CUST1203,Customer_2543,Kolkata,Books,Football,Store,2,14054.69,25,28109.38,7027.34,143.4,21225.44,Credit Card,VIP,Delivered,3.1,
ORD102544,08-01-2025,CUST1740,Customer_2544,Mumbai,Beauty,Watch,Mobile App,2,12139.46,0,24278.92,0,71.31,24350.23,Debit Card,Returning,Delivered,3.3,
ORD102545,29-11-2025,CUST1931,Customer_2545,Surat,Clothing,Football,Marketplace,4,9588.56,10,38354.24,3835.42,156.75,34675.57,Net Banking,New,Delivered,2.8,
ORD102546,19-07-2025,CUST1068,Customer_2546,Hyderabad,Clothing,Blender,Mobile App,4,4660.26,0,18641.04,0,216.55,18857.59,Credit Card,New,Cancelled,1.5,
ORD102547,28-03-2025,CUST1131,Customer_2547,Hyderabad,Books,Groceries Pack,Mobile App,5,14746.73,25,73733.65,18433.41,245.81,55546.05,Credit Card,Returning,Delivered,3.1,
ORD102548,12-02-2025,CUST1877,Customer_2548,Delhi,Electronics,Headphones,Website,1,4220.92,10,4220.92,422.09,163.2,3962.03,Cash on Delivery,Returning,Delivered,3.3,
ORD102549,19-04-2025,CUST1111,Customer_2549,Hyderabad,Sports,Novel,Website,1,3159.46,0,3159.46,0,74.61,3234.07,Cash on Delivery,New,Delivered,1.9,
ORD102550,01-06-2025,CUST1524,Customer_2550,Mumbai,Books,Watch,Mobile App,3,6715.99,5,20147.97,1007.4,141.97,19282.54,UPI,Returning,Delivered,4.1,
ORD102551,17-01-2025,CUST1288,Customer_2551,Jaipur,Clothing,Novel,Mobile App,2,994.08,0,1988.16,0,242.3,2230.46,UPI,VIP,Delivered,1.5,
ORD102552,13-05-2025,CUST1687,Customer_2552,Ahmedabad,Home & Kitchen,T-Shirt,Marketplace,5,14680.64,5,73403.2,3670.16,141.47,69874.51,Credit Card,Returning,Delivered,3,
ORD102553,28-05-2025,CUST1831,Customer_2553,Hyderabad,Accessories,Blender,Website,2,8888.24,15,17776.48,2666.47,218.06,15328.07,Debit Card,Returning,Delivered,3.7,
ORD102554,04-10-2025,CUST1666,Customer_2554,Ahmedabad,Clothing,Novel,Website,5,8420.74,10,42103.7,4210.37,166.95,38060.28,Credit Card,Returning,Returned,1.2,
ORD102555,20-08-2025,CUST1043,Customer_2555,Kolkata,Home & Kitchen,Watch,Store,5,9888.57,5,49442.85,2472.14,95.13,47065.84,Debit Card,New,Delivered,4.2,
ORD102556,10-11-2025,CUST1875,Customer_2556,Kolkata,Clothing,Groceries Pack,Website,5,7530.8,0,37654,0,244.96,37898.96,Credit Card,New,Returned,2.2,
ORD102557,16-08-2025,CUST1717,Customer_2557,Hyderabad,Beauty,Football,Marketplace,2,626.14,0,1252.28,0,52.74,1305.02,Cash on Delivery,New,Delivered,3.9,
ORD102558,19-05-2025,CUST1684,Customer_2558,Hyderabad,Books,Shoes,Store,4,9242.82,0,36971.28,0,171.72,37143,Net Banking,New,Delivered,1.4,
ORD102559,30-07-2025,CUST1294,Customer_2559,Kolkata,Accessories,Shoes,Marketplace,2,10785.18,20,21570.36,4314.07,86.4,17342.69,Credit Card,VIP,Delivered,3.5,
ORD102560,28-01-2025,CUST1285,Customer_2560,Pune,Sports,T-Shirt,Website,5,6338.72,0,31693.6,0,48.11,31741.71,UPI,New,Delivered,3.2,
ORD102561,20-02-2025,CUST1823,Customer_2561,Kolkata,Accessories,Novel,Website,3,11395.84,10,34187.52,3418.75,165.79,30934.56,Debit Card,Returning,Cancelled,1.6,
ORD102562,18-09-2025,CUST1564,Customer_2562,Pune,Books,Skincare Kit,Mobile App,1,3520.97,5,3520.97,176.05,164.88,3509.8,Debit Card,Returning,Delivered,3.5,
ORD102563,18-09-2025,CUST1627,Customer_2563,Bengaluru,Grocery,Watch,Mobile App,5,3435.96,0,17179.8,0,220.86,17400.66,Credit Card,Returning,Delivered,3.8,
ORD102564,16-12-2025,CUST1019,Customer_2564,Mumbai,Electronics,Skincare Kit,Marketplace,3,2547.04,10,7641.12,764.11,231.08,7108.09,Debit Card,Returning,Delivered,3,
ORD102565,18-12-2025,CUST1507,Customer_2565,Mumbai,Home & Kitchen,Watch,Store,4,5674.12,10,22696.48,2269.65,226.5,20653.33,UPI,Returning,Returned,3.3,
ORD102566,08-01-2025,CUST1547,Customer_2566,Ahmedabad,Clothing,Watch,Website,5,12728.13,5,63640.65,3182.03,140.58,60599.2,Cash on Delivery,New,Delivered,4.5,
ORD102567,16-11-2025,CUST1048,Customer_2567,Surat,Electronics,Groceries Pack,Mobile App,3,12444.49,10,37333.47,3733.35,200.56,33800.68,Net Banking,VIP,Returned,3.8,
ORD102568,18-05-2025,CUST1745,Customer_2568,Delhi,Home & Kitchen,T-Shirt,Mobile App,5,5834.94,10,29174.7,2917.47,185.78,26443.01,Net Banking,New,Delivered,4.6,
ORD102569,07-02-2025,CUST1219,Customer_2569,Ahmedabad,Books,Shoes,Website,2,8898.41,5,17796.82,889.84,143.82,17050.8,Debit Card,New,Delivered,3.2,
ORD102570,21-04-2025,CUST1622,Customer_2570,Hyderabad,Home & Kitchen,T-Shirt,Website,3,10854.12,10,32562.36,3256.24,191.25,29497.37,Credit Card,Returning,Delivered,1.7,
ORD102571,08-08-2025,CUST1766,Customer_2571,Chennai,Beauty,T-Shirt,Store,2,3731.92,15,7463.84,1119.58,285.76,6630.02,Debit Card,New,Delivered,2,
ORD102572,03-12-2025,CUST1188,Customer_2572,Kolkata,Accessories,Laptop,Mobile App,2,2646.9,0,5293.8,0,82.08,5375.88,UPI,New,Returned,1.7,
ORD102573,11-08-2025,CUST1031,Customer_2573,Chennai,Clothing,Watch,Store,3,14585.63,10,43756.89,4375.69,274.56,39655.76,Credit Card,VIP,Delivered,2.3,
ORD102574,16-05-2025,CUST1259,Customer_2574,Unkonwn,Grocery,Skincare Kit,Store,1,9320.73,0,9320.73,0,44.43,9365.16,Cash on Delivery,Returning,Delivered,2.9,
ORD102575,13-09-2025,CUST1675,Customer_2575,Bengaluru,Books,Groceries Pack,Website,3,14724.02,0,44172.06,0,113.27,44285.33,UPI,VIP,Cancelled,2,
ORD102576,26-12-2025,CUST1344,Customer_2576,Jaipur,Grocery,Blender,Store,1,5165.68,10,5165.68,516.57,107.8,4756.91,Cash on Delivery,New,Delivered,2.9,
ORD102577,25-11-2025,CUST1308,Customer_2577,Bengaluru,Electronics,Watch,Website,5,10590.02,20,52950.1,10590.02,199.12,42559.2,Credit Card,New,Delivered,2.5,
ORD102578,18-02-2025,CUST1071,Customer_2578,Ahmedabad,Clothing,Headphones,Marketplace,5,3455.66,20,17278.3,3455.66,65.43,13888.07,Cash on Delivery,Returning,Cancelled,3.2,
ORD102579,19-10-2025,CUST1307,Customer_2579,Kolkata,Books,Watch,Store,3,4028.82,0,12086.46,0,268.23,12354.69,UPI,Returning,Delivered,2.7,
ORD102580,20-11-2025,CUST1568,Customer_2580,Delhi,Grocery,Shoes,Mobile App,5,7751.75,5,38758.75,1937.94,253.71,37074.52,UPI,Returning,Delivered,2.7,
ORD102581,19-03-2025,CUST1099,Customer_2581,Ahmedabad,Clothing,Skincare Kit,Mobile App,4,4896.33,10,19585.32,1958.53,206.06,17832.85,Debit Card,VIP,Delivered,3,
ORD102582,15-04-2025,CUST1021,Customer_2582,Kolkata,Sports,Football,Marketplace,2,2639.18,0,5278.36,0,153.77,5432.13,Credit Card,VIP,Delivered,5,
ORD102583,18-06-2025,CUST1897,Customer_2583,Surat,Home & Kitchen,Football,Marketplace,2,4053.78,15,8107.56,1216.13,281.9,7173.33,Net Banking,Returning,Delivered,3.2,
ORD102584,05-08-2025,CUST1620,Customer_2584,Surat,Grocery,Shoes,Store,1,680.86,15,680.86,102.13,254.3,833.03,Net Banking,New,Delivered,3.9,
ORD102585,29-04-2025,CUST1565,Customer_2585,Pune,Home & Kitchen,Watch,Mobile App,5,10610.69,20,53053.45,10610.69,164.82,42607.58,Cash on Delivery,Returning,Returned,2.7,
ORD102586,09-07-2025,CUST1006,Customer_2586,Kolkata,Sports,Watch,Mobile App,1,7457.93,0,7457.93,0,219.51,7677.44,Net Banking,VIP,Cancelled,2.3,
ORD102587,12-09-2025,CUST1231,Customer_2587,Delhi,Sports,Blender,Website,2,1549.51,0,3099.02,0,183.07,3282.09,Net Banking,New,Returned,4.7,
ORD102588,23-09-2025,CUST1994,Customer_2588,Hyderabad,Clothing,Shoes,Website,2,2699.66,20,5399.32,1079.86,188.74,4508.2,UPI,Returning,Returned,4,
ORD102589,29-05-2025,CUST1082,Customer_2589,Chennai,Home & Kitchen,Watch,Mobile App,5,1672.64,15,8363.2,1254.48,119.36,7228.08,UPI,Returning,Delivered,3.3,
ORD102590,13-06-2025,CUST1958,Customer_2590,Pune,Electronics,Skincare Kit,Website,4,9247,20,36988,7397.6,154.76,29745.16,UPI,New,Delivered,2.3,
ORD102591,20-05-2025,CUST1217,Customer_2591,Jaipur,Beauty,Football,Website,4,1549.02,0,6196.08,0,51.09,6247.17,Net Banking,Returning,Delivered,2,
ORD102592,13-12-2025,CUST1335,Customer_2592,Surat,Books,Headphones,Website,5,11351.09,10,56755.45,5675.54,126.48,51206.39,Cash on Delivery,New,Delivered,2,
ORD102593,15-09-2025,CUST1559,Customer_2593,Hyderabad,Sports,Watch,Marketplace,5,454.59,10,2272.95,227.3,217.87,2263.52,Credit Card,VIP,Delivered,3,
ORD102594,26-09-2025,CUST1864,Customer_2594,Hyderabad,Electronics,T-Shirt,Mobile App,1,3853.23,0,3853.23,0,287.37,4140.6,Debit Card,Returning,Cancelled,4.5,
ORD102595,30-06-2025,CUST1874,Customer_2595,Chennai,Electronics,Novel,Mobile App,5,13376.4,10,66882,6688.2,290.03,60483.83,Cash on Delivery,Returning,Cancelled,4.5,
ORD102596,09-06-2025,CUST1753,Customer_2596,Jaipur,Clothing,Football,Mobile App,4,10820.19,10,43280.76,4328.08,180.05,39132.73,UPI,New,Delivered,4,
ORD102597,17-12-2025,CUST1690,Customer_2597,Mumbai,Sports,Laptop,Website,5,1233.58,0,6167.9,0,193.79,6361.69,Cash on Delivery,New,Delivered,3.2,
ORD102598,15-10-2025,CUST1594,Customer_2598,Chennai,Electronics,Shoes,Store,1,12343.72,5,12343.72,617.19,80.14,11806.67,Credit Card,VIP,Returned,1.9,
ORD102599,15-10-2025,CUST1799,Customer_2599,Kolkata,Beauty,Blender,Store,1,7471.57,10,7471.57,747.16,217.73,6942.14,UPI,New,Cancelled,2.9,
ORD102600,14-08-2025,CUST1704,Customer_2600,Ahmedabad,Accessories,T-Shirt,Website,1,12724.73,10,12724.73,1272.47,49.08,11501.34,Credit Card,New,Delivered,3.8,
ORD102601,11-01-2025,CUST1925,Customer_2601,Ahmedabad,Accessories,Shoes,Marketplace,1,9070.99,20,9070.99,1814.2,106.87,7363.66,Debit Card,New,Delivered,3.4,
ORD102602,10-01-2025,CUST1655,Customer_2602,Chennai,Electronics,Watch,Marketplace,3,10275.22,5,30825.66,1541.28,210.46,29494.84,Cash on Delivery,Returning,Delivered,3.1,
ORD102603,28-09-2025,CUST1826,Customer_2603,Pune,Beauty,Watch,Mobile App,5,14903.5,5,74517.5,3725.88,113.78,70905.4,Debit Card,New,Delivered,2.7,
ORD102604,30-09-2025,CUST1791,Customer_2604,Ahmedabad,Grocery,Watch,Store,2,3600.18,25,7200.36,1800.09,43.46,5443.73,Net Banking,Returning,Delivered,4,
ORD102605,02-07-2025,CUST1934,Customer_2605,Ahmedabad,Beauty,Football,Marketplace,5,9415.59,20,47077.95,9415.59,254.61,37916.97,Cash on Delivery,Returning,Delivered,4.4,
ORD102606,02-06-2025,CUST1553,Customer_2606,Mumbai,Beauty,Novel,Store,3,6985.77,0,20957.31,0,113.79,21071.1,Net Banking,Returning,Delivered,3.9,
ORD102607,11-11-2025,CUST1459,Customer_2607,Surat,Sports,Groceries Pack,Store,1,735.86,15,735.86,110.38,47.04,672.52,Credit Card,VIP,Delivered,4.8,
ORD102608,30-11-2025,CUST1783,Customer_2608,Kolkata,Grocery,Headphones,Marketplace,3,364.89,0,1094.67,0,50.19,1144.86,Net Banking,New,Returned,4.1,
ORD102609,04-05-2025,CUST1087,Customer_2609,Delhi,Beauty,Shoes,Website,4,1920.54,0,7682.16,0,97.97,7780.13,Credit Card,Returning,Delivered,2.8,
ORD102610,24-04-2025,CUST1515,Customer_2610,Kolkata,Sports,Laptop,Mobile App,4,9789.01,5,39156.04,1957.8,78.06,37276.3,Debit Card,New,Cancelled,3.5,
ORD102611,05-10-2025,CUST1723,Customer_2611,Hyderabad,Grocery,T-Shirt,Mobile App,5,8572.37,5,42861.85,2143.09,239.06,40957.82,UPI,VIP,Delivered,3,
ORD102612,01-08-2025,CUST1513,Customer_2612,Surat,Accessories,Novel,Marketplace,5,8368.43,20,41842.15,8368.43,116.85,33590.57,Debit Card,VIP,Returned,3.2,
ORD102613,21-06-2025,CUST1984,Customer_2613,Hyderabad,Electronics,Football,Website,2,623.07,15,1246.14,186.92,247.27,1306.49,Net Banking,New,Delivered,4.6,
ORD102614,15-10-2025,CUST1587,Customer_2614,Chennai,Grocery,Novel,Marketplace,2,7119.15,25,14238.3,3559.58,76.94,10755.66,Credit Card,New,Delivered,2.2,
ORD102615,23-06-2025,CUST1478,Customer_2615,Surat,Beauty,Skincare Kit,Marketplace,4,13880.65,15,55522.6,8328.39,163.08,47357.29,Net Banking,New,Delivered,1.1,
ORD102616,23-04-2025,CUST1498,Customer_2616,Jaipur,Grocery,Blender,Store,1,6054.24,5,6054.24,302.71,215.77,5967.3,UPI,VIP,Delivered,3.8,
ORD102617,02-05-2025,CUST1907,Customer_2617,Delhi,Home & Kitchen,Watch,Store,3,9430.1,15,28290.3,4243.54,206.04,24252.8,Cash on Delivery,Returning,Returned,1.7,
ORD102618,01-02-2025,CUST1956,Customer_2618,Jaipur,Electronics,Groceries Pack,Mobile App,2,11730.31,25,23460.62,5865.16,192.3,17787.76,Cash on Delivery,VIP,Cancelled,1.6,
ORD102619,10-08-2025,CUST1743,Customer_2619,Hyderabad,Books,Blender,Store,2,11791.29,15,23582.58,3537.39,279.7,20324.89,Cash on Delivery,New,Delivered,5,
ORD102620,29-04-2025,CUST1449,Customer_2620,Hyderabad,Grocery,Groceries Pack,Store,1,7861.31,15,7861.31,1179.2,91.7,6773.81,Net Banking,Returning,Delivered,2.1,
ORD102621,08-02-2025,CUST1588,Customer_2621,Delhi,Grocery,Shoes,Website,1,12890.59,25,12890.59,3222.65,163.3,9831.24,Cash on Delivery,Returning,Delivered,1.8,
ORD102622,25-09-2025,CUST1260,Customer_2622,Hyderabad,Grocery,Blender,Marketplace,5,5961.96,0,29809.8,0,268.68,30078.48,Credit Card,VIP,Delivered,1.8,
ORD102623,21-08-2025,CUST1537,Customer_2623,Jaipur,Home & Kitchen,Laptop,Marketplace,3,13347.09,15,40041.27,6006.19,51.03,34086.11,UPI,New,Delivered,2.6,
ORD102624,18-01-2025,CUST1200,Customer_2624,Chennai,Home & Kitchen,Skincare Kit,Website,1,3717.37,20,3717.37,743.47,45.09,3018.99,Debit Card,New,Delivered,2.6,
ORD102625,29-05-2025,CUST1463,Customer_2625,Surat,Clothing,T-Shirt,Store,2,4311.21,25,8622.42,2155.6,92.99,6559.81,Credit Card,VIP,Cancelled,3.5,
ORD102626,29-05-2025,CUST1939,Customer_2626,Surat,Sports,Watch,Store,2,938.84,0,1877.68,0,200.92,2078.6,UPI,New,Delivered,1.4,
ORD102627,06-05-2025,CUST1094,Customer_2627,Chennai,Clothing,Headphones,Marketplace,4,11964.39,10,47857.56,4785.76,100.17,43171.97,Debit Card,Returning,Delivered,3.5,
ORD102628,29-10-2025,CUST1936,Customer_2628,Delhi,Sports,Skincare Kit,Mobile App,1,6343.27,15,6343.27,951.49,81.36,5473.14,Cash on Delivery,Returning,Delivered,2.8,
ORD102629,26-12-2025,CUST1352,Customer_2629,Surat,Clothing,Laptop,Marketplace,5,3552.38,0,17761.9,0,153.88,17915.78,Debit Card,New,Delivered,1.8,
ORD102630,26-08-2025,CUST1108,Customer_2630,Delhi,Electronics,Groceries Pack,Mobile App,3,3592.09,10,10776.27,1077.63,195.67,9894.31,Net Banking,New,Returned,4.1,
ORD102631,15-05-2025,CUST1355,Customer_2631,Pune,Accessories,Blender,Store,5,13535.79,5,67678.95,3383.95,97.11,64392.11,Net Banking,Returning,Returned,2.9,
ORD102632,31-05-2025,CUST1469,Customer_2632,Pune,Home & Kitchen,Football,Mobile App,2,12533.66,5,25067.32,1253.37,111.19,23925.14,Cash on Delivery,New,Delivered,3.9,
ORD102633,24-08-2025,CUST1095,Customer_2633,Kolkata,Electronics,Watch,Mobile App,5,8369.93,10,41849.65,4184.96,195.66,37860.35,Cash on Delivery,New,Returned,4.7,
ORD102634,12-08-2025,CUST1868,Customer_2634,Kolkata,Sports,Groceries Pack,Mobile App,2,9299.25,10,18598.5,1859.85,285.35,17024,Credit Card,Returning,Delivered,2.4,
ORD102635,22-07-2025,CUST1091,Customer_2635,Surat,Home & Kitchen,Groceries Pack,Mobile App,2,7193.73,10,14387.46,1438.75,212.18,13160.89,Credit Card,VIP,Delivered,4.6,
ORD102636,13-09-2025,CUST1044,Customer_2636,Pune,Accessories,Football,Mobile App,2,5966.25,10,11932.5,1193.25,241.38,10980.63,Net Banking,Returning,Returned,1.8,
ORD102637,27-03-2025,CUST1456,Customer_2637,Pune,Home & Kitchen,Shoes,Marketplace,2,13744.83,5,27489.66,1374.48,129.04,26244.22,UPI,Returning,Delivered,1.9,
ORD102638,30-05-2025,CUST1955,Customer_2638,Hyderabad,Sports,Shoes,Website,2,2015.35,0,4030.7,0,103.51,4134.21,Credit Card,VIP,Cancelled,3.7,
ORD102639,23-08-2025,CUST1384,Customer_2639,Jaipur,Electronics,Football,Store,4,6363.93,0,25455.72,0,152.65,25608.37,UPI,Returning,Delivered,1.4,
ORD102640,11-12-2025,CUST1023,Customer_2640,Hyderabad,Home & Kitchen,Novel,Marketplace,5,5266.74,0,26333.7,0,247.93,26581.63,Net Banking,VIP,Returned,2.8,
ORD102641,22-01-2025,CUST1702,Customer_2641,Hyderabad,Books,Football,Website,4,7547.54,10,30190.16,3019.02,153.2,27324.34,Credit Card,Returning,Delivered,1.9,
ORD102642,14-12-2025,CUST1023,Customer_2642,Kolkata,Grocery,Watch,Marketplace,4,6945.83,15,27783.32,4167.5,258.62,23874.44,UPI,Returning,Cancelled,3.3,
ORD102643,12-10-2025,CUST1234,Customer_2643,Ahmedabad,Electronics,Shoes,Website,1,7855.51,0,7855.51,0,296.97,8152.48,UPI,Returning,Delivered,4.2,
ORD102644,26-09-2025,CUST1698,Customer_2644,Bengaluru,Electronics,Shoes,Marketplace,1,2227.8,0,2227.8,0,49.45,2277.25,Credit Card,VIP,Delivered,1.2,
ORD102645,15-09-2025,CUST1311,Customer_2645,Surat,Electronics,Novel,Store,1,7770.15,15,7770.15,1165.52,42.26,6646.89,Cash on Delivery,Returning,Delivered,2.7,
ORD102646,29-01-2025,CUST1417,Customer_2646,Surat,Accessories,Groceries Pack,Store,3,3749.92,5,11249.76,562.49,70.39,10757.66,Debit Card,Returning,Delivered,3.9,
ORD102647,01-08-2025,CUST1333,Customer_2647,Mumbai,Home & Kitchen,Football,Mobile App,1,2887.32,25,2887.32,721.83,133.78,2299.27,Cash on Delivery,New,Cancelled,2.4,
ORD102648,10-10-2025,CUST1575,Customer_2648,Kolkata,Beauty,T-Shirt,Website,5,1112.79,15,5563.95,834.59,65.38,4794.74,Debit Card,VIP,Delivered,1.2,
ORD102649,19-02-2025,CUST1103,Customer_2649,Delhi,Grocery,Watch,Marketplace,4,11475.39,5,45901.56,2295.08,265.08,43871.56,UPI,New,Delivered,3.4,
ORD102650,05-04-2025,CUST1500,Customer_2650,Surat,Accessories,Laptop,Mobile App,5,6497.51,5,32487.55,1624.38,36.25,30899.42,Credit Card,New,Cancelled,1.5,
ORD102651,29-03-2025,CUST1828,Customer_2651,Mumbai,Clothing,Blender,Marketplace,1,9455.66,10,9455.66,945.57,115.26,8625.35,Net Banking,Returning,Delivered,2.5,
ORD102652,13-02-2025,CUST1483,Customer_2652,Jaipur,Sports,Skincare Kit,Store,3,10954.76,0,32864.28,0,79.87,32944.15,Credit Card,New,Delivered,5,
ORD102653,05-10-2025,CUST1189,Customer_2653,Bengaluru,Electronics,Groceries Pack,Store,3,10237.85,0,30713.55,0,281.52,30995.07,Cash on Delivery,New,Delivered,2.6,
ORD102654,20-06-2025,CUST1848,Customer_2654,Mumbai,Home & Kitchen,Blender,Website,4,7136.94,0,28547.76,0,210.76,28758.52,Debit Card,New,Returned,4.4,
ORD102655,08-07-2025,CUST1460,Customer_2655,Bengaluru,Sports,Laptop,Marketplace,5,5910.29,15,29551.45,4432.72,276.25,25394.98,Credit Card,New,Delivered,4.4,
ORD102656,19-12-2025,CUST1189,Customer_2656,Chennai,Beauty,Shoes,Marketplace,2,5733,10,11466,1146.6,292.53,10611.93,Debit Card,New,Delivered,2.1,
ORD102657,03-07-2025,CUST1351,Customer_2657,Chennai,Books,Headphones,Mobile App,5,9654.72,0,48273.6,0,164.22,48437.82,Cash on Delivery,Returning,Returned,3.4,
ORD102658,03-01-2025,CUST1581,Customer_2658,Ahmedabad,Accessories,Shoes,Store,1,7497.7,15,7497.7,1124.66,93.27,6466.31,Cash on Delivery,VIP,Returned,4.8,
ORD102659,10-07-2025,CUST1114,Customer_2659,Ahmedabad,Beauty,Football,Mobile App,2,12759.61,5,25519.22,1275.96,82.31,24325.57,Credit Card,New,Cancelled,3.4,
ORD102660,28-04-2025,CUST1104,Customer_2660,Delhi,Home & Kitchen,Groceries Pack,Mobile App,3,13139.32,10,39417.96,3941.8,90.19,35566.35,Net Banking,Returning,Delivered,4.3,
ORD102661,19-01-2025,CUST1620,Customer_2661,Mumbai,Electronics,T-Shirt,Website,4,2682.82,0,10731.28,0,221.32,10952.6,Net Banking,Returning,Delivered,2.9,
ORD102662,23-01-2025,CUST1508,Customer_2662,Delhi,Beauty,T-Shirt,Mobile App,4,2173.07,10,8692.28,869.23,40.92,7863.97,Debit Card,New,Delivered,3.9,
ORD102663,30-01-2025,CUST1345,Customer_2663,Bengaluru,Grocery,Shoes,Website,3,9511.45,25,28534.35,7133.59,43.87,21444.63,Credit Card,Returning,Returned,1.1,
ORD102664,22-10-2025,CUST1021,Customer_2664,Chennai,Accessories,Football,Store,1,4623.2,0,4623.2,0,194.2,4817.4,UPI,New,Delivered,4.1,
ORD102665,18-04-2025,CUST1387,Customer_2665,Mumbai,Beauty,Skincare Kit,Mobile App,3,425.78,5,1277.34,63.87,203.36,1416.83,Cash on Delivery,Returning,Delivered,3.7,
ORD102666,08-10-2025,CUST1944,Customer_2666,Chennai,Beauty,Blender,Mobile App,1,13346.34,0,13346.34,0,209.62,13555.96,Debit Card,New,Delivered,2.4,
ORD102667,08-05-2025,CUST1778,Customer_2667,Pune,Grocery,Shoes,Mobile App,2,3519.48,0,7038.96,0,130.41,7169.37,Cash on Delivery,VIP,Delivered,2.7,
ORD102668,17-08-2025,CUST1855,Customer_2668,Jaipur,Books,Novel,Mobile App,3,13949.82,5,41849.46,2092.47,247.61,40004.6,Debit Card,New,Delivered,2.3,
ORD102669,21-04-2025,CUST1209,Customer_2669,Jaipur,Accessories,Shoes,Store,1,10803.9,20,10803.9,2160.78,174.08,8817.2,Credit Card,Returning,Delivered,3.1,
ORD102670,16-05-2025,CUST1682,Customer_2670,Pune,Accessories,T-Shirt,Website,2,11475.4,20,22950.8,4590.16,58.48,18419.12,Debit Card,New,Cancelled,1.4,
ORD102671,28-12-2025,CUST1483,Customer_2671,Surat,Home & Kitchen,Football,Store,3,3141.7,0,9425.1,0,245.22,9670.32,Debit Card,Returning,Returned,4.4,
ORD102672,05-07-2025,CUST1473,Customer_2672,Jaipur,Sports,Headphones,Website,4,3627.79,10,14511.16,1451.12,287.33,13347.37,UPI,New,Delivered,2.9,
ORD102673,24-05-2025,CUST1706,Customer_2673,Kolkata,Clothing,Shoes,Website,3,7890.83,10,23672.49,2367.25,46.21,21351.45,Debit Card,New,Delivered,1.2,
ORD102674,13-03-2025,CUST1859,Customer_2674,Chennai,Home & Kitchen,Novel,Mobile App,5,2705.68,10,13528.4,1352.84,135.66,12311.22,Net Banking,New,Returned,3.2,
ORD102675,09-05-2025,CUST1942,Customer_2675,Hyderabad,Electronics,Shoes,Mobile App,3,4685.66,10,14056.98,1405.7,161.63,12812.91,Debit Card,New,Returned,4.7,
ORD102676,30-12-2025,CUST1393,Customer_2676,Chennai,Home & Kitchen,Watch,Mobile App,5,4923.72,0,24618.6,0,69.55,24688.15,Debit Card,Returning,Delivered,1.3,
ORD102677,18-09-2025,CUST1635,Customer_2677,Chennai,Home & Kitchen,Football,Website,2,2520.5,10,5041,504.1,264.28,4801.18,Credit Card,New,Delivered,1.5,
ORD102678,03-01-2025,CUST1689,Customer_2678,Delhi,Books,Headphones,Marketplace,3,3196.97,5,9590.91,479.55,106.72,9218.08,Debit Card,Returning,Delivered,2.5,
ORD102679,14-04-2025,CUST1516,Customer_2679,Hyderabad,Clothing,Blender,Marketplace,2,11859.99,15,23719.98,3558,241.41,20403.39,UPI,Returning,Delivered,3.9,
ORD102680,12-08-2025,CUST1188,Customer_2680,Hyderabad,Clothing,Shoes,Marketplace,2,2632.86,15,5265.72,789.86,211.17,4687.03,Credit Card,New,Delivered,3.4,
ORD102681,16-11-2025,CUST1346,Customer_2681,Kolkata,Clothing,Groceries Pack,Store,1,572.59,0,572.59,0,191.47,764.06,Cash on Delivery,New,Delivered,2.8,
ORD102682,28-12-2025,CUST1352,Customer_2682,Ahmedabad,Sports,Football,Website,2,9495.92,0,18991.84,0,81.88,19073.72,Net Banking,VIP,Returned,5,
ORD102683,20-12-2025,CUST1541,Customer_2683,Chennai,Accessories,Groceries Pack,Marketplace,2,14643.35,20,29286.7,5857.34,89.59,23518.95,Net Banking,Returning,Returned,1.7,
ORD102684,10-01-2025,CUST1598,Customer_2684,Ahmedabad,Home & Kitchen,Watch,Website,3,5068.53,10,15205.59,1520.56,42.78,13727.81,Cash on Delivery,New,Delivered,4.3,
ORD102685,29-10-2025,CUST1047,Customer_2685,Surat,Books,Football,Website,3,1912.04,20,5736.12,1147.22,94.99,4683.89,Debit Card,Returning,Delivered,1.5,
ORD102686,19-08-2025,CUST1077,Customer_2686,Bengaluru,Accessories,Headphones,Store,4,8620.25,0,34481,0,123.27,34604.27,UPI,Returning,Delivered,1.7,
ORD102687,07-08-2025,CUST1343,Customer_2687,Chennai,Electronics,Headphones,Mobile App,1,13609.36,10,13609.36,1360.94,254.95,12503.37,UPI,New,Delivered,2.2,
ORD102688,07-03-2025,CUST1191,Customer_2688,Hyderabad,Clothing,Headphones,Mobile App,2,11793.32,10,23586.64,2358.66,128.93,21356.91,UPI,Returning,Returned,4.5,
ORD102689,22-04-2025,CUST1543,Customer_2689,Hyderabad,Grocery,Blender,Store,1,9394.36,20,9394.36,1878.87,233.75,7749.24,UPI,New,Delivered,2.8,
ORD102690,13-01-2025,CUST1819,Customer_2690,Pune,Accessories,Laptop,Store,5,4828.59,0,24142.95,0,148.65,24291.6,Debit Card,New,Delivered,2.6,
ORD102691,27-03-2025,CUST1681,Customer_2691,Chennai,Clothing,Football,Website,2,8196.92,0,16393.84,0,241.91,16635.75,Cash on Delivery,New,Delivered,3,
ORD102692,22-08-2025,CUST1036,Customer_2692,Kolkata,Grocery,Headphones,Marketplace,1,1504.99,5,1504.99,75.25,293.59,1723.33,Cash on Delivery,Returning,Cancelled,3.5,
ORD102693,31-03-2025,CUST1757,Customer_2693,Hyderabad,Accessories,Shoes,Website,4,10232.34,20,40929.36,8185.87,94.76,32838.25,Net Banking,Returning,Delivered,2.7,
ORD102694,10-11-2025,CUST1424,Customer_2694,Surat,Home & Kitchen,Groceries Pack,Website,4,10917.68,25,43670.72,10917.68,262.83,33015.87,Cash on Delivery,New,Delivered,4.9,
ORD102695,23-02-2025,CUST1351,Customer_2695,Chennai,Electronics,Novel,Marketplace,2,14480.72,25,28961.44,7240.36,197.89,21918.97,UPI,New,Returned,1.5,
ORD102696,12-01-2025,CUST1188,Customer_2696,Kolkata,Books,Watch,Mobile App,5,4016.9,25,20084.5,5021.12,250.67,15314.05,Debit Card,Returning,Delivered,2.9,
ORD102697,28-07-2025,CUST1527,Customer_2697,Chennai,Clothing,Headphones,Website,4,424.08,0,1696.32,0,205.93,1902.25,Credit Card,New,Returned,2.7,
ORD102698,14-01-2025,CUST1334,Customer_2698,Hyderabad,Home & Kitchen,Shoes,Mobile App,4,8252.29,0,33009.16,0,144.47,33153.63,Credit Card,Returning,Delivered,3.8,
ORD102699,01-05-2025,CUST1483,Customer_2699,Delhi,Beauty,Shoes,Mobile App,5,10645.84,0,53229.2,0,91.58,53320.78,UPI,New,Delivered,4.9,
ORD102700,20-01-2025,CUST1216,Customer_2700,Ahmedabad,Books,Headphones,Mobile App,1,11887.55,5,11887.55,594.38,48.91,11342.08,Net Banking,Returning,Delivered,2.2,
ORD102701,16-03-2025,CUST1158,Customer_2701,Surat,Grocery,Headphones,Website,4,3027.02,20,12108.08,2421.62,174.59,9861.05,Credit Card,New,Delivered,4.8,
ORD102702,31-08-2025,CUST1926,Customer_2702,Kolkata,Sports,Blender,Marketplace,3,4037.03,20,12111.09,2422.22,297.39,9986.26,UPI,Returning,Delivered,4.3,
ORD102703,11-08-2025,CUST1667,Customer_2703,Chennai,Books,Shoes,Marketplace,4,7761.98,0,31047.92,0,229.27,31277.19,Debit Card,New,Delivered,4.2,
ORD102704,11-03-2025,CUST1241,Customer_2704,Delhi,Home & Kitchen,Novel,Mobile App,1,5059.42,10,5059.42,505.94,118.38,4671.86,Credit Card,Returning,Delivered,1.3,
ORD102705,08-11-2025,CUST1296,Customer_2705,Surat,Accessories,Shoes,Mobile App,1,12928.6,20,12928.6,2585.72,253.35,10596.23,UPI,Returning,Delivered,4.8,
ORD102706,30-07-2025,CUST1462,Customer_2706,Kolkata,Clothing,Novel,Marketplace,2,7185.34,10,14370.68,1437.07,237.63,13171.24,Credit Card,New,Delivered,4.4,
ORD102707,11-04-2025,CUST1045,Customer_2707,Delhi,Books,Blender,Store,3,12023.74,0,36071.22,0,106.04,36177.26,Debit Card,Returning,Delivered,3.7,
ORD102708,05-07-2025,CUST1495,Customer_2708,Delhi,Electronics,Laptop,Store,1,8772.2,10,8772.2,877.22,33.86,7928.84,Cash on Delivery,New,Delivered,1.5,
ORD102709,12-05-2025,CUST1971,Customer_2709,Chennai,Grocery,Groceries Pack,Mobile App,5,11630.39,5,58151.95,2907.6,61.9,55306.25,Cash on Delivery,New,Delivered,2.7,
ORD102710,21-04-2025,CUST1175,Customer_2710,Mumbai,Beauty,Novel,Marketplace,3,5090.19,10,15270.57,1527.06,266.87,14010.38,Debit Card,VIP,Cancelled,4.4,
ORD102711,12-05-2025,CUST1346,Customer_2711,Surat,Electronics,Laptop,Store,3,12496.54,10,37489.62,3748.96,255.87,33996.53,Debit Card,New,Cancelled,2.8,
ORD102712,20-01-2025,CUST1056,Customer_2712,Chennai,Electronics,T-Shirt,Marketplace,5,4227.4,0,21137,0,109.71,21246.71,Cash on Delivery,New,Delivered,2.7,
ORD102713,24-01-2025,CUST1566,Customer_2713,Chennai,Electronics,T-Shirt,Website,4,8259.57,25,33038.28,8259.57,107,24885.71,Debit Card,New,Delivered,2.1,
ORD102714,15-08-2025,CUST1341,Customer_2714,Ahmedabad,Home & Kitchen,Blender,Mobile App,5,3328.01,10,16640.05,1664,244.07,15220.12,Debit Card,Returning,Cancelled,1.2,
ORD102715,03-06-2025,CUST1777,Customer_2715,Surat,Home & Kitchen,Football,Store,5,7211.57,10,36057.85,3605.78,283.19,32735.26,Debit Card,VIP,Delivered,3.1,
ORD102716,20-10-2025,CUST1886,Customer_2716,Mumbai,Books,Laptop,Mobile App,4,4874.9,25,19499.6,4874.9,240.37,14865.07,Cash on Delivery,New,Delivered,4.1,
ORD102717,18-08-2025,CUST1751,Customer_2717,Pune,Grocery,Laptop,Website,4,4110.55,0,16442.2,0,193.51,16635.71,Cash on Delivery,Returning,Delivered,1.6,
ORD102718,06-11-2025,CUST1833,Customer_2718,Bengaluru,Sports,Watch,Marketplace,4,14509.73,0,58038.92,0,95.52,58134.44,Credit Card,New,Delivered,4.6,
ORD102719,25-12-2025,CUST1108,Customer_2719,Delhi,Grocery,Skincare Kit,Mobile App,4,2527.1,20,10108.4,2021.68,171.95,8258.67,Cash on Delivery,New,Returned,3.2,
ORD102720,21-07-2025,CUST1710,Customer_2720,Surat,Beauty,Blender,Store,4,11841.79,5,47367.16,2368.36,93.05,45091.85,Credit Card,Returning,Returned,4.2,
ORD102721,07-02-2025,CUST1897,Customer_2721,Jaipur,Books,T-Shirt,Website,5,14764.85,15,73824.25,11073.64,248.16,62998.77,Cash on Delivery,Returning,Delivered,3.7,
ORD102722,17-09-2025,CUST1214,Customer_2722,Chennai,Electronics,T-Shirt,Store,2,445.54,5,891.08,44.55,134.48,981.01,Net Banking,New,Delivered,1.5,
ORD102723,07-07-2025,CUST1499,Customer_2723,Kolkata,Books,Shoes,Marketplace,2,10530.56,0,21061.12,0,255.1,21316.22,Credit Card,VIP,Cancelled,4.6,
ORD102724,26-02-2025,CUST1758,Customer_2724,Delhi,Grocery,Watch,Store,1,3905.74,10,3905.74,390.57,133.03,3648.2,Debit Card,New,Delivered,3.9,
ORD102725,20-01-2025,CUST1397,Customer_2725,Surat,Clothing,Headphones,Store,2,751.24,0,1502.48,0,252.52,1755,Net Banking,New,Delivered,1.1,
ORD102726,30-09-2025,CUST1550,Customer_2726,Ahmedabad,Books,Groceries Pack,Store,2,6132.91,15,12265.82,1839.87,120,10545.95,Cash on Delivery,VIP,Returned,3.3,
ORD102727,29-04-2025,CUST1497,Customer_2727,Kolkata,Grocery,Shoes,Website,5,14037.98,10,70189.9,7018.99,148.84,63319.75,Cash on Delivery,Returning,Delivered,2.9,
ORD102728,12-03-2025,CUST1173,Customer_2728,Kolkata,Books,Watch,Store,4,324.71,25,1298.84,324.71,196.18,1170.31,Net Banking,Returning,Cancelled,4.4,
ORD102729,04-01-2025,CUST1105,Customer_2729,Ahmedabad,Grocery,T-Shirt,Store,4,8880.1,15,35520.4,5328.06,48.98,30241.32,UPI,Returning,Cancelled,1.5,
ORD102730,09-08-2025,CUST1552,Customer_2730,Jaipur,Electronics,Watch,Website,5,7595.74,0,37978.7,0,286.02,38264.72,Debit Card,New,Delivered,3.4,
ORD102731,14-01-2025,CUST1479,Customer_2731,Surat,Books,Football,Website,2,13119.75,20,26239.5,5247.9,184.87,21176.47,Credit Card,Returning,Cancelled,2.2,
ORD102732,03-01-2025,CUST1399,Customer_2732,Ahmedabad,Accessories,Groceries Pack,Website,5,1397.43,10,6987.15,698.72,167.11,6455.54,Net Banking,New,Delivered,2,
ORD102733,04-08-2025,CUST1434,Customer_2733,Hyderabad,Beauty,Headphones,Marketplace,1,10270.66,15,10270.66,1540.6,256.64,8986.7,Credit Card,Returning,Cancelled,1.1,
ORD102734,17-08-2025,CUST1642,Customer_2734,Kolkata,Electronics,Skincare Kit,Website,4,10249.63,20,40998.52,8199.7,263.76,33062.58,Cash on Delivery,Returning,Delivered,2.3,
ORD102735,02-12-2025,CUST1693,Customer_2735,Delhi,Home & Kitchen,Blender,Marketplace,3,10085.84,10,30257.52,3025.75,171.01,27402.78,UPI,VIP,Delivered,2.6,
ORD102736,05-07-2025,CUST1991,Customer_2736,Hyderabad,Home & Kitchen,Laptop,Website,1,14143.67,10,14143.67,1414.37,280.36,13009.66,UPI,Returning,Delivered,2.8,
ORD102737,24-02-2025,CUST1922,Customer_2737,Delhi,Books,Football,Website,1,12372.85,10,12372.85,1237.29,47.48,11183.04,Credit Card,New,Cancelled,3.9,
ORD102738,11-09-2025,CUST1194,Customer_2738,Pune,Books,Laptop,Mobile App,5,773.29,5,3866.45,193.32,60.57,3733.7,Cash on Delivery,Returning,Delivered,,
ORD102739,24-01-2025,CUST1843,Customer_2739,Chennai,Beauty,Watch,Mobile App,2,7145.58,0,14291.16,0,191.13,14482.29,UPI,New,Returned,1.8,
ORD102740,11-06-2025,CUST1801,Customer_2740,Surat,Accessories,Groceries Pack,Mobile App,4,6059.6,10,24238.4,2423.84,125.6,21940.16,Debit Card,Returning,Delivered,2.6,
ORD102741,07-06-2025,CUST1466,Customer_2741,Bengaluru,Grocery,Shoes,Mobile App,3,4755.69,0,14267.07,0,155.34,14422.41,Cash on Delivery,Returning,Delivered,1.3,
ORD102742,23-03-2025,CUST1341,Customer_2742,Bengaluru,Accessories,Novel,Website,1,6852.35,0,6852.35,0,118.58,6970.93,Net Banking,New,Delivered,4.9,
ORD102743,08-06-2025,CUST1059,Customer_2743,Chennai,Grocery,Laptop,Website,3,5855.28,0,17565.84,0,139.28,17705.12,Net Banking,VIP,Delivered,1.3,
ORD102744,07-07-2025,CUST1863,Customer_2744,Pune,Sports,Blender,Marketplace,2,6570.16,10,13140.32,1314.03,252.11,12078.4,Net Banking,VIP,Returned,1.8,
ORD102745,01-03-2025,CUST1538,Customer_2745,Ahmedabad,Electronics,T-Shirt,Website,2,14692.04,5,29384.08,1469.2,190.24,28105.12,Debit Card,VIP,Returned,2.7,
ORD102746,01-11-2025,CUST1478,Customer_2746,Surat,Beauty,Shoes,Marketplace,3,1466.2,15,4398.6,659.79,299.28,4038.09,Cash on Delivery,New,Delivered,4.7,
ORD102747,15-11-2025,CUST1103,Customer_2747,Mumbai,Books,Shoes,Store,4,13845.13,5,55380.52,2769.03,242.46,52853.95,Credit Card,Returning,Delivered,1.7,
ORD102748,30-07-2025,CUST1533,Customer_2748,Hyderabad,Accessories,Novel,Store,2,7281.52,10,14563.04,1456.3,103.89,13210.63,Credit Card,VIP,Returned,2.6,
ORD102749,01-06-2025,CUST1945,Customer_2749,Kolkata,Accessories,Watch,Website,3,9412.57,5,28237.71,1411.89,101.37,26927.19,Cash on Delivery,Returning,Delivered,5,
ORD102750,19-04-2025,CUST1592,Customer_2750,Chennai,Accessories,Watch,Store,1,12478.22,15,12478.22,1871.73,120.69,10727.18,Debit Card,New,Delivered,3.4,
ORD102751,17-03-2025,CUST1839,Customer_2751,Bengaluru,Books,T-Shirt,Website,3,5502.88,5,16508.64,825.43,257.68,15940.89,Cash on Delivery,Returning,Delivered,3.5,
ORD102752,30-01-2025,CUST1982,Customer_2752,Mumbai,Accessories,Laptop,Marketplace,3,6541.77,25,19625.31,4906.33,37.37,14756.35,Credit Card,VIP,Delivered,4.9,
ORD102753,10-11-2025,CUST1711,Customer_2753,Bengaluru,Books,Blender,Mobile App,5,6231.35,25,31156.75,7789.19,92.15,23459.71,Cash on Delivery,Returning,Delivered,3,
ORD102754,27-04-2025,CUST1322,Customer_2754,Pune,Accessories,Headphones,Store,2,5714.76,20,11429.52,2285.9,274.33,9417.95,Net Banking,New,Delivered,1,
ORD102755,22-12-2025,CUST1549,Customer_2755,Mumbai,Books,Skincare Kit,Website,4,13894.11,25,55576.44,13894.11,202.77,41885.1,Cash on Delivery,New,Returned,1.1,
ORD102756,11-07-2025,CUST1014,Customer_2756,Ahmedabad,Clothing,Shoes,Mobile App,4,12459.61,10,49838.44,4983.84,91.25,44945.85,UPI,Returning,Delivered,3.7,
ORD102757,19-01-2025,CUST1456,Customer_2757,Bengaluru,Books,Groceries Pack,Marketplace,5,1768.65,10,8843.25,884.32,89.17,8048.1,Cash on Delivery,Returning,Delivered,1.8,
ORD102758,22-06-2025,CUST1221,Customer_2758,Hyderabad,Books,Football,Website,4,1755.63,15,7022.52,1053.38,262.91,6232.05,Credit Card,Returning,Cancelled,2.9,
ORD102759,16-08-2025,CUST1876,Customer_2759,Ahmedabad,Clothing,Headphones,Store,3,6503.86,15,19511.58,2926.74,271.31,16856.15,Credit Card,New,Delivered,3.2,
ORD102760,16-12-2025,CUST1391,Customer_2760,Ahmedabad,Sports,Football,Marketplace,5,1615.06,20,8075.3,1615.06,99.16,6559.4,Credit Card,New,Delivered,3.7,
ORD102761,02-07-2025,CUST1678,Customer_2761,Kolkata,Grocery,Watch,Website,1,9343.53,15,9343.53,1401.53,143.54,8085.54,Net Banking,New,Delivered,1.3,
ORD102762,23-04-2025,CUST1173,Customer_2762,Pune,Home & Kitchen,Novel,Store,2,2283.82,25,4567.64,1141.91,255.34,3681.07,Credit Card,New,Returned,4,
ORD102763,02-07-2025,CUST1662,Customer_2763,Mumbai,Books,T-Shirt,Marketplace,2,7907.24,5,15814.48,790.72,238.17,15261.93,UPI,Returning,Delivered,4.7,
ORD102764,26-05-2025,CUST1684,Customer_2764,Mumbai,Grocery,T-Shirt,Marketplace,2,257.22,20,514.44,102.89,249.76,661.31,Cash on Delivery,New,Delivered,2,
ORD102765,15-11-2025,CUST1081,Customer_2765,Bengaluru,Books,Headphones,Mobile App,3,4851.46,15,14554.38,2183.16,169.97,12541.19,Debit Card,Returning,Delivered,2.5,
ORD102766,26-04-2025,CUST1336,Customer_2766,Mumbai,Beauty,Laptop,Mobile App,1,10206.28,15,10206.28,1530.94,276.12,8951.46,Credit Card,Returning,Cancelled,4,
ORD102767,23-04-2025,CUST1225,Customer_2767,Bengaluru,Electronics,T-Shirt,Mobile App,5,7337.98,5,36689.9,1834.5,118.01,34973.41,Cash on Delivery,New,Delivered,2,
ORD102768,08-09-2025,CUST1871,Customer_2768,Hyderabad,Beauty,Watch,Website,5,14677.3,15,73386.5,11007.98,72.3,62450.82,Net Banking,VIP,Delivered,3.2,
ORD102769,08-09-2025,CUST1035,Customer_2769,Chennai,Accessories,Football,Marketplace,2,13130.44,20,26260.88,5252.18,221.36,21230.06,Cash on Delivery,Returning,Delivered,3.6,
ORD102770,30-10-2025,CUST1870,Customer_2770,Hyderabad,Books,Groceries Pack,Mobile App,1,5482.2,0,5482.2,0,175.63,5657.83,Credit Card,Returning,Delivered,4.5,
ORD102771,09-11-2025,CUST1188,Customer_2771,Bengaluru,Accessories,Groceries Pack,Store,1,825.48,10,825.48,82.55,260.74,1003.67,Credit Card,VIP,Delivered,2.4,
ORD102772,28-04-2025,CUST1224,Customer_2772,Surat,Sports,Skincare Kit,Website,1,12707.55,5,12707.55,635.38,51.91,12124.08,Credit Card,New,Returned,3,
ORD102773,28-10-2025,CUST1643,Customer_2773,Delhi,Beauty,Skincare Kit,Mobile App,4,13681.83,25,54727.32,13681.83,257.8,41303.29,UPI,New,Returned,1.7,
ORD102774,10-06-2025,CUST1886,Customer_2774,Bengaluru,Sports,Blender,Website,4,12336.32,10,49345.28,4934.53,109.19,44519.94,Cash on Delivery,New,Cancelled,2.2,
ORD102775,17-07-2025,CUST1963,Customer_2775,Pune,Sports,Headphones,Marketplace,2,2050.06,0,4100.12,0,206.81,4306.93,Debit Card,Returning,Cancelled,1.4,
ORD102776,17-09-2025,CUST1968,Customer_2776,Bengaluru,Books,Football,Store,1,14969.04,5,14969.04,748.45,40.83,14261.42,UPI,Returning,Delivered,1.8,
ORD102777,28-05-2025,CUST1494,Customer_2777,Delhi,Sports,Laptop,Marketplace,1,3989.98,15,3989.98,598.5,194.59,3586.07,Debit Card,Returning,Delivered,2.4,
ORD102778,28-08-2025,CUST1863,Customer_2778,Ahmedabad,Beauty,Skincare Kit,Store,5,10904.44,0,54522.2,0,223.66,54745.86,Credit Card,New,Delivered,2.7,
ORD102779,16-02-2025,CUST1311,Customer_2779,Delhi,Clothing,Shoes,Marketplace,5,13634.32,10,68171.6,6817.16,129.56,61484,Debit Card,New,Returned,3.8,
ORD102780,17-07-2025,CUST1521,Customer_2780,Pune,Electronics,T-Shirt,Website,2,3649.95,25,7299.9,1824.98,88.16,5563.08,Debit Card,New,Returned,2.8,
ORD102781,16-02-2025,CUST1581,Customer_2781,Hyderabad,Sports,Laptop,Marketplace,1,13637.64,20,13637.64,2727.53,175.16,11085.27,UPI,New,Delivered,1.2,
ORD102782,19-03-2025,CUST1540,Customer_2782,Bengaluru,Grocery,Skincare Kit,Store,2,4745.8,0,9491.6,0,254.96,9746.56,UPI,Returning,Delivered,4,
ORD102783,04-05-2025,CUST1911,Customer_2783,Ahmedabad,Books,Football,Website,5,14649.74,25,73248.7,18312.18,117.36,55053.88,Cash on Delivery,Returning,Returned,3.1,
ORD102784,16-03-2025,CUST1369,Customer_2784,Surat,Home & Kitchen,Laptop,Website,5,4326.71,15,21633.55,3245.03,98.17,18486.69,Debit Card,New,Delivered,4.8,
ORD102785,25-12-2025,CUST1475,Customer_2785,Chennai,Sports,Laptop,Store,4,14308.52,0,57234.08,0,105.31,57339.39,UPI,New,Returned,3.5,
ORD102786,17-05-2025,CUST1746,Customer_2786,Kolkata,Grocery,Football,Store,2,945.14,0,1890.28,0,286.27,2176.55,Cash on Delivery,New,Delivered,3.1,
ORD102787,31-03-2025,CUST1031,Customer_2787,Hyderabad,Accessories,Skincare Kit,Website,2,10682.69,0,21365.38,0,127,21492.38,Debit Card,Returning,Delivered,2.2,
ORD102788,21-11-2025,CUST1827,Customer_2788,Hyderabad,Beauty,Football,Store,1,8051.85,20,8051.85,1610.37,30.97,6472.45,Debit Card,VIP,Delivered,1.9,
ORD102789,02-03-2025,CUST1232,Customer_2789,Kolkata,Sports,Novel,Marketplace,1,7246.47,0,7246.47,0,241.05,7487.52,Credit Card,New,Cancelled,1.9,
ORD102790,18-05-2025,CUST1850,Customer_2790,Bengaluru,Home & Kitchen,Novel,Marketplace,4,3468.89,0,13875.56,0,218.8,14094.36,UPI,Returning,Returned,2.6,
ORD102791,19-02-2025,CUST1998,Customer_2791,Pune,Grocery,Groceries Pack,Marketplace,3,10628.1,15,31884.3,4782.65,64.71,27166.36,Net Banking,VIP,Delivered,1.7,
ORD102792,16-09-2025,CUST1497,Customer_2792,Pune,Clothing,Groceries Pack,Website,3,2983.52,10,8950.56,895.06,295.92,8351.42,UPI,New,Delivered,4.4,
ORD102793,17-04-2025,CUST1566,Customer_2793,Pune,Beauty,Football,Marketplace,3,8359.7,15,25079.1,3761.86,194.18,21511.42,Credit Card,VIP,Delivered,4.2,
ORD102794,23-04-2025,CUST1964,Customer_2794,Jaipur,Beauty,Groceries Pack,Website,2,3910.69,15,7821.38,1173.21,165.21,6813.38,Cash on Delivery,Returning,Delivered,3.9,
ORD102795,16-12-2025,CUST1981,Customer_2795,Ahmedabad,Books,Skincare Kit,Store,2,14340.98,0,28681.96,0,133.2,28815.16,UPI,VIP,Delivered,1.2,
ORD102796,11-09-2025,CUST1175,Customer_2796,Surat,Beauty,Groceries Pack,Marketplace,5,575.17,20,2875.85,575.17,272.64,2573.32,Debit Card,Returning,Cancelled,1.3,
ORD102797,28-04-2025,CUST1298,Customer_2797,Surat,Home & Kitchen,Headphones,Website,2,3115.96,0,6231.92,0,95.87,6327.79,Net Banking,New,Delivered,3.5,
ORD102798,17-07-2025,CUST1791,Customer_2798,Delhi,Grocery,Headphones,Mobile App,2,3748.31,10,7496.62,749.66,107.16,6854.12,Cash on Delivery,VIP,Delivered,4,
ORD102799,03-12-2025,CUST1365,Customer_2799,Jaipur,Beauty,Skincare Kit,Marketplace,2,6298.91,10,12597.82,1259.78,63.05,11401.09,UPI,New,Delivered,1.1,
ORD102800,31-12-2025,CUST1086,Customer_2800,Kolkata,Clothing,T-Shirt,Marketplace,4,3606.04,0,14424.16,0,234.96,14659.12,Cash on Delivery,VIP,Delivered,2.2,
ORD102801,20-02-2025,CUST1577,Customer_2801,Mumbai,Electronics,Headphones,Website,2,7446.53,25,14893.06,3723.26,190.8,11360.6,Debit Card,New,Delivered,1.5,
ORD102802,02-09-2025,CUST1089,Customer_2802,Bengaluru,Electronics,Novel,Website,1,13106.11,10,13106.11,1310.61,194.45,11989.95,Net Banking,Returning,Delivered,1.9,
ORD102803,04-02-2025,CUST1054,Customer_2803,Jaipur,Sports,Football,Store,1,10724.14,0,10724.14,0,88.99,10813.13,Debit Card,New,Returned,3.1,
ORD102804,29-10-2025,CUST1630,Customer_2804,Pune,Electronics,Novel,Website,5,8762.44,25,43812.2,10953.05,205.82,33064.97,Net Banking,VIP,Delivered,1.4,
ORD102805,10-03-2025,CUST1361,Customer_2805,Ahmedabad,Home & Kitchen,Skincare Kit,Store,4,1471.7,10,5886.8,588.68,236.67,5534.79,Cash on Delivery,New,Delivered,1.9,
ORD102806,15-12-2025,CUST1476,Customer_2806,Hyderabad,Electronics,Groceries Pack,Mobile App,1,10455.78,15,10455.78,1568.37,126.63,9014.04,UPI,New,Cancelled,3.3,
ORD102807,16-11-2025,CUST1229,Customer_2807,Kolkata,Home & Kitchen,Groceries Pack,Store,4,2621.25,10,10485,1048.5,246.36,9682.86,Net Banking,Returning,Delivered,3,
ORD102808,18-02-2025,CUST1779,Customer_2808,Kolkata,Home & Kitchen,Headphones,Marketplace,4,11827.56,20,47310.24,9462.05,124.17,37972.36,Debit Card,VIP,Delivered,4.4,
ORD102809,15-03-2025,CUST1831,Customer_2809,Ahmedabad,Sports,Watch,Website,5,3863.34,0,19316.7,0,234.7,19551.4,Net Banking,New,Delivered,1.6,
ORD102810,11-07-2025,CUST1534,Customer_2810,Bengaluru,Electronics,Blender,Mobile App,4,6343.17,5,25372.68,1268.63,39.11,24143.16,Cash on Delivery,New,Delivered,2.5,
ORD102811,18-09-2025,CUST1950,Customer_2811,Ahmedabad,Sports,Groceries Pack,Mobile App,2,5354.48,10,10708.96,1070.9,178.81,9816.87,Cash on Delivery,Returning,Delivered,4.7,
ORD102812,22-12-2025,CUST1759,Customer_2812,Chennai,Beauty,T-Shirt,Website,4,12903.39,0,51613.56,0,291.77,51905.33,Cash on Delivery,New,Delivered,4.2,
ORD102813,11-03-2025,CUST1985,Customer_2813,Delhi,Accessories,Blender,Marketplace,5,2029.19,15,10145.95,1521.89,294.94,8919,UPI,Returning,Returned,3.4,
ORD102814,31-03-2025,CUST1373,Customer_2814,Mumbai,Clothing,Novel,Website,5,8549.83,5,42749.15,2137.46,106.07,40717.76,Cash on Delivery,New,Cancelled,4.1,
ORD102815,17-09-2025,CUST1469,Customer_2815,Jaipur,Grocery,Headphones,Website,5,2259.61,5,11298.05,564.9,149.18,10882.33,UPI,Returning,Delivered,2.8,
ORD102816,06-05-2025,CUST1420,Customer_2816,Kolkata,Electronics,Skincare Kit,Website,1,10616.22,0,10616.22,0,47,10663.22,Credit Card,Returning,Delivered,4.6,
ORD102817,19-08-2025,CUST1826,Customer_2817,Chennai,Beauty,Shoes,Store,2,13590.41,15,27180.82,4077.12,265.8,23369.5,Net Banking,New,Delivered,3.4,
ORD102818,22-10-2025,CUST1532,Customer_2818,Hyderabad,Books,Skincare Kit,Mobile App,1,6603.92,20,6603.92,1320.78,183.51,5466.65,Debit Card,Returning,Delivered,3.8,
ORD102819,09-05-2025,CUST1400,Customer_2819,Surat,Grocery,T-Shirt,Mobile App,3,7398.17,5,22194.51,1109.73,133.98,21218.76,UPI,Returning,Delivered,3.6,
ORD102820,07-10-2025,CUST1988,Customer_2820,Hyderabad,Grocery,Skincare Kit,Marketplace,2,13922.23,10,27844.46,2784.45,60.45,25120.46,UPI,New,Delivered,3.7,
ORD102821,09-11-2025,CUST1184,Customer_2821,Kolkata,Grocery,Football,Mobile App,4,7886.72,0,31546.88,0,285.63,31832.51,Debit Card,New,Cancelled,3.6,
ORD102822,10-04-2025,CUST1861,Customer_2822,Pune,Beauty,Watch,Website,5,7390.84,10,36954.2,3695.42,173.16,33431.94,Net Banking,New,Delivered,1.3,
ORD102823,22-11-2025,CUST1562,Customer_2823,Pune,Sports,T-Shirt,Mobile App,3,8738.19,0,26214.57,0,106.39,26320.96,Cash on Delivery,Returning,Cancelled,3.4,
ORD102824,24-10-2025,CUST1090,Customer_2824,Mumbai,Sports,Blender,Marketplace,2,10385.06,10,20770.12,2077.01,124.56,18817.67,Net Banking,New,Returned,4.1,
ORD102825,01-07-2025,CUST1616,Customer_2825,Hyderabad,Grocery,Novel,Store,1,1737.22,10,1737.22,173.72,103.09,1666.59,UPI,VIP,Delivered,1,
ORD102826,23-06-2025,CUST1706,Customer_2826,Hyderabad,Grocery,Headphones,Store,5,12343.49,20,61717.45,12343.49,192.49,49566.45,Cash on Delivery,Returning,Cancelled,4.6,
ORD102827,12-11-2025,CUST1383,Customer_2827,Hyderabad,Clothing,Football,Website,1,6617.25,5,6617.25,330.86,281.09,6567.48,Credit Card,New,Cancelled,4.8,
ORD102828,30-12-2025,CUST1369,Customer_2828,Bengaluru,Clothing,Laptop,Website,2,1224.38,15,2448.76,367.31,261.31,2342.76,Debit Card,Returning,Delivered,1.5,
ORD102829,07-07-2025,CUST1074,Customer_2829,Chennai,Grocery,Football,Mobile App,2,11824.81,10,23649.62,2364.96,154.3,21438.96,Net Banking,Returning,Delivered,3.1,
ORD102830,26-02-2025,CUST1269,Customer_2830,Kolkata,Clothing,Laptop,Mobile App,3,5747.71,25,17243.13,4310.78,253.15,13185.5,Cash on Delivery,VIP,Delivered,1.4,
ORD102831,31-01-2025,CUST1015,Customer_2831,Ahmedabad,Accessories,Shoes,Marketplace,4,1640.46,5,6561.84,328.09,144.24,6377.99,Debit Card,Returning,Delivered,2.1,
ORD102832,25-03-2025,CUST1329,Customer_2832,Delhi,Grocery,Shoes,Website,1,9561.62,5,9561.62,478.08,98.12,9181.66,Net Banking,New,Cancelled,3.5,
ORD102833,01-06-2025,CUST1795,Customer_2833,Surat,Clothing,Blender,Marketplace,3,13219.95,20,39659.85,7931.97,295.52,32023.4,UPI,Returning,Delivered,2.2,
ORD102834,05-02-2025,CUST1392,Customer_2834,Kolkata,Grocery,Headphones,Store,5,13333.14,0,66665.7,0,112.05,66777.75,UPI,Returning,Delivered,2.5,
ORD102835,01-08-2025,CUST1710,Customer_2835,Pune,Sports,Skincare Kit,Mobile App,4,14371.3,0,57485.2,0,117.41,57602.61,UPI,Returning,Delivered,4,
ORD102836,30-12-2025,CUST1996,Customer_2836,Hyderabad,Accessories,Skincare Kit,Website,3,13035.43,0,39106.29,0,297.22,39403.51,Credit Card,VIP,Delivered,3.3,
ORD102837,16-04-2025,CUST1434,Customer_2837,Jaipur,Home & Kitchen,Novel,Mobile App,1,181.79,20,181.79,36.36,66.16,211.59,UPI,New,Delivered,3.1,
ORD102838,08-12-2025,CUST1344,Customer_2838,Kolkata,Sports,Watch,Website,2,5796.58,0,11593.16,0,235.34,11828.5,UPI,New,Returned,2.3,
ORD102839,08-08-2025,CUST1195,Customer_2839,Jaipur,Home & Kitchen,Laptop,Store,5,12305.36,20,61526.8,12305.36,282.67,49504.11,UPI,Returning,Delivered,3.8,
ORD102840,12-06-2025,CUST1922,Customer_2840,Delhi,Sports,Shoes,Marketplace,1,5588.86,10,5588.86,558.89,168.18,5198.15,Cash on Delivery,VIP,Returned,2.7,
ORD102841,08-08-2025,CUST1036,Customer_2841,Surat,Books,Headphones,Website,4,9083,0,36332,0,30.68,36362.68,Debit Card,VIP,Returned,4.6,
ORD102842,27-09-2025,CUST1917,Customer_2842,Ahmedabad,Sports,Novel,Mobile App,4,9153.81,5,36615.24,1830.76,131.27,34915.75,Credit Card,VIP,Delivered,3.4,
ORD102843,30-04-2025,CUST1205,Customer_2843,Pune,Accessories,Shoes,Website,2,5570.63,0,11141.26,0,60.12,11201.38,Net Banking,New,Delivered,3.2,
ORD102844,02-12-2025,CUST1820,Customer_2844,Chennai,Accessories,Novel,Marketplace,2,13581.44,10,27162.88,2716.29,142.37,24588.96,Credit Card,Returning,Delivered,4.2,
ORD102845,01-07-2025,CUST1651,Customer_2845,Mumbai,Clothing,Headphones,Store,5,7622.94,15,38114.7,5717.2,243.31,32640.81,Debit Card,New,Delivered,2.9,
ORD102846,16-04-2025,CUST1776,Customer_2846,Ahmedabad,Home & Kitchen,Shoes,Mobile App,5,7052.05,10,35260.25,3526.02,148.45,31882.68,UPI,New,Delivered,2.1,
ORD102847,05-08-2025,CUST1057,Customer_2847,Bengaluru,Beauty,Groceries Pack,Store,2,14963.08,0,29926.16,0,146.62,30072.78,UPI,New,Cancelled,1.6,
ORD102848,24-07-2025,CUST1110,Customer_2848,Delhi,Books,Blender,Store,2,7478.48,15,14956.96,2243.54,180.33,12893.75,Net Banking,New,Delivered,3.2,
ORD102849,11-03-2025,CUST1686,Customer_2849,Bengaluru,Beauty,Skincare Kit,Marketplace,4,2799.21,20,11196.84,2239.37,187.06,9144.53,Credit Card,New,Delivered,2.7,
ORD102850,13-02-2025,CUST1496,Customer_2850,Ahmedabad,Books,Watch,Website,2,7769.08,15,15538.16,2330.72,261.2,13468.64,Credit Card,New,Delivered,2.6,
ORD102851,25-11-2025,CUST1718,Customer_2851,Mumbai,Beauty,Groceries Pack,Website,3,12238.15,20,36714.45,7342.89,113.26,29484.82,Net Banking,New,Delivered,2.4,
ORD102852,28-10-2025,CUST1225,Customer_2852,Ahmedabad,Clothing,Groceries Pack,Website,1,11686.38,0,11686.38,0,251.85,11938.23,Credit Card,New,Delivered,3.7,
ORD102853,16-08-2025,CUST1386,Customer_2853,Delhi,Beauty,Football,Website,2,11860.44,20,23720.88,4744.18,182.8,19159.5,Credit Card,Returning,Delivered,3.1,
ORD102854,03-07-2025,CUST1064,Customer_2854,Bengaluru,Grocery,Headphones,Mobile App,5,10664.15,5,53320.75,2666.04,111.14,50765.85,Credit Card,New,Delivered,3.1,
ORD102855,17-04-2025,CUST1764,Customer_2855,Ahmedabad,Sports,Football,Store,3,3925.13,0,11775.39,0,109.68,11885.07,Net Banking,Returning,Delivered,2.2,
ORD102856,25-03-2025,CUST1948,Customer_2856,Hyderabad,Accessories,Groceries Pack,Website,5,12951.95,20,64759.75,12951.95,127.51,51935.31,Net Banking,New,Cancelled,3.5,
ORD102857,04-12-2025,CUST1961,Customer_2857,Mumbai,Clothing,Headphones,Store,3,13417.64,25,40252.92,10063.23,198.13,30387.82,Debit Card,Returning,Delivered,2.6,
ORD102858,07-09-2025,CUST1779,Customer_2858,Surat,Grocery,Football,Mobile App,2,3033.17,15,6066.34,909.95,92.32,5248.71,Credit Card,New,Delivered,4.1,
ORD102859,29-12-2025,CUST1902,Customer_2859,Pune,Beauty,Football,Mobile App,1,2087.27,0,2087.27,0,278.49,2365.76,Debit Card,New,Delivered,3.1,
ORD102860,21-01-2025,CUST1352,Customer_2860,Jaipur,Clothing,T-Shirt,Mobile App,5,14637.73,5,73188.65,3659.43,185.23,69714.45,Cash on Delivery,Returning,Delivered,2.2,
ORD102861,15-07-2025,CUST1463,Customer_2861,Bengaluru,Sports,Skincare Kit,Store,3,13044.61,10,39133.83,3913.38,278.4,35498.85,Cash on Delivery,VIP,Delivered,1.6,
ORD102862,27-06-2025,CUST1844,Customer_2862,Pune,Clothing,Novel,Website,4,13414.56,20,53658.24,10731.65,42.53,42969.12,Credit Card,New,Delivered,3.8,
ORD102863,07-01-2025,CUST1320,Customer_2863,Kolkata,Beauty,Watch,Store,2,13312.69,0,26625.38,0,122.51,26747.89,UPI,New,Returned,2.5,
ORD102864,11-03-2025,CUST1357,Customer_2864,Mumbai,Clothing,Novel,Website,1,8194.05,20,8194.05,1638.81,36.16,6591.4,Cash on Delivery,VIP,Delivered,1.3,
ORD102865,07-05-2025,CUST1093,Customer_2865,Mumbai,Books,T-Shirt,Marketplace,2,9749.07,5,19498.14,974.91,103.51,18626.74,UPI,New,Delivered,4.7,
ORD102866,09-06-2025,CUST1695,Customer_2866,Hyderabad,Electronics,Skincare Kit,Website,4,8248.64,20,32994.56,6598.91,262.74,26658.39,Debit Card,New,Delivered,2.5,
ORD102867,05-09-2025,CUST1300,Customer_2867,Hyderabad,Accessories,Headphones,Website,1,910.41,25,910.41,227.6,39.88,722.69,Credit Card,VIP,Delivered,4,
ORD102868,22-07-2025,CUST1726,Customer_2868,Delhi,Beauty,Headphones,Website,4,11220.72,5,44882.88,2244.14,147.76,42786.5,Debit Card,Returning,Delivered,2.8,
ORD102869,28-05-2025,CUST1494,Customer_2869,Kolkata,Sports,Novel,Mobile App,2,7654.18,5,15308.36,765.42,61.74,14604.68,Debit Card,New,Cancelled,4.6,
ORD102870,23-05-2025,CUST1654,Customer_2870,Ahmedabad,Home & Kitchen,Watch,Marketplace,3,9768.48,20,29305.44,5861.09,142.55,23586.9,Net Banking,VIP,Delivered,1.1,
ORD102871,18-07-2025,CUST1595,Customer_2871,Delhi,Clothing,Blender,Website,2,7614.2,10,15228.4,1522.84,256.49,13962.05,Credit Card,Returning,Cancelled,2,
ORD102872,03-06-2025,CUST1389,Customer_2872,Jaipur,Books,Blender,Marketplace,2,7453.4,15,14906.8,2236.02,198.23,12869.01,Net Banking,New,Delivered,3.2,
ORD102873,22-05-2025,CUST1611,Customer_2873,Jaipur,Clothing,Shoes,Store,2,2701.07,10,5402.14,540.21,228.92,5090.85,Debit Card,Returning,Delivered,2.3,
ORD102874,09-11-2025,CUST1793,Customer_2874,Bengaluru,Accessories,Watch,Store,5,4288.9,0,21444.5,0,124.26,21568.76,UPI,Returning,Cancelled,4,
ORD102875,14-06-2025,CUST1434,Customer_2875,Jaipur,Beauty,Shoes,Mobile App,4,2508.96,20,10035.84,2007.17,284.99,8313.66,Credit Card,Returning,Delivered,3.8,
ORD102876,10-11-2025,CUST1102,Customer_2876,Surat,Books,Novel,Store,4,3055.64,0,12222.56,0,221.5,12444.06,Credit Card,VIP,Delivered,1.1,
ORD102877,21-01-2025,CUST1841,Customer_2877,Jaipur,Beauty,T-Shirt,Marketplace,4,14598.71,25,58394.84,14598.71,143.89,43940.02,Cash on Delivery,New,Delivered,3.4,
ORD102878,23-03-2025,CUST1378,Customer_2878,Ahmedabad,Electronics,T-Shirt,Marketplace,5,2423.73,5,12118.65,605.93,145.15,11657.87,UPI,Returning,Delivered,4.3,
ORD102879,10-03-2025,CUST1583,Customer_2879,Delhi,Sports,Novel,Marketplace,3,4148.67,15,12446.01,1866.9,278.04,10857.15,UPI,Returning,Delivered,2.3,
ORD102880,11-05-2025,CUST1885,Customer_2880,Ahmedabad,Accessories,T-Shirt,Marketplace,2,8920.26,5,17840.52,892.03,185.63,17134.12,Debit Card,New,Delivered,1.6,
ORD102881,28-03-2025,CUST1338,Customer_2881,Mumbai,Books,Headphones,Marketplace,3,9211.15,5,27633.45,1381.67,220.72,26472.5,Debit Card,Returning,Cancelled,4,
ORD102882,06-08-2025,CUST1898,Customer_2882,Bengaluru,Books,Blender,Mobile App,5,2436.52,5,12182.6,609.13,142.6,11716.07,Debit Card,Returning,Delivered,4.6,
ORD102883,01-11-2025,CUST1884,Customer_2883,Delhi,Clothing,T-Shirt,Website,4,11936.7,15,47746.8,7162.02,90.4,40675.18,Cash on Delivery,VIP,Delivered,3.6,
ORD102884,11-12-2025,CUST1778,Customer_2884,Hyderabad,Clothing,Skincare Kit,Store,2,11810.26,10,23620.52,2362.05,225.36,21483.83,UPI,VIP,Delivered,4.4,
ORD102885,07-12-2025,CUST1492,Customer_2885,Pune,Accessories,Football,Marketplace,1,3674.17,20,3674.17,734.83,194.11,3133.45,Net Banking,Returning,Returned,5,
ORD102886,10-06-2025,CUST1642,Customer_2886,Pune,Home & Kitchen,T-Shirt,Store,1,4436.69,5,4436.69,221.83,165.36,4380.22,UPI,New,Delivered,3,
ORD102887,27-06-2025,CUST1060,Customer_2887,Surat,Grocery,Groceries Pack,Mobile App,3,14079.12,15,42237.36,6335.6,198.49,36100.25,Net Banking,Returning,Delivered,4.7,
ORD102888,27-04-2025,CUST1813,Customer_2888,Chennai,Books,Watch,Mobile App,4,12411.22,15,49644.88,7446.73,86.24,42284.39,Credit Card,New,Cancelled,2.4,
ORD102889,15-07-2025,CUST1509,Customer_2889,Chennai,Clothing,Laptop,Website,1,10512.29,0,10512.29,0,244.36,10756.65,Net Banking,New,Cancelled,4,
ORD102890,23-11-2025,CUST1392,Customer_2890,Kolkata,Clothing,Football,Mobile App,3,1371.16,5,4113.48,205.67,286,4193.81,Credit Card,Returning,Delivered,4.6,
ORD102891,27-03-2025,CUST1954,Customer_2891,Jaipur,Grocery,Shoes,Website,5,6361.22,10,31806.1,3180.61,270.6,28896.09,Debit Card,Returning,Delivered,3.1,
ORD102892,16-10-2025,CUST1119,Customer_2892,Delhi,Electronics,Football,Marketplace,3,8455.63,5,25366.89,1268.34,116.79,24215.34,UPI,Returning,Delivered,3.5,
ORD102893,22-03-2025,CUST1775,Customer_2893,Mumbai,Home & Kitchen,Groceries Pack,Mobile App,3,2933.06,5,8799.18,439.96,139.62,8498.84,Debit Card,VIP,Delivered,4.9,
ORD102894,01-06-2025,CUST1995,Customer_2894,Ahmedabad,Accessories,Groceries Pack,Store,3,6806.16,15,20418.48,3062.77,248.27,17603.98,UPI,New,Delivered,2,
ORD102895,02-03-2025,CUST1471,Customer_2895,Surat,Grocery,Laptop,Mobile App,2,9075.23,0,18150.46,0,190.68,18341.14,Net Banking,New,Delivered,2.4,
ORD102896,02-03-2025,CUST1328,Customer_2896,Hyderabad,Accessories,Watch,Mobile App,3,5011.54,15,15034.62,2255.19,177.94,12957.37,UPI,Returning,Cancelled,4.1,
ORD102897,20-12-2025,CUST1021,Customer_2897,Bengaluru,Clothing,Shoes,Marketplace,3,11747.03,25,35241.09,8810.27,280.19,26711.01,Net Banking,Returning,Delivered,2.4,
ORD102898,28-01-2025,CUST1097,Customer_2898,Delhi,Accessories,Football,Website,2,12630.68,10,25261.36,2526.14,174.73,22909.95,UPI,New,Delivered,3,
ORD102899,12-02-2025,CUST1815,Customer_2899,Mumbai,Clothing,Watch,Website,2,4955.6,10,9911.2,991.12,169.03,9089.11,Credit Card,New,Delivered,1.2,
ORD102900,18-06-2025,CUST1513,Customer_2900,Mumbai,Sports,Skincare Kit,Mobile App,5,12604.06,0,63020.3,0,41.35,63061.65,Net Banking,New,Cancelled,3.3,
ORD102901,27-03-2025,CUST1908,Customer_2901,Bengaluru,Books,Groceries Pack,Store,4,1688.11,20,6752.44,1350.49,48.74,5450.69,Debit Card,Returning,Cancelled,3.5,
ORD102902,26-06-2025,CUST1715,Customer_2902,Ahmedabad,Clothing,Football,Mobile App,1,12590.28,5,12590.28,629.51,32,11992.77,Debit Card,VIP,Delivered,1.3,
ORD102903,17-01-2025,CUST1944,Customer_2903,Hyderabad,Electronics,T-Shirt,Store,1,2418.34,10,2418.34,241.83,276.58,2453.09,Debit Card,New,Delivered,2,
ORD102904,08-04-2025,CUST1640,Customer_2904,Surat,Clothing,Football,Marketplace,3,1381.47,25,4144.41,1036.1,140.26,3248.57,Debit Card,New,Delivered,2.7,
ORD102905,17-07-2025,CUST1350,Customer_2905,Pune,Books,Watch,Marketplace,5,9680.36,10,48401.8,4840.18,156.51,43718.13,Credit Card,New,Returned,4.1,
ORD102906,08-04-2025,CUST1132,Customer_2906,Surat,Clothing,Blender,Website,3,7158.27,15,21474.81,3221.22,258.25,18511.84,Credit Card,New,Returned,1.1,
ORD102907,06-03-2025,CUST1546,Customer_2907,Kolkata,Grocery,Headphones,Store,1,13632.18,10,13632.18,1363.22,194.5,12463.46,Cash on Delivery,New,Delivered,2.3,
ORD102908,26-11-2025,CUST1599,Customer_2908,Mumbai,Beauty,Watch,Mobile App,2,5543.36,0,11086.72,0,194.57,11281.29,Cash on Delivery,New,Delivered,1,
ORD102909,07-12-2025,CUST1032,Customer_2909,Kolkata,Clothing,T-Shirt,Mobile App,4,4414.21,15,17656.84,2648.53,110.06,15118.37,Cash on Delivery,Returning,Delivered,3.1,
ORD102910,05-01-2025,CUST1259,Customer_2910,Kolkata,Home & Kitchen,Skincare Kit,Mobile App,5,7585.91,0,37929.55,0,255.16,38184.71,Cash on Delivery,New,Delivered,3,
ORD102911,02-01-2025,CUST1476,Customer_2911,Surat,Books,Skincare Kit,Mobile App,2,6920.8,15,13841.6,2076.24,74.77,11840.13,UPI,Returning,Cancelled,4,
ORD102912,22-01-2025,CUST1836,Customer_2912,Kolkata,Accessories,Football,Marketplace,4,5264.76,0,21059.04,0,44.35,21103.39,Net Banking,New,Delivered,1,
ORD102913,22-04-2025,CUST1825,Customer_2913,Surat,Books,Skincare Kit,Store,5,10452.06,20,52260.3,10452.06,81.73,41889.97,Debit Card,Returning,Delivered,4,
ORD102914,26-02-2025,CUST1882,Customer_2914,Surat,Beauty,Groceries Pack,Marketplace,5,11429.49,0,57147.45,0,102.29,57249.74,UPI,VIP,Delivered,4.6,
ORD102915,07-03-2025,CUST1972,Customer_2915,Bengaluru,Home & Kitchen,Blender,Store,1,12816.81,10,12816.81,1281.68,106.22,11641.35,Credit Card,New,Delivered,2.3,
ORD102916,26-11-2025,CUST1920,Customer_2916,Pune,Home & Kitchen,Blender,Website,2,14596.92,10,29193.84,2919.38,211.04,26485.5,Debit Card,New,Cancelled,2.3,
ORD102917,08-04-2025,CUST1033,Customer_2917,Jaipur,Books,Novel,Store,5,4109.84,10,20549.2,2054.92,88.81,18583.09,Net Banking,New,Delivered,1,
ORD102918,24-05-2025,CUST1899,Customer_2918,Jaipur,Electronics,Novel,Mobile App,5,10783.99,5,53919.95,2696,212.7,51436.65,Net Banking,New,Delivered,2.7,
ORD102919,05-05-2025,CUST1388,Customer_2919,Ahmedabad,Accessories,Laptop,Marketplace,4,6004.73,10,24018.92,2401.89,54.61,21671.64,Credit Card,New,Cancelled,3.5,
ORD102920,16-06-2025,CUST1798,Customer_2920,Surat,Clothing,T-Shirt,Mobile App,1,10204.67,5,10204.67,510.23,69.74,9764.18,Debit Card,Returning,Delivered,1.5,
ORD102921,27-03-2025,CUST1838,Customer_2921,Ahmedabad,Home & Kitchen,Skincare Kit,Store,3,7218.33,10,21654.99,2165.5,167.38,19656.87,Cash on Delivery,Returning,Returned,3.6,
ORD102922,17-03-2025,CUST1561,Customer_2922,Surat,Clothing,Skincare Kit,Store,1,14907.53,5,14907.53,745.38,278.91,14441.06,Debit Card,New,Delivered,2.5,
ORD102923,10-12-2025,CUST1798,Customer_2923,Hyderabad,Accessories,Laptop,Website,3,10974.2,10,32922.6,3292.26,262.08,29892.42,Debit Card,Returning,Delivered,3.7,
ORD102924,21-10-2025,CUST1456,Customer_2924,Chennai,Clothing,Headphones,Store,2,14294.5,0,28589,0,291.56,28880.56,Net Banking,New,Returned,2,
ORD102925,28-02-2025,CUST1594,Customer_2925,Mumbai,Accessories,Watch,Store,2,12549.3,25,25098.6,6274.65,205.63,19029.58,Credit Card,New,Delivered,4.1,
ORD102926,18-05-2025,CUST1144,Customer_2926,Mumbai,Grocery,Football,Mobile App,5,13558.08,10,67790.4,6779.04,212.47,61223.83,Debit Card,Returning,Cancelled,3.2,
ORD102927,09-04-2025,CUST1949,Customer_2927,Pune,Electronics,Laptop,Store,2,12244.13,0,24488.26,0,198.76,24687.02,UPI,New,Returned,3.1,
ORD102928,11-07-2025,CUST1902,Customer_2928,Kolkata,Electronics,Watch,Store,5,6968.51,10,34842.55,3484.26,198.16,31556.45,UPI,Returning,Returned,3,
ORD102929,31-08-2025,CUST1792,Customer_2929,Pune,Home & Kitchen,Blender,Marketplace,1,3889.06,20,3889.06,777.81,69.72,3180.97,Credit Card,VIP,Delivered,4.4,
ORD102930,15-11-2025,CUST1883,Customer_2930,Jaipur,Home & Kitchen,Laptop,Marketplace,2,5649.25,0,11298.5,0,176.81,11475.31,Cash on Delivery,Returning,Delivered,3.2,
ORD102931,18-02-2025,CUST1604,Customer_2931,Jaipur,Books,Skincare Kit,Website,1,450.51,15,450.51,67.58,134.24,517.17,Debit Card,New,Delivered,1.6,
ORD102932,01-02-2025,CUST1224,Customer_2932,Pune,Grocery,Football,Website,1,7931.3,10,7931.3,793.13,149.49,7287.66,Debit Card,Returning,Delivered,3.5,
ORD102933,04-10-2025,CUST1217,Customer_2933,Jaipur,Grocery,Novel,Mobile App,2,7650.11,0,15300.22,0,171.37,15471.59,Net Banking,New,Delivered,3.1,
ORD102934,20-01-2025,CUST1156,Customer_2934,Jaipur,Beauty,T-Shirt,Mobile App,1,7949.97,20,7949.97,1589.99,64.67,6424.65,Debit Card,VIP,Delivered,1.3,
ORD102935,03-06-2025,CUST1789,Customer_2935,Pune,Clothing,T-Shirt,Marketplace,2,14614.36,5,29228.72,1461.44,127.06,27894.34,Cash on Delivery,VIP,Delivered,3.3,
ORD102936,09-03-2025,CUST1520,Customer_2936,Pune,Accessories,Laptop,Marketplace,2,13685.09,5,27370.18,1368.51,47.13,26048.8,Debit Card,New,Delivered,1.3,
ORD102937,02-08-2025,CUST1036,Customer_2937,Bengaluru,Books,T-Shirt,Marketplace,2,2551.43,20,5102.86,1020.57,294.51,4376.8,Debit Card,VIP,Returned,3.9,
ORD102938,23-05-2025,CUST1636,Customer_2938,Ahmedabad,Clothing,Blender,Website,3,5627.91,10,16883.73,1688.37,62,15257.36,Net Banking,New,Delivered,3.6,
ORD102939,20-08-2025,CUST1009,Customer_2939,Kolkata,Electronics,Skincare Kit,Website,1,6445.75,20,6445.75,1289.15,99.8,5256.4,UPI,New,Cancelled,3,
ORD102940,01-08-2025,CUST1040,Customer_2940,Mumbai,Electronics,T-Shirt,Store,4,5503.91,10,22015.64,2201.56,270.65,20084.73,UPI,New,Delivered,4,
ORD102941,20-03-2025,CUST1469,Customer_2941,Ahmedabad,Grocery,Shoes,Website,2,12007.67,15,24015.34,3602.3,160.33,20573.37,Cash on Delivery,New,Returned,2.1,
ORD102942,02-08-2025,CUST1179,Customer_2942,Hyderabad,Books,Blender,Store,1,7931.96,20,7931.96,1586.39,66.62,6412.19,Credit Card,VIP,Delivered,2.8,
ORD102943,26-04-2025,CUST1641,Customer_2943,Pune,Home & Kitchen,Blender,Mobile App,5,8645.68,0,43228.4,0,133.74,43362.14,Credit Card,New,Delivered,1.1,
ORD102944,02-04-2025,CUST1959,Customer_2944,Ahmedabad,Beauty,Groceries Pack,Website,2,12817.25,15,25634.5,3845.18,61.28,21850.6,Net Banking,Returning,Returned,5,
ORD102945,27-09-2025,CUST1501,Customer_2945,Chennai,Grocery,Novel,Mobile App,2,12118.03,10,24236.06,2423.61,84.06,21896.51,Debit Card,VIP,Delivered,1.2,
ORD102946,17-06-2025,CUST1373,Customer_2946,Chennai,Beauty,Laptop,Store,4,2113.34,0,8453.36,0,44.05,8497.41,Net Banking,Returning,Delivered,1.4,
ORD102947,27-02-2025,CUST1068,Customer_2947,Delhi,Electronics,Headphones,Mobile App,3,10751.63,10,32254.89,3225.49,148.32,29177.72,UPI,New,Delivered,3,
ORD102948,11-10-2025,CUST1970,Customer_2948,Jaipur,Electronics,Blender,Mobile App,3,6616.23,0,19848.69,0,247.79,20096.48,Cash on Delivery,Returning,Delivered,2.5,
ORD102949,26-01-2025,CUST1666,Customer_2949,Hyderabad,Beauty,T-Shirt,Website,2,4525.54,15,9051.08,1357.66,188.21,7881.63,Credit Card,Returning,Delivered,3.1,
ORD102950,07-03-2025,CUST1424,Customer_2950,Bengaluru,Beauty,Football,Store,1,892.78,10,892.78,89.28,193.71,997.21,Debit Card,Returning,Delivered,4.3,
ORD102951,05-09-2025,CUST1515,Customer_2951,Surat,Accessories,Skincare Kit,Store,5,7385.66,25,36928.3,9232.08,84.16,27780.38,Credit Card,New,Delivered,1.6,
ORD102952,11-09-2025,CUST1364,Customer_2952,Surat,Home & Kitchen,Headphones,Marketplace,5,5428.23,0,27141.15,0,122.85,27264,UPI,Returning,Delivered,3.6,
ORD102953,13-02-2025,CUST1890,Customer_2953,Surat,Beauty,Novel,Website,1,3884.97,10,3884.97,388.5,258.22,3754.69,Debit Card,Returning,Delivered,1.1,
ORD102954,07-04-2025,CUST1777,Customer_2954,Delhi,Clothing,Blender,Website,2,10465.88,0,20931.76,0,53.72,20985.48,UPI,Returning,Delivered,4.2,
ORD102955,11-02-2025,CUST1928,Customer_2955,Ahmedabad,Beauty,Skincare Kit,Store,5,11576.86,10,57884.3,5788.43,261.64,52357.51,Credit Card,VIP,Delivered,4.3,
ORD102956,15-08-2025,CUST1451,Customer_2956,Mumbai,Sports,Novel,Website,3,3785.12,15,11355.36,1703.3,160.6,9812.66,Credit Card,New,Cancelled,2.5,
ORD102957,19-09-2025,CUST1516,Customer_2957,Mumbai,Beauty,Skincare Kit,Mobile App,1,884.29,15,884.29,132.64,256.03,1007.68,UPI,New,Delivered,1.7,
ORD102958,16-06-2025,CUST1774,Customer_2958,Pune,Electronics,Watch,Marketplace,4,12753.98,20,51015.92,10203.18,115.86,40928.6,Debit Card,Returning,Delivered,4.2,
ORD102959,06-10-2025,CUST1329,Customer_2959,Bengaluru,Electronics,T-Shirt,Store,2,297.9,20,595.8,119.16,121.49,598.13,UPI,New,Cancelled,4.6,
ORD102960,30-03-2025,CUST1794,Customer_2960,Mumbai,Grocery,Football,Website,1,14066.12,0,14066.12,0,232.93,14299.05,Debit Card,New,Delivered,1.3,
ORD102961,27-06-2025,CUST1898,Customer_2961,Kolkata,Accessories,Shoes,Website,5,9470.16,5,47350.8,2367.54,241.95,45225.21,Net Banking,New,Delivered,3.3,
ORD102962,16-07-2025,CUST1962,Customer_2962,Chennai,Sports,Skincare Kit,Mobile App,2,4929.42,15,9858.84,1478.83,92,8472.01,Net Banking,Returning,Delivered,4.8,
ORD102963,03-11-2025,CUST1370,Customer_2963,Jaipur,Clothing,Skincare Kit,Website,3,3810.2,10,11430.6,1143.06,292.68,10580.22,Debit Card,VIP,Delivered,3.6,
ORD102964,24-09-2025,CUST1597,Customer_2964,Jaipur,Beauty,Blender,Website,2,283.73,0,567.46,0,52.81,620.27,UPI,New,Delivered,4.3,
ORD102965,25-09-2025,CUST1854,Customer_2965,Mumbai,Beauty,Laptop,Mobile App,2,3646.75,10,7293.5,729.35,48.5,6612.65,Debit Card,New,Delivered,1.9,
ORD102966,15-03-2025,CUST1387,Customer_2966,Pune,Sports,Novel,Website,3,2195.27,5,6585.81,329.29,190.79,6447.31,Credit Card,New,Delivered,1.4,
ORD102967,08-01-2025,CUST1547,Customer_2967,Delhi,Grocery,Watch,Marketplace,3,9240.67,5,27722.01,1386.1,225.14,26561.05,UPI,Returning,Delivered,2.5,
ORD102968,24-10-2025,CUST1114,Customer_2968,Surat,Home & Kitchen,Headphones,Mobile App,2,2623.2,20,5246.4,1049.28,289.44,4486.56,Debit Card,Returning,Cancelled,2.6,
ORD102969,13-06-2025,CUST1571,Customer_2969,Kolkata,Accessories,Shoes,Store,3,8000.15,5,24000.45,1200.02,139.34,22939.77,Credit Card,New,Delivered,4.1,
ORD102970,26-03-2025,CUST1038,Customer_2970,Kolkata,Accessories,T-Shirt,Marketplace,1,8913.23,0,8913.23,0,36.83,8950.06,Cash on Delivery,Returning,Delivered,2.6,
ORD102971,13-03-2025,CUST1545,Customer_2971,Hyderabad,Home & Kitchen,Skincare Kit,Website,3,4575.92,0,13727.76,0,192.78,13920.54,Credit Card,New,Delivered,1.9,
ORD102972,24-02-2025,CUST1377,Customer_2972,Bengaluru,Grocery,Laptop,Mobile App,3,670.71,20,2012.13,402.43,108.22,1717.92,Debit Card,VIP,Delivered,4.5,
ORD102973,16-02-2025,CUST1399,Customer_2973,Jaipur,Clothing,Groceries Pack,Mobile App,2,703.22,25,1406.44,351.61,146.9,1201.73,UPI,VIP,Cancelled,4.1,
ORD102974,26-08-2025,CUST1203,Customer_2974,Pune,Beauty,Blender,Website,1,541.26,15,541.26,81.19,161.89,621.96,UPI,VIP,Delivered,3.7,
ORD102975,14-04-2025,CUST1202,Customer_2975,Delhi,Beauty,Blender,Store,4,11126,5,44504,2225.2,47.42,42326.22,Net Banking,New,Returned,1.8,
ORD102976,29-07-2025,CUST1100,Customer_2976,Jaipur,Beauty,Shoes,Marketplace,4,4872.44,25,19489.76,4872.44,161.22,14778.54,Debit Card,Returning,Delivered,1.8,
ORD102977,11-02-2025,CUST1398,Customer_2977,Hyderabad,Grocery,Shoes,Website,5,11975.06,15,59875.3,8981.3,145.11,51039.11,Credit Card,New,Delivered,3,
ORD102978,12-11-2025,CUST1450,Customer_2978,Pune,Electronics,Laptop,Store,3,6561.23,20,19683.69,3936.74,222.39,15969.34,Credit Card,Returning,Delivered,3.1,
ORD102979,25-09-2025,CUST1813,Customer_2979,Ahmedabad,Books,Groceries Pack,Mobile App,3,6877.02,15,20631.06,3094.66,204.33,17740.73,Debit Card,New,Delivered,2,
ORD102980,20-09-2025,CUST1816,Customer_2980,Delhi,Home & Kitchen,Groceries Pack,Mobile App,1,7766.31,5,7766.31,388.32,80.01,7458,Credit Card,Returning,Delivered,1.5,
ORD102981,02-12-2025,CUST1940,Customer_2981,Chennai,Grocery,Shoes,Mobile App,4,10738.52,10,42954.08,4295.41,85.66,38744.33,Cash on Delivery,Returning,Delivered,2.5,
ORD102982,31-12-2025,CUST1118,Customer_2982,Delhi,Books,Watch,Website,5,4211.52,0,21057.6,0,97.77,21155.37,Net Banking,Returning,Returned,2.7,
ORD102983,16-09-2025,CUST1421,Customer_2983,Ahmedabad,Accessories,Watch,Store,1,1955.57,5,1955.57,97.78,78.32,1936.11,UPI,Returning,Returned,1.2,
ORD102984,10-10-2025,CUST1243,Customer_2984,Jaipur,Sports,Shoes,Website,3,8407.45,15,25222.35,3783.35,207.45,21646.45,Credit Card,Returning,Returned,3.3,
ORD102985,24-04-2025,CUST1541,Customer_2985,Chennai,Books,Football,Website,4,5005.62,20,20022.48,4004.5,298.5,16316.48,Cash on Delivery,New,Delivered,1,
ORD102986,29-12-2025,CUST1227,Customer_2986,Pune,Electronics,Shoes,Marketplace,5,6721,15,33605,5040.75,206.07,28770.32,Debit Card,Returning,Delivered,1.6,
ORD102987,09-02-2025,CUST1501,Customer_2987,Surat,Accessories,Laptop,Marketplace,2,9757.16,10,19514.32,1951.43,193.8,17756.69,Credit Card,VIP,Delivered,1.6,
ORD102988,08-08-2025,CUST1852,Customer_2988,Pune,Electronics,Groceries Pack,Marketplace,4,7487.77,0,29951.08,0,140.68,30091.76,Debit Card,Returning,Cancelled,3.8,
ORD102989,09-05-2025,CUST1213,Customer_2989,Hyderabad,Accessories,Headphones,Store,5,9361.14,0,46805.7,0,114.4,46920.1,Cash on Delivery,Returning,Cancelled,2.9,
ORD102990,08-01-2025,CUST1930,Customer_2990,Chennai,Home & Kitchen,Blender,Mobile App,1,8231.37,5,8231.37,411.57,275.99,8095.79,Cash on Delivery,VIP,Delivered,4.3,
ORD102991,11-04-2025,CUST1699,Customer_2991,Delhi,Beauty,Shoes,Marketplace,2,11135.98,10,22271.96,2227.2,291.63,20336.39,UPI,Returning,Cancelled,2.1,
ORD102992,25-06-2025,CUST1113,Customer_2992,Bengaluru,Clothing,Novel,Mobile App,5,10633.16,10,53165.8,5316.58,164.13,48013.35,Debit Card,VIP,Delivered,1.8,
ORD102993,17-04-2025,CUST1373,Customer_2993,Ahmedabad,Books,Skincare Kit,Store,5,8082.72,0,40413.6,0,108.35,40521.95,Net Banking,New,Delivered,4.2,
ORD102994,11-04-2025,CUST1299,Customer_2994,Chennai,Accessories,Football,Marketplace,3,10231.71,25,30695.13,7673.78,237.93,23259.28,UPI,Returning,Cancelled,2.8,
ORD102995,17-09-2025,CUST1673,Customer_2995,Surat,Accessories,Headphones,Marketplace,4,13122.36,5,52489.44,2624.47,65.76,49930.73,Debit Card,New,Delivered,2.1,
ORD102996,03-09-2025,CUST1019,Customer_2996,Mumbai,Grocery,Shoes,Mobile App,3,6569.23,20,19707.69,3941.54,236.71,16002.86,Debit Card,Returning,Delivered,2.7,
ORD102997,02-10-2025,CUST1776,Customer_2997,Chennai,Grocery,Shoes,Website,2,6279.53,10,12559.06,1255.91,251.12,11554.27,Cash on Delivery,New,Delivered,2.7,
ORD102998,01-02-2025,CUST1671,Customer_2998,Hyderabad,Accessories,Headphones,Store,5,11499.05,0,57495.25,0,63.72,57558.97,Cash on Delivery,New,Returned,3.3,
ORD102999,17-05-2025,CUST1011,Customer_2999,Bengaluru,Sports,Watch,Store,3,8800.92,15,26402.76,3960.41,293.75,22736.1,Debit Card,New,Returned,1.2,
ORD103000,12-01-2025,CUST1008,Customer_3000,Mumbai,Home & Kitchen,Shoes,Marketplace,4,1204.45,15,4817.8,722.67,296.09,4391.22,Cash on Delivery,New,Cancelled,2,
ORD103001,29-10-2025,CUST1153,Customer_3001,Chennai,Clothing,Groceries Pack,Store,2,13397.86,10,26795.72,2679.57,282.91,24399.06,Debit Card,New,Delivered,2.9,
ORD103002,16-01-2025,CUST1625,Customer_3002,Chennai,Home & Kitchen,Novel,Mobile App,1,607.13,10,607.13,60.71,163.93,710.35,Debit Card,Returning,Returned,3.2,
ORD103003,09-05-2025,CUST1660,Customer_3003,Pune,Home & Kitchen,Laptop,Website,3,11263.69,0,33791.07,0,96.44,33887.51,UPI,New,Cancelled,1.6,
ORD103004,04-03-2025,CUST1550,Customer_3004,Kolkata,Home & Kitchen,Novel,Website,2,11418.09,15,22836.18,3425.43,187.14,19597.89,UPI,New,Cancelled,1.8,
ORD103005,19-04-2025,CUST1135,Customer_3005,Delhi,Home & Kitchen,Groceries Pack,Store,1,14303.7,20,14303.7,2860.74,143.38,11586.34,Net Banking,New,Delivered,3.9,
ORD103006,21-01-2025,CUST1373,Customer_3006,Kolkata,Beauty,Novel,Website,3,953.9,0,2861.7,0,85.61,2947.31,UPI,New,Cancelled,4.1,
ORD103007,07-06-2025,CUST1461,Customer_3007,Pune,Grocery,Watch,Mobile App,2,9013.32,5,18026.64,901.33,144.39,17269.7,Credit Card,VIP,Delivered,1.3,
ORD103008,26-09-2025,CUST1935,Customer_3008,Mumbai,Electronics,Laptop,Marketplace,2,6503.43,20,13006.86,2601.37,209.25,10614.74,Credit Card,Returning,Delivered,5,
ORD103009,11-06-2025,CUST1235,Customer_3009,Kolkata,Grocery,Novel,Marketplace,3,5059.9,5,15179.7,758.98,49.15,14469.87,Cash on Delivery,Returning,Delivered,2.7,
ORD103010,17-09-2025,CUST1255,Customer_3010,Ahmedabad,Grocery,Blender,Store,2,1491.23,15,2982.46,447.37,120.02,2655.11,Credit Card,New,Delivered,3.3,
ORD103011,12-04-2025,CUST1586,Customer_3011,Ahmedabad,Books,Groceries Pack,Store,5,8505.41,10,42527.05,4252.7,34.8,38309.15,UPI,New,Delivered,3.4,
ORD103012,11-08-2025,CUST1328,Customer_3012,Chennai,Home & Kitchen,Groceries Pack,Store,3,7263.75,10,21791.25,2179.12,232.36,19844.49,Net Banking,New,Delivered,2.4,
ORD103013,28-02-2025,CUST1362,Customer_3013,Delhi,Clothing,Skincare Kit,Marketplace,2,1702.63,5,3405.26,170.26,202.99,3437.99,Debit Card,Returning,Returned,3.2,
ORD103014,04-09-2025,CUST1374,Customer_3014,Jaipur,Books,T-Shirt,Store,1,9245.47,5,9245.47,462.27,46.92,8830.12,Net Banking,Returning,Delivered,,
ORD103015,08-05-2025,CUST1788,Customer_3015,Chennai,Accessories,Football,Website,1,11108.6,0,11108.6,0,290.48,11399.08,UPI,VIP,Delivered,4,
ORD103016,10-10-2025,CUST1209,Customer_3016,Chennai,Clothing,T-Shirt,Marketplace,5,11544.08,15,57720.4,8658.06,36.11,49098.45,UPI,New,Delivered,3.6,
ORD103017,21-11-2025,CUST1267,Customer_3017,Ahmedabad,Clothing,Football,Mobile App,3,13594.79,15,40784.37,6117.66,189.29,34856,UPI,New,Delivered,2.8,
ORD103018,25-01-2025,CUST1656,Customer_3018,Ahmedabad,Electronics,Novel,Store,2,6230.64,15,12461.28,1869.19,239.62,10831.71,Cash on Delivery,New,Delivered,1.8,
ORD103019,11-05-2025,CUST1997,Customer_3019,Mumbai,Electronics,Blender,Marketplace,2,14303.13,10,28606.26,2860.63,242.73,25988.36,Credit Card,Returning,Delivered,1.1,
ORD103020,19-12-2025,CUST1554,Customer_3020,Mumbai,Clothing,Blender,Store,1,13001.63,0,13001.63,0,39.26,13040.89,UPI,New,Delivered,3.6,
ORD103021,15-07-2025,CUST1736,Customer_3021,Pune,Beauty,Shoes,Marketplace,5,4553.05,0,22765.25,0,274.73,23039.98,Debit Card,Returning,Delivered,2.9,
ORD103022,08-10-2025,CUST1858,Customer_3022,Kolkata,Electronics,T-Shirt,Marketplace,1,2515.35,20,2515.35,503.07,277.98,2290.26,Credit Card,VIP,Delivered,4.9,
ORD103023,03-06-2025,CUST1506,Customer_3023,Chennai,Electronics,Novel,Marketplace,1,6615.53,10,6615.53,661.55,181.58,6135.56,Credit Card,Returning,Delivered,1.4,
ORD103024,13-05-2025,CUST1564,Customer_3024,Mumbai,Beauty,Skincare Kit,Mobile App,5,6118.2,5,30591,1529.55,160.16,29221.61,Cash on Delivery,New,Delivered,1.3,
ORD103025,15-08-2025,CUST1421,Customer_3025,Pune,Home & Kitchen,Skincare Kit,Marketplace,3,8699.43,0,26098.29,0,42.11,26140.4,Net Banking,New,Returned,1.7,
ORD103026,08-07-2025,CUST1308,Customer_3026,Pune,Electronics,Headphones,Website,2,8813.29,0,17626.58,0,181.73,17808.31,Credit Card,Returning,Delivered,2.5,
ORD103027,22-09-2025,CUST1137,Customer_3027,Jaipur,Books,Shoes,Store,3,11287.31,5,33861.93,1693.1,140.53,32309.36,Credit Card,Returning,Delivered,1.7,
ORD103028,14-05-2025,CUST1419,Customer_3028,Kolkata,Clothing,Blender,Store,4,7721.87,20,30887.48,6177.5,238.66,24948.64,UPI,Returning,Returned,2.9,
ORD103029,30-07-2025,CUST1195,Customer_3029,Jaipur,Clothing,Watch,Store,4,1706.62,20,6826.48,1365.3,139.05,5600.23,Debit Card,New,Delivered,2.4,
ORD103030,01-03-2025,CUST1095,Customer_3030,Mumbai,Beauty,Blender,Marketplace,4,12895.63,20,51582.52,10316.5,214.57,41480.59,UPI,VIP,Delivered,5,
ORD103031,30-12-2025,CUST1490,Customer_3031,Bengaluru,Clothing,T-Shirt,Store,5,4750,25,23750,5937.5,57.38,17869.88,Debit Card,Returning,Cancelled,4.9,
ORD103032,30-12-2025,CUST1903,Customer_3032,Mumbai,Grocery,Watch,Website,1,14573.77,20,14573.77,2914.75,65.9,11724.92,Credit Card,VIP,Delivered,2.5,
ORD103033,01-08-2025,CUST1258,Customer_3033,Hyderabad,Accessories,Blender,Website,3,1900.22,10,5700.66,570.07,67.72,5198.31,Debit Card,New,Delivered,4.2,
ORD103034,04-08-2025,CUST1025,Customer_3034,Bengaluru,Sports,Blender,Website,2,14380.03,0,28760.06,0,42.29,28802.35,UPI,New,Cancelled,2,
ORD103035,14-08-2025,CUST1232,Customer_3035,Chennai,Accessories,Headphones,Mobile App,4,1501.53,15,6006.12,900.92,176.16,5281.36,UPI,New,Cancelled,1.2,
ORD103036,11-05-2025,CUST1332,Customer_3036,Mumbai,Clothing,Blender,Website,3,3580.89,0,10742.67,0,244.37,10987.04,Net Banking,VIP,Delivered,1.2,
ORD103037,17-03-2025,CUST1606,Customer_3037,Kolkata,Beauty,T-Shirt,Website,4,841.71,5,3366.84,168.34,194.81,3393.31,Cash on Delivery,New,Delivered,1.1,
ORD103038,13-10-2025,CUST1862,Customer_3038,Pune,Accessories,T-Shirt,Store,4,10620.93,0,42483.72,0,185.24,42668.96,Net Banking,New,Delivered,3.9,
ORD103039,04-10-2025,CUST1221,Customer_3039,Ahmedabad,Beauty,Blender,Marketplace,2,12776.94,10,25553.88,2555.39,213.77,23212.26,Credit Card,New,Delivered,2.4,
ORD103040,05-06-2025,CUST1297,Customer_3040,Delhi,Beauty,Groceries Pack,Store,5,6595.96,5,32979.8,1648.99,121.7,31452.51,Debit Card,Returning,Cancelled,4.3,
ORD103041,05-09-2025,CUST1203,Customer_3041,Bengaluru,Grocery,Headphones,Mobile App,1,13938.55,0,13938.55,0,127.73,14066.28,UPI,VIP,Delivered,4.5,
ORD103042,06-08-2025,CUST1948,Customer_3042,Delhi,Accessories,Groceries Pack,Mobile App,5,8915.94,10,44579.7,4457.97,114.85,40236.58,UPI,Returning,Delivered,2.2,
ORD103043,09-07-2025,CUST1343,Customer_3043,Hyderabad,Books,T-Shirt,Mobile App,3,9505.61,20,28516.83,5703.37,222.27,23035.73,UPI,Returning,Delivered,2.2,
ORD103044,12-06-2025,CUST1593,Customer_3044,Hyderabad,Sports,Football,Website,5,12704.48,10,63522.4,6352.24,73.64,57243.8,UPI,VIP,Delivered,2.2,
ORD103045,29-06-2025,CUST1205,Customer_3045,Surat,Grocery,Laptop,Website,3,4557.48,20,13672.44,2734.49,33.52,10971.47,Credit Card,New,Delivered,2.9,
ORD103046,03-02-2025,CUST1993,Customer_3046,Chennai,Accessories,Laptop,Website,3,5410.85,0,16232.55,0,190.97,16423.52,Cash on Delivery,VIP,Delivered,1.1,
ORD103047,10-02-2025,CUST1961,Customer_3047,Kolkata,Electronics,Novel,Marketplace,1,13603.39,0,13603.39,0,284.44,13887.83,Net Banking,New,Delivered,1,
ORD103048,03-11-2025,CUST1892,Customer_3048,Surat,Home & Kitchen,Groceries Pack,Store,2,13529.31,10,27058.62,2705.86,194.54,24547.3,Net Banking,Returning,Delivered,3.9,
ORD103049,04-12-2025,CUST2000,Customer_3049,Kolkata,Clothing,T-Shirt,Website,1,14650.77,10,14650.77,1465.08,241.39,13427.08,UPI,New,Delivered,4.2,
ORD103050,10-11-2025,CUST1077,Customer_3050,Chennai,Books,Skincare Kit,Mobile App,5,13542.3,15,67711.5,10156.72,211.65,57766.43,UPI,New,Delivered,1.8,
ORD103051,16-03-2025,CUST1550,Customer_3051,Ahmedabad,Electronics,T-Shirt,Marketplace,3,2041.47,15,6124.41,918.66,164.31,5370.06,Debit Card,New,Delivered,3.4,
ORD103052,06-10-2025,CUST1707,Customer_3052,Delhi,Beauty,Skincare Kit,Marketplace,4,12382.31,15,49529.24,7429.39,223.97,42323.82,UPI,New,Returned,1.9,
ORD103053,25-06-2025,CUST1976,Customer_3053,Pune,Electronics,Football,Mobile App,4,6236.1,25,24944.4,6236.1,252.51,18960.81,Net Banking,Returning,Delivered,3.9,
ORD103054,30-05-2025,CUST1042,Customer_3054,Surat,Grocery,Blender,Website,3,14863.4,5,44590.2,2229.51,90.68,42451.37,Debit Card,New,Delivered,2.7,
ORD103055,30-09-2025,CUST1455,Customer_3055,Hyderabad,Electronics,T-Shirt,Marketplace,1,7163.37,0,7163.37,0,120.76,7284.13,Debit Card,New,Delivered,4.3,
ORD103056,21-11-2025,CUST1182,Customer_3056,Hyderabad,Sports,Novel,Mobile App,2,8374.47,10,16748.94,1674.89,90.41,15164.46,UPI,VIP,Returned,4.8,
ORD103057,18-04-2025,CUST1757,Customer_3057,Pune,Beauty,Blender,Website,1,8017.16,0,8017.16,0,152.09,8169.25,Debit Card,VIP,Returned,3.2,
ORD103058,19-05-2025,CUST1195,Customer_3058,Hyderabad,Books,Laptop,Marketplace,3,4927.79,5,14783.37,739.17,268.97,14313.17,Cash on Delivery,VIP,Delivered,4.6,
ORD103059,16-12-2025,CUST1590,Customer_3059,Kolkata,Accessories,Groceries Pack,Marketplace,3,1264.08,0,3792.24,0,123.21,3915.45,UPI,Returning,Delivered,1.1,
ORD103060,28-09-2025,CUST1832,Customer_3060,Ahmedabad,Books,T-Shirt,Store,2,13450.42,5,26900.84,1345.04,131.11,25686.91,Cash on Delivery,Returning,Delivered,2.9,
ORD103061,13-12-2025,CUST1976,Customer_3061,Ahmedabad,Beauty,Headphones,Store,5,12069.74,0,60348.7,0,262.3,60611,UPI,Returning,Delivered,3,
ORD103062,16-10-2025,CUST1388,Customer_3062,Kolkata,Clothing,T-Shirt,Marketplace,5,2221.97,0,11109.85,0,169.15,11279,Cash on Delivery,Returning,Delivered,2.7,
ORD103063,31-07-2025,CUST1927,Customer_3063,Jaipur,Accessories,Football,Marketplace,2,11685.01,15,23370.02,3505.5,174.57,20039.09,UPI,New,Returned,2.3,
ORD103064,29-09-2025,CUST1637,Customer_3064,Kolkata,Books,Watch,Marketplace,5,9443.82,10,47219.1,4721.91,262.42,42759.61,Net Banking,New,Delivered,3.9,
ORD103065,07-03-2025,CUST1141,Customer_3065,Chennai,Books,Novel,Store,4,6225.79,15,24903.16,3735.47,162.44,21330.13,UPI,New,Delivered,3.2,
ORD103066,05-09-2025,CUST1027,Customer_3066,Surat,Clothing,Headphones,Website,5,3922.21,15,19611.05,2941.66,214.02,16883.41,Net Banking,Returning,Cancelled,1.3,
ORD103067,05-06-2025,CUST1315,Customer_3067,Hyderabad,Clothing,Football,Store,5,12916.97,0,64584.85,0,53.12,64637.97,Credit Card,Returning,Delivered,4.8,
ORD103068,16-02-2025,CUST1321,Customer_3068,Kolkata,Accessories,Blender,Mobile App,5,10547.8,5,52739,2636.95,78.23,50180.28,Credit Card,Returning,Cancelled,4.6,
ORD103069,20-07-2025,CUST1448,Customer_3069,Mumbai,Grocery,Groceries Pack,Marketplace,4,8283.94,0,33135.76,0,139.18,33274.94,UPI,New,Delivered,2.4,
ORD103070,28-05-2025,CUST1793,Customer_3070,Bengaluru,Books,Football,Mobile App,5,9202.09,20,46010.45,9202.09,163.61,36971.97,Net Banking,New,Delivered,2,
ORD103071,04-05-2025,CUST1293,Customer_3071,Mumbai,Books,Laptop,Mobile App,4,1502.33,15,6009.32,901.4,290.75,5398.67,Net Banking,Returning,Delivered,3.5,
ORD103072,01-01-2025,CUST1754,Customer_3072,Hyderabad,Books,Laptop,Mobile App,2,7187.71,0,14375.42,0,292.08,14667.5,Debit Card,Returning,Returned,1.2,
ORD103073,04-09-2025,CUST1236,Customer_3073,Ahmedabad,Clothing,Skincare Kit,Store,1,3026.45,5,3026.45,151.32,259.82,3134.95,Debit Card,New,Delivered,3,
ORD103074,09-12-2025,CUST1715,Customer_3074,Chennai,Books,Groceries Pack,Store,2,3244.5,25,6489,1622.25,115.21,4981.96,Cash on Delivery,New,Delivered,3.7,
ORD103075,08-05-2025,CUST1457,Customer_3075,Chennai,Electronics,Laptop,Website,1,9970.36,10,9970.36,997.04,290.29,9263.61,Debit Card,Returning,Delivered,2.6,
ORD103076,10-07-2025,CUST1892,Customer_3076,Chennai,Electronics,T-Shirt,Mobile App,2,13682.15,20,27364.3,5472.86,216.12,22107.56,UPI,VIP,Returned,4.9,
ORD103077,08-03-2025,CUST1839,Customer_3077,Bengaluru,Clothing,Blender,Mobile App,1,6145.79,5,6145.79,307.29,136.09,5974.59,Debit Card,VIP,Delivered,3.9,
ORD103078,04-01-2025,CUST1654,Customer_3078,Jaipur,Clothing,Shoes,Store,1,3235.08,0,3235.08,0,219.45,3454.53,Debit Card,New,Delivered,4.7,
ORD103079,30-10-2025,CUST1606,Customer_3079,Pune,Clothing,Laptop,Mobile App,3,9783.89,15,29351.67,4402.75,34.46,24983.38,UPI,Returning,Delivered,4.6,
ORD103080,21-10-2025,CUST1664,Customer_3080,Mumbai,Home & Kitchen,Watch,Store,1,13087.13,15,13087.13,1963.07,69.46,11193.52,UPI,New,Cancelled,1.5,
ORD103081,23-05-2025,CUST1765,Customer_3081,Pune,Accessories,Shoes,Marketplace,1,11262.53,15,11262.53,1689.38,254.02,9827.17,Cash on Delivery,Returning,Delivered,3.7,
ORD103082,10-07-2025,CUST1067,Customer_3082,Surat,Clothing,Shoes,Marketplace,3,13051.04,10,39153.12,3915.31,204.3,35442.11,Net Banking,Returning,Delivered,3.4,
ORD103083,21-01-2025,CUST1176,Customer_3083,Kolkata,Grocery,Watch,Mobile App,5,8117.84,10,40589.2,4058.92,128.33,36658.61,Debit Card,New,Cancelled,1.2,
ORD103084,15-08-2025,CUST1510,Customer_3084,Surat,Home & Kitchen,Shoes,Website,5,11315.36,15,56576.8,8486.52,165.18,48255.46,Credit Card,Returning,Delivered,2.3,
ORD103085,09-11-2025,CUST1615,Customer_3085,Ahmedabad,Clothing,T-Shirt,Store,3,2229.96,5,6689.88,334.49,274.39,6629.78,Net Banking,Returning,Delivered,3.1,
ORD103086,27-04-2025,CUST1091,Customer_3086,Mumbai,Beauty,Football,Marketplace,4,5321.88,5,21287.52,1064.38,200.53,20423.67,UPI,VIP,Delivered,3.2,
ORD103087,29-10-2025,CUST1705,Customer_3087,Surat,Sports,Laptop,Marketplace,1,5934.81,20,5934.81,1186.96,137.5,4885.35,Debit Card,New,Cancelled,4.3,
ORD103088,22-05-2025,CUST1166,Customer_3088,Jaipur,Books,Headphones,Mobile App,1,7742.74,5,7742.74,387.14,62.49,7418.09,Cash on Delivery,New,Returned,3.4,
ORD103089,08-02-2025,CUST1602,Customer_3089,Pune,Books,Laptop,Store,3,13946.78,10,41840.34,4184.03,109.31,37765.62,Credit Card,Returning,Delivered,2.9,
ORD103090,21-12-2025,CUST1838,Customer_3090,Kolkata,Electronics,Shoes,Mobile App,3,13133.3,15,39399.9,5909.98,294.15,33784.07,Net Banking,Returning,Delivered,4,
ORD103091,09-09-2025,CUST1827,Customer_3091,Hyderabad,Beauty,Blender,Store,4,2147.7,25,8590.8,2147.7,148.09,6591.19,Debit Card,Returning,Delivered,3.3,
ORD103092,29-11-2025,CUST1780,Customer_3092,Jaipur,Sports,Watch,Website,5,2715.93,10,13579.65,1357.96,157.4,12379.09,UPI,VIP,Delivered,4.5,
ORD103093,26-07-2025,CUST1438,Customer_3093,Ahmedabad,Books,Blender,Store,2,5460.96,5,10921.92,546.1,164.62,10540.44,Net Banking,New,Returned,4.6,
ORD103094,29-07-2025,CUST1051,Customer_3094,Kolkata,Books,Headphones,Marketplace,5,4467.55,20,22337.75,4467.55,268.71,18138.91,Credit Card,New,Delivered,3.4,
ORD103095,25-04-2025,CUST1678,Customer_3095,Kolkata,Home & Kitchen,T-Shirt,Mobile App,1,9279.35,20,9279.35,1855.87,193.06,7616.54,UPI,VIP,Cancelled,3.3,
ORD103096,13-08-2025,CUST1686,Customer_3096,Delhi,Electronics,Shoes,Store,3,13556.22,15,40668.66,6100.3,217.29,34785.65,Credit Card,Returning,Delivered,3.8,
ORD103097,14-05-2025,CUST1739,Customer_3097,Ahmedabad,Home & Kitchen,Watch,Marketplace,4,14440.03,10,57760.12,5776.01,135.14,52119.25,Debit Card,New,Returned,3.9,
ORD103098,08-09-2025,CUST1266,Customer_3098,Jaipur,Grocery,Skincare Kit,Mobile App,5,9856,5,49280,2464,37.85,46853.85,Net Banking,Returning,Cancelled,3.9,
ORD103099,07-08-2025,CUST1521,Customer_3099,Jaipur,Grocery,Skincare Kit,Mobile App,4,12596.66,10,50386.64,5038.66,281.36,45629.34,Cash on Delivery,Returning,Delivered,3.5,
ORD103100,01-04-2025,CUST1087,Customer_3100,Kolkata,Home & Kitchen,Headphones,Website,5,7949.25,20,39746.25,7949.25,286.26,32083.26,Debit Card,New,Delivered,4.1,
ORD103101,20-12-2025,CUST1606,Customer_3101,Hyderabad,Electronics,Headphones,Marketplace,1,3243.66,20,3243.66,648.73,286.27,2881.2,Debit Card,New,Delivered,1.6,
ORD103102,15-02-2025,CUST1052,Customer_3102,Kolkata,Sports,Groceries Pack,Store,2,7941.62,0,15883.24,0,284.8,16168.04,Cash on Delivery,New,Cancelled,4.3,
ORD103103,07-02-2025,CUST1179,Customer_3103,Surat,Electronics,Headphones,Marketplace,4,8392.98,5,33571.92,1678.6,250.12,32143.44,Cash on Delivery,New,Delivered,2.2,
ORD103104,22-05-2025,CUST1278,Customer_3104,Kolkata,Clothing,Headphones,Mobile App,4,11175.49,10,44701.96,4470.2,214.84,40446.6,UPI,VIP,Delivered,4.5,
ORD103105,10-04-2025,CUST1239,Customer_3105,Bengaluru,Accessories,T-Shirt,Website,2,3415.26,25,6830.52,1707.63,258.02,5380.91,Credit Card,New,Returned,1.5,
ORD103106,24-11-2025,CUST1585,Customer_3106,Pune,Home & Kitchen,Groceries Pack,Store,4,5619.41,15,22477.64,3371.65,192.15,19298.14,Debit Card,New,Delivered,1,
ORD103107,09-07-2025,CUST1339,Customer_3107,Hyderabad,Clothing,Skincare Kit,Website,4,5555.81,5,22223.24,1111.16,66.28,21178.36,UPI,Returning,Delivered,1.1,
ORD103108,04-02-2025,CUST1072,Customer_3108,Hyderabad,Electronics,Skincare Kit,Website,5,14397.68,0,71988.4,0,135.63,72124.03,UPI,Returning,Delivered,1.8,
ORD103109,27-05-2025,CUST1374,Customer_3109,Surat,Electronics,Watch,Marketplace,5,6742.58,10,33712.9,3371.29,292.25,30633.86,Debit Card,Returning,Delivered,1.5,
ORD103110,30-01-2025,CUST1580,Customer_3110,Mumbai,Books,Blender,Mobile App,2,11363.15,0,22726.3,0,124.81,22851.11,Credit Card,New,Cancelled,3.2,
ORD103111,30-11-2025,CUST1517,Customer_3111,Bengaluru,Grocery,Football,Mobile App,1,11299.55,20,11299.55,2259.91,264.31,9303.95,Cash on Delivery,VIP,Delivered,2.8,
ORD103112,25-03-2025,CUST1851,Customer_3112,Kolkata,Sports,Shoes,Store,4,4093.33,15,16373.32,2456,55.17,13972.49,Debit Card,Returning,Delivered,3.4,
ORD103113,08-10-2025,CUST1238,Customer_3113,Chennai,Home & Kitchen,Watch,Website,1,8642.26,10,8642.26,864.23,120.23,7898.26,Credit Card,New,Delivered,1.8,
ORD103114,10-12-2025,CUST1466,Customer_3114,Kolkata,Grocery,Watch,Website,2,13430.4,5,26860.8,1343.04,124.76,25642.52,Cash on Delivery,Returning,Delivered,4,
ORD103115,27-09-2025,CUST1121,Customer_3115,Hyderabad,Beauty,T-Shirt,Website,2,7206.69,20,14413.38,2882.68,43.93,11574.63,Net Banking,New,Returned,3.4,
ORD103116,03-06-2025,CUST1413,Customer_3116,Chennai,Electronics,Football,Marketplace,5,14184.99,5,70924.95,3546.25,62.16,67440.86,Debit Card,VIP,Cancelled,1.9,
ORD103117,12-04-2025,CUST1723,Customer_3117,Kolkata,Books,Watch,Mobile App,4,3334.7,0,13338.8,0,82.15,13420.95,Debit Card,Returning,Delivered,2.6,
ORD103118,03-08-2025,CUST1774,Customer_3118,Bengaluru,Beauty,Laptop,Website,3,1251.26,25,3753.78,938.44,256.21,3071.55,Credit Card,VIP,Returned,3.9,
ORD103119,30-05-2025,CUST1837,Customer_3119,Kolkata,Home & Kitchen,Skincare Kit,Website,2,13388.09,20,26776.18,5355.24,47.12,21468.06,UPI,New,Delivered,3.7,
ORD103120,24-03-2025,CUST1570,Customer_3120,Delhi,Clothing,Headphones,Mobile App,4,12738.07,20,50952.28,10190.46,110.65,40872.47,UPI,VIP,Cancelled,3.2,
ORD103121,20-04-2025,CUST1043,Customer_3121,Jaipur,Accessories,Headphones,Store,1,14889.96,0,14889.96,0,32.75,14922.71,Credit Card,Returning,Cancelled,4.9,
ORD103122,02-10-2025,CUST1504,Customer_3122,Delhi,Accessories,Novel,Marketplace,5,10238.99,0,51194.95,0,217.82,51412.77,Debit Card,Returning,Returned,1.5,
ORD103123,20-07-2025,CUST1197,Customer_3123,Delhi,Accessories,T-Shirt,Marketplace,1,14059.82,0,14059.82,0,197.48,14257.3,Debit Card,New,Cancelled,3,
ORD103124,11-10-2025,CUST1072,Customer_3124,Delhi,Home & Kitchen,Groceries Pack,Marketplace,2,12430.19,0,24860.38,0,204.15,25064.53,Debit Card,VIP,Returned,3.5,
ORD103125,22-06-2025,CUST1091,Customer_3125,Kolkata,Grocery,Shoes,Mobile App,2,12689.73,15,25379.46,3806.92,131.08,21703.62,Net Banking,New,Delivered,5,
ORD103126,23-11-2025,CUST1549,Customer_3126,Surat,Sports,Skincare Kit,Marketplace,1,8601.75,0,8601.75,0,86.23,8687.98,UPI,Returning,Cancelled,3.2,
ORD103127,25-07-2025,CUST1491,Customer_3127,Delhi,Beauty,Laptop,Website,2,5828.11,15,11656.22,1748.43,224.49,10132.28,Net Banking,Returning,Returned,2.8,
ORD103128,04-03-2025,CUST1826,Customer_3128,Hyderabad,Books,Watch,Marketplace,4,14028.19,5,56112.76,2805.64,249,53556.12,Debit Card,New,Returned,4.7,
ORD103129,14-03-2025,CUST1749,Customer_3129,Bengaluru,Grocery,Watch,Mobile App,2,6566.94,5,13133.88,656.69,67.42,12544.61,UPI,New,Delivered,3,
ORD103130,08-09-2025,CUST1998,Customer_3130,Mumbai,Beauty,T-Shirt,Marketplace,5,8151.47,25,40757.35,10189.34,161.44,30729.45,Debit Card,Returning,Delivered,4.8,
ORD103131,04-05-2025,CUST1383,Customer_3131,Delhi,Clothing,Shoes,Store,4,6774.8,0,27099.2,0,97.15,27196.35,Debit Card,New,Returned,4,
ORD103132,01-05-2025,CUST1805,Customer_3132,Pune,Grocery,Blender,Store,3,8537.55,5,25612.65,1280.63,75.39,24407.41,Credit Card,Returning,Returned,1.7,
ORD103133,02-10-2025,CUST1466,Customer_3133,Surat,Books,Laptop,Mobile App,2,7137,5,14274,713.7,228.27,13788.57,UPI,Returning,Cancelled,1.7,
ORD103134,30-04-2025,CUST1154,Customer_3134,Bengaluru,Clothing,Shoes,Mobile App,2,862.32,0,1724.64,0,175.29,1899.93,Debit Card,Returning,Delivered,2.3,
ORD103135,13-11-2025,CUST1170,Customer_3135,Pune,Electronics,Blender,Store,5,13248.42,10,66242.1,6624.21,88.37,59706.26,Cash on Delivery,New,Delivered,1.3,
ORD103136,13-06-2025,CUST1272,Customer_3136,Ahmedabad,Grocery,Shoes,Marketplace,5,6749.25,5,33746.25,1687.31,113.7,32172.64,Cash on Delivery,Returning,Delivered,3.2,
ORD103137,13-10-2025,CUST1918,Customer_3137,Bengaluru,Home & Kitchen,Watch,Website,1,8895.81,15,8895.81,1334.37,291,7852.44,Debit Card,Returning,Delivered,4.4,
ORD103138,22-09-2025,CUST1110,Customer_3138,Surat,Grocery,Watch,Mobile App,1,2216.94,20,2216.94,443.39,259.14,2032.69,Credit Card,Returning,Delivered,2.6,
ORD103139,16-11-2025,CUST1151,Customer_3139,Delhi,Grocery,Football,Store,1,200.31,10,200.31,20.03,267.59,447.87,Debit Card,New,Delivered,3.6,
ORD103140,10-06-2025,CUST1431,Customer_3140,Mumbai,Sports,Novel,Marketplace,5,3792.56,0,18962.8,0,154.2,19117,Cash on Delivery,New,Cancelled,4.9,
ORD103141,04-11-2025,CUST1451,Customer_3141,Chennai,Electronics,Novel,Mobile App,1,10613.1,10,10613.1,1061.31,198.43,9750.22,UPI,Returning,Delivered,1.8,
ORD103142,30-03-2025,CUST1643,Customer_3142,Surat,Accessories,T-Shirt,Marketplace,1,1623.04,0,1623.04,0,131.73,1754.77,Credit Card,Returning,Delivered,2.4,
ORD103143,22-05-2025,CUST1780,Customer_3143,Kolkata,Home & Kitchen,Blender,Website,3,13646.98,10,40940.94,4094.09,50.98,36897.83,Debit Card,New,Cancelled,1.1,
ORD103144,22-07-2025,CUST1023,Customer_3144,Ahmedabad,Clothing,Watch,Mobile App,1,3343.09,15,3343.09,501.46,138.29,2979.92,Cash on Delivery,Returning,Returned,1.9,
ORD103145,05-11-2025,CUST1367,Customer_3145,Chennai,Sports,Novel,Website,2,3188.22,0,6376.44,0,190.37,6566.81,UPI,VIP,Cancelled,4.1,
ORD103146,15-08-2025,CUST1651,Customer_3146,Ahmedabad,Clothing,Football,Website,5,2845.39,20,14226.95,2845.39,107.53,11489.09,Cash on Delivery,New,Delivered,3.6,
ORD103147,30-11-2025,CUST1820,Customer_3147,Pune,Books,Groceries Pack,Website,4,357.63,20,1430.52,286.1,258.95,1403.37,Credit Card,Returning,Delivered,4.1,
ORD103148,10-08-2025,CUST1239,Customer_3148,Ahmedabad,Clothing,Watch,Store,3,11611.31,20,34833.93,6966.79,70.8,27937.94,Net Banking,VIP,Delivered,2.7,
ORD103149,10-02-2025,CUST1434,Customer_3149,Delhi,Accessories,Football,Website,5,13144.26,5,65721.3,3286.06,129.12,62564.36,Debit Card,VIP,Delivered,3.9,
ORD103150,15-07-2025,CUST1953,Customer_3150,Jaipur,Beauty,Headphones,Website,5,9270.32,10,46351.6,4635.16,63.72,41780.16,UPI,New,Cancelled,3.4,
ORD103151,09-03-2025,CUST1704,Customer_3151,Bengaluru,Home & Kitchen,Shoes,Marketplace,2,2944.77,20,5889.54,1177.91,139.3,4850.93,Credit Card,New,Cancelled,2.3,
ORD103152,21-09-2025,CUST1127,Customer_3152,Ahmedabad,Electronics,Novel,Store,1,4386.38,5,4386.38,219.32,40.71,4207.77,Credit Card,VIP,Delivered,2.6,
ORD103153,02-01-2025,CUST1942,Customer_3153,Ahmedabad,Grocery,Groceries Pack,Store,2,7217.51,20,14435.02,2887,103.59,11651.61,Net Banking,New,Delivered,3.2,
ORD103154,27-12-2025,CUST1541,Customer_3154,Jaipur,Beauty,Football,Store,1,14322.04,0,14322.04,0,138.2,14460.24,Net Banking,Returning,Delivered,4.8,
ORD103155,05-05-2025,CUST1633,Customer_3155,Jaipur,Accessories,Blender,Store,1,3823.17,0,3823.17,0,159.1,3982.27,Debit Card,Returning,Delivered,4.7,
ORD103156,20-04-2025,CUST1198,Customer_3156,Bengaluru,Books,Laptop,Website,5,11014.94,15,55074.7,8261.2,176.8,46990.3,Debit Card,Returning,Cancelled,4.9,
ORD103157,27-03-2025,CUST1686,Customer_3157,Bengaluru,Home & Kitchen,Groceries Pack,Marketplace,1,6675.81,15,6675.81,1001.37,104.25,5778.69,Credit Card,New,Delivered,1.1,
ORD103158,30-04-2025,CUST1656,Customer_3158,Surat,Books,Skincare Kit,Website,3,4573.03,15,13719.09,2057.86,171.22,11832.45,Debit Card,VIP,Returned,3.9,
ORD103159,07-05-2025,CUST1482,Customer_3159,Mumbai,Accessories,Headphones,Website,3,6920.35,25,20761.05,5190.26,167.43,15738.22,Debit Card,New,Cancelled,4.6,
ORD103160,12-09-2025,CUST1179,Customer_3160,Mumbai,Home & Kitchen,Watch,Store,3,1207.42,0,3622.26,0,115.37,3737.63,Net Banking,Returning,Delivered,4,
ORD103161,02-07-2025,CUST1869,Customer_3161,Hyderabad,Home & Kitchen,Watch,Store,5,12010.51,0,60052.55,0,254.15,60306.7,Credit Card,Returning,Returned,2.7,
ORD103162,16-01-2025,CUST1523,Customer_3162,Jaipur,Sports,Headphones,Mobile App,2,3763.03,20,7526.06,1505.21,177.32,6198.17,Cash on Delivery,New,Delivered,3.9,
ORD103163,03-03-2025,CUST1651,Customer_3163,Chennai,Beauty,Watch,Marketplace,4,10922.37,0,43689.48,0,119.71,43809.19,Cash on Delivery,New,Delivered,2.8,
ORD103164,07-06-2025,CUST1959,Customer_3164,Chennai,Accessories,Laptop,Store,1,1164.97,15,1164.97,174.75,285.78,1276,UPI,VIP,Delivered,3.9,
ORD103165,25-09-2025,CUST1437,Customer_3165,Delhi,Electronics,Shoes,Store,4,14333.21,10,57332.84,5733.28,258.18,51857.74,Net Banking,Returning,Delivered,4.1,
ORD103166,04-02-2025,CUST1765,Customer_3166,Mumbai,Beauty,Watch,Website,2,3016.27,0,6032.54,0,295.3,6327.84,UPI,Returning,Delivered,4.4,
ORD103167,24-09-2025,CUST1857,Customer_3167,Surat,Books,Headphones,Website,2,13258.72,5,26517.44,1325.87,216.9,25408.47,Credit Card,Returning,Delivered,3.9,
ORD103168,05-03-2025,CUST1314,Customer_3168,Chennai,Clothing,Watch,Website,5,12170.68,10,60853.4,6085.34,132.12,54900.18,Cash on Delivery,New,Delivered,1.6,
ORD103169,19-02-2025,CUST1019,Customer_3169,Bengaluru,Books,Groceries Pack,Store,3,14522.72,20,43568.16,8713.63,105.83,34960.36,Cash on Delivery,Returning,Delivered,4.7,
ORD103170,12-09-2025,CUST1160,Customer_3170,Ahmedabad,Home & Kitchen,Headphones,Marketplace,3,7246.68,15,21740.04,3261.01,209.1,18688.13,Cash on Delivery,New,Returned,1.9,
ORD103171,29-05-2025,CUST1818,Customer_3171,Ahmedabad,Clothing,Groceries Pack,Store,2,10951.85,10,21903.7,2190.37,294.82,20008.15,UPI,Returning,Delivered,2.4,
ORD103172,21-11-2025,CUST1122,Customer_3172,Bengaluru,Beauty,Laptop,Store,5,5655.05,10,28275.25,2827.52,199.21,25646.94,Debit Card,New,Delivered,2.7,
ORD103173,31-10-2025,CUST1072,Customer_3173,Pune,Electronics,Football,Marketplace,5,2887.87,5,14439.35,721.97,268.04,13985.42,UPI,Returning,Returned,3.8,
ORD103174,03-10-2025,CUST1055,Customer_3174,Pune,Clothing,Skincare Kit,Store,1,6729.68,0,6729.68,0,118.86,6848.54,Cash on Delivery,Returning,Delivered,3.8,
ORD103175,23-12-2025,CUST1460,Customer_3175,Ahmedabad,Clothing,Skincare Kit,Store,3,2611.37,5,7834.11,391.71,139.88,7582.28,Net Banking,New,Delivered,4.8,
ORD103176,21-06-2025,CUST1169,Customer_3176,Delhi,Grocery,Headphones,Marketplace,2,14733.36,0,29466.72,0,274.69,29741.41,Net Banking,New,Delivered,1.8,
ORD103177,20-07-2025,CUST1611,Customer_3177,Hyderabad,Accessories,Laptop,Store,4,1579.26,0,6317.04,0,234.35,6551.39,UPI,New,Cancelled,2.8,
ORD103178,20-11-2025,CUST1582,Customer_3178,Surat,Sports,Watch,Mobile App,3,8899.79,10,26699.37,2669.94,294.98,24324.41,UPI,VIP,Delivered,1.8,
ORD103179,04-02-2025,CUST1149,Customer_3179,Chennai,Beauty,Novel,Mobile App,1,9452.99,5,9452.99,472.65,239.19,9219.53,Credit Card,New,Delivered,3.7,
ORD103180,04-08-2025,CUST1629,Customer_3180,Ahmedabad,Clothing,Novel,Website,5,8140.48,0,40702.4,0,151.1,40853.5,UPI,Returning,Delivered,1.9,
ORD103181,06-03-2025,CUST1026,Customer_3181,Jaipur,Beauty,Headphones,Store,2,9983.46,10,19966.92,1996.69,173.39,18143.62,UPI,New,Returned,4.5,
ORD103182,08-01-2025,CUST1248,Customer_3182,Bengaluru,Electronics,Shoes,Marketplace,3,1875.28,10,5625.84,562.58,273.14,5336.4,Cash on Delivery,VIP,Delivered,4.9,
ORD103183,28-10-2025,CUST1897,Customer_3183,Kolkata,Clothing,Shoes,Marketplace,4,8392.03,0,33568.12,0,178.94,33747.06,Debit Card,Returning,Returned,2.3,
ORD103184,09-12-2025,CUST1721,Customer_3184,Hyderabad,Accessories,Headphones,Mobile App,1,4415.11,25,4415.11,1103.78,98.96,3410.29,Cash on Delivery,New,Returned,4,
ORD103185,28-11-2025,CUST1227,Customer_3185,Ahmedabad,Electronics,Groceries Pack,Website,1,14111.61,0,14111.61,0,147.62,14259.23,Debit Card,Returning,Delivered,3.1,
ORD103186,17-03-2025,CUST1923,Customer_3186,Mumbai,Books,Shoes,Store,3,11466.76,20,34400.28,6880.06,169.41,27689.63,Cash on Delivery,VIP,Delivered,2.4,
ORD103187,23-06-2025,CUST1946,Customer_3187,Delhi,Clothing,Shoes,Marketplace,4,14591.84,0,58367.36,0,56.11,58423.47,Cash on Delivery,Returning,Delivered,1.8,
ORD103188,16-02-2025,CUST1626,Customer_3188,Mumbai,Accessories,Shoes,Marketplace,1,707.71,20,707.71,141.54,230.82,796.99,Credit Card,Returning,Returned,3.9,
ORD103189,15-01-2025,CUST1706,Customer_3189,Surat,Grocery,Blender,Store,2,4384.23,0,8768.46,0,59.53,8827.99,Debit Card,New,Returned,1.6,
ORD103190,27-12-2025,CUST1484,Customer_3190,Chennai,Home & Kitchen,Watch,Website,1,3052.03,15,3052.03,457.8,139.33,2733.56,Cash on Delivery,New,Delivered,2.1,
ORD103191,27-05-2025,CUST1833,Customer_3191,Ahmedabad,Sports,Novel,Mobile App,4,315.65,5,1262.6,63.13,247.25,1446.72,Cash on Delivery,New,Delivered,4.7,
ORD103192,26-01-2025,CUST1010,Customer_3192,Kolkata,Accessories,Shoes,Store,5,3748.54,15,18742.7,2811.4,156.24,16087.54,Debit Card,Returning,Delivered,3,
ORD103193,04-11-2025,CUST1095,Customer_3193,Mumbai,Sports,T-Shirt,Store,5,10229.82,5,51149.1,2557.46,257.34,48848.98,Credit Card,Returning,Cancelled,4.4,
ORD103194,03-04-2025,CUST1121,Customer_3194,Bengaluru,Accessories,Laptop,Store,3,3581.67,0,10745.01,0,122.31,10867.32,Debit Card,VIP,Delivered,4.1,
ORD103195,20-08-2025,CUST1126,Customer_3195,Jaipur,Sports,Headphones,Mobile App,4,7708.7,15,30834.8,4625.22,288.56,26498.14,Credit Card,Returning,Delivered,2.5,
ORD103196,21-01-2025,CUST1549,Customer_3196,Delhi,Electronics,Shoes,Marketplace,1,13334.1,0,13334.1,0,86.56,13420.66,Credit Card,New,Cancelled,1.9,
ORD103197,03-11-2025,CUST1069,Customer_3197,Kolkata,Beauty,Groceries Pack,Store,1,10452.31,25,10452.31,2613.08,40.33,7879.56,Net Banking,Returning,Delivered,1.4,
ORD103198,07-02-2025,CUST1297,Customer_3198,Chennai,Grocery,Laptop,Store,5,6010.24,0,30051.2,0,265.56,30316.76,Credit Card,Returning,Cancelled,4.8,
ORD103199,03-10-2025,CUST1686,Customer_3199,Surat,Sports,Skincare Kit,Store,5,5681.16,10,28405.8,2840.58,233.09,25798.31,Net Banking,Returning,Returned,2.3,
ORD103200,06-06-2025,CUST1501,Customer_3200,Delhi,Accessories,Skincare Kit,Store,2,6917.68,15,13835.36,2075.3,92.64,11852.7,UPI,Returning,Cancelled,3.7,
ORD103201,28-06-2025,CUST1973,Customer_3201,Delhi,Accessories,Watch,Website,5,2779.07,5,13895.35,694.77,295.88,13496.46,Credit Card,New,Cancelled,3.9,
ORD103202,12-05-2025,CUST1045,Customer_3202,Pune,Accessories,T-Shirt,Website,2,9564.91,0,19129.82,0,165.62,19295.44,Debit Card,New,Delivered,1.8,
ORD103203,07-11-2025,CUST1635,Customer_3203,Pune,Books,Watch,Website,1,5557.67,15,5557.67,833.65,286.79,5010.81,Net Banking,Returning,Delivered,3.8,
ORD103204,14-12-2025,CUST1382,Customer_3204,Surat,Accessories,Groceries Pack,Marketplace,2,12807.63,15,25615.26,3842.29,166.36,21939.33,UPI,New,Delivered,1,
ORD103205,28-01-2025,CUST1984,Customer_3205,Pune,Accessories,Watch,Store,2,11384.81,25,22769.62,5692.4,157.41,17234.63,UPI,Returning,Delivered,2.7,
ORD103206,17-09-2025,CUST1027,Customer_3206,Kolkata,Clothing,T-Shirt,Store,3,9216.12,5,27648.36,1382.42,151.27,26417.21,Credit Card,New,Delivered,2.4,
ORD103207,17-03-2025,CUST1705,Customer_3207,Kolkata,Clothing,Laptop,Store,5,5558.4,10,27792,2779.2,120.42,25133.22,Debit Card,VIP,Delivered,4.7,
ORD103208,08-03-2025,CUST1497,Customer_3208,Hyderabad,Home & Kitchen,Headphones,Store,2,3267.49,5,6534.98,326.75,174.1,6382.33,Credit Card,VIP,Delivered,4.9,
ORD103209,08-12-2025,CUST1852,Customer_3209,Chennai,Accessories,Shoes,Mobile App,1,11675.86,5,11675.86,583.79,152.19,11244.26,Cash on Delivery,VIP,Delivered,2.2,
ORD103210,13-07-2025,CUST1136,Customer_3210,Surat,Electronics,Shoes,Mobile App,4,7373.18,15,29492.72,4423.91,39.92,25108.73,UPI,VIP,Delivered,3.4,
ORD103211,11-06-2025,CUST1707,Customer_3211,Jaipur,Clothing,Headphones,Mobile App,2,3487.54,5,6975.08,348.75,100.32,6726.65,Cash on Delivery,VIP,Delivered,4,
ORD103212,13-12-2025,CUST1049,Customer_3212,Kolkata,Clothing,Watch,Store,5,3048.34,5,15241.7,762.08,87.54,14567.16,Cash on Delivery,Returning,Delivered,1.8,
ORD103213,27-12-2025,CUST1608,Customer_3213,Hyderabad,Grocery,Skincare Kit,Mobile App,3,2606.2,5,7818.6,390.93,264.21,7691.88,Net Banking,VIP,Delivered,3.7,
ORD103214,14-09-2025,CUST1507,Customer_3214,Jaipur,Home & Kitchen,Skincare Kit,Mobile App,1,11690.84,15,11690.84,1753.63,191.69,10128.9,Cash on Delivery,Returning,Delivered,2,
ORD103215,13-03-2025,CUST1121,Customer_3215,Mumbai,Home & Kitchen,T-Shirt,Marketplace,3,3550.46,20,10651.38,2130.28,236.19,8757.29,UPI,Returning,Returned,1.7,
ORD103216,28-03-2025,CUST1761,Customer_3216,Surat,Beauty,Laptop,Marketplace,4,7970.64,15,31882.56,4782.38,288.34,27388.52,UPI,New,Returned,4.4,
ORD103217,19-09-2025,CUST1985,Customer_3217,Jaipur,Beauty,Watch,Mobile App,2,6855.46,10,13710.92,1371.09,203.89,12543.72,Debit Card,Returning,Delivered,3,
ORD103218,02-08-2025,CUST1217,Customer_3218,Mumbai,Beauty,Groceries Pack,Mobile App,2,8757.22,15,17514.44,2627.17,295.3,15182.57,Credit Card,VIP,Delivered,2.2,
ORD103219,02-06-2025,CUST1626,Customer_3219,Jaipur,Clothing,Shoes,Marketplace,5,13175.75,10,65878.75,6587.88,114.18,59405.05,Debit Card,Returning,Cancelled,2.6,
ORD103220,29-07-2025,CUST1526,Customer_3220,Mumbai,Home & Kitchen,Groceries Pack,Mobile App,2,13036.05,0,26072.1,0,80.29,26152.39,Debit Card,New,Delivered,2.7,
ORD103221,02-03-2025,CUST1574,Customer_3221,Delhi,Books,Blender,Store,1,6848.48,0,6848.48,0,138.89,6987.37,Credit Card,Returning,Delivered,4.1,
ORD103222,25-09-2025,CUST1043,Customer_3222,Chennai,Electronics,Football,Mobile App,4,378.19,0,1512.76,0,157.12,1669.88,UPI,Returning,Delivered,4.5,
ORD103223,19-09-2025,CUST1923,Customer_3223,Kolkata,Beauty,T-Shirt,Store,3,6482.69,10,19448.07,1944.81,271.75,17775.01,Net Banking,Returning,Delivered,2.9,
ORD103224,06-08-2025,CUST1752,Customer_3224,Delhi,Books,T-Shirt,Mobile App,4,9151.97,20,36607.88,7321.58,181.18,29467.48,Cash on Delivery,Returning,Delivered,2.3,
ORD103225,10-10-2025,CUST1096,Customer_3225,Pune,Sports,Novel,Website,2,8432.81,5,16865.62,843.28,108.89,16131.23,Net Banking,New,Delivered,3.9,
ORD103226,16-05-2025,CUST1027,Customer_3226,Kolkata,Clothing,Laptop,Mobile App,3,9822.34,5,29467.02,1473.35,230.51,28224.18,Cash on Delivery,VIP,Delivered,4.6,
ORD103227,28-12-2025,CUST1836,Customer_3227,Chennai,Electronics,Novel,Website,5,2438.02,20,12190.1,2438.02,166.57,9918.65,Credit Card,Returning,Returned,1.5,
ORD103228,03-04-2025,CUST1895,Customer_3228,Mumbai,Clothing,Novel,Mobile App,4,9751.05,20,39004.2,7800.84,73.78,31277.14,Credit Card,New,Delivered,4.2,
ORD103229,19-04-2025,CUST1242,Customer_3229,Pune,Books,T-Shirt,Mobile App,3,2862.38,15,8587.14,1288.07,185.74,7484.81,Debit Card,Returning,Delivered,3.2,
ORD103230,29-08-2025,CUST1487,Customer_3230,Pune,Beauty,Laptop,Store,3,11295.28,5,33885.84,1694.29,276.08,32467.63,Credit Card,New,Returned,4.5,
ORD103231,21-12-2025,CUST1971,Customer_3231,Kolkata,Books,Groceries Pack,Marketplace,3,5185.45,0,15556.35,0,257.51,15813.86,Cash on Delivery,New,Returned,3.1,
ORD103232,22-05-2025,CUST1240,Customer_3232,Mumbai,Books,Shoes,Marketplace,1,10691.95,0,10691.95,0,188.44,10880.39,Net Banking,VIP,Delivered,4.5,
ORD103233,18-10-2025,CUST1304,Customer_3233,Ahmedabad,Grocery,Football,Store,4,860.8,0,3443.2,0,131.81,3575.01,Net Banking,VIP,Delivered,3.2,
ORD103234,25-08-2025,CUST1067,Customer_3234,Bengaluru,Clothing,Groceries Pack,Marketplace,3,6206.72,5,18620.16,931.01,53.48,17742.63,Net Banking,New,Delivered,1.6,
ORD103235,06-12-2025,CUST1281,Customer_3235,Bengaluru,Beauty,T-Shirt,Website,4,10619.76,10,42479.04,4247.9,156.81,38387.95,Net Banking,New,Delivered,1,
ORD103236,08-11-2025,CUST1192,Customer_3236,Ahmedabad,Clothing,Blender,Website,3,3519.03,0,10557.09,0,233.06,10790.15,Debit Card,New,Delivered,3.5,
ORD103237,26-06-2025,CUST1119,Customer_3237,Surat,Beauty,Watch,Mobile App,5,11960.01,0,59800.05,0,127.27,59927.32,Net Banking,VIP,Returned,3.4,
ORD103238,21-05-2025,CUST1152,Customer_3238,Chennai,Grocery,T-Shirt,Website,5,9517.08,0,47585.4,0,93.57,47678.97,Cash on Delivery,VIP,Cancelled,1.8,
ORD103239,08-07-2025,CUST1777,Customer_3239,Mumbai,Accessories,Blender,Marketplace,5,8875.29,10,44376.45,4437.65,281.47,40220.27,Debit Card,Returning,Delivered,4.4,
ORD103240,18-02-2025,CUST1392,Customer_3240,Kolkata,Home & Kitchen,Headphones,Website,2,5400.2,10,10800.4,1080.04,251.82,9972.18,Debit Card,New,Delivered,4.5,
ORD103241,29-10-2025,CUST1231,Customer_3241,Chennai,Home & Kitchen,Shoes,Mobile App,3,7314.4,10,21943.2,2194.32,202.33,19951.21,Debit Card,New,Delivered,4.2,
ORD103242,09-07-2025,CUST1351,Customer_3242,Chennai,Grocery,Headphones,Website,2,9020.64,5,18041.28,902.06,66.93,17206.15,Credit Card,VIP,Returned,4.7,
ORD103243,16-05-2025,CUST1761,Customer_3243,Ahmedabad,Grocery,T-Shirt,Marketplace,4,7166.06,5,28664.24,1433.21,69.13,27300.16,Debit Card,New,Returned,3,
ORD103244,12-02-2025,CUST1571,Customer_3244,Kolkata,Grocery,Blender,Store,2,10519.95,0,21039.9,0,57.87,21097.77,Cash on Delivery,Returning,Delivered,3.8,
ORD103245,19-12-2025,CUST1529,Customer_3245,Surat,Accessories,Groceries Pack,Mobile App,4,6590.4,0,26361.6,0,196.4,26558,Net Banking,Returning,Delivered,4.6,
ORD103246,31-03-2025,CUST1171,Customer_3246,Kolkata,Grocery,T-Shirt,Store,4,3153.76,20,12615.04,2523.01,61.2,10153.23,Credit Card,New,Delivered,2.8,
ORD103247,22-10-2025,CUST1863,Customer_3247,Mumbai,Home & Kitchen,Watch,Website,4,3326.92,25,13307.68,3326.92,257.51,10238.27,Net Banking,New,Delivered,3.5,
ORD103248,07-12-2025,CUST1964,Customer_3248,Surat,Home & Kitchen,Skincare Kit,Mobile App,2,236.19,10,472.38,47.24,298.1,723.24,UPI,New,Delivered,3.1,
ORD103249,02-09-2025,CUST1132,Customer_3249,Kolkata,Grocery,Shoes,Mobile App,3,4619.22,20,13857.66,2771.53,128.91,11215.04,Credit Card,Returning,Cancelled,4.9,
ORD103250,11-07-2025,CUST1357,Customer_3250,Mumbai,Home & Kitchen,Shoes,Website,2,11271.43,10,22542.86,2254.29,152.49,20441.06,Cash on Delivery,Returning,Delivered,2.8,
ORD103251,14-11-2025,CUST1648,Customer_3251,Mumbai,Sports,Watch,Mobile App,3,11943.32,0,35829.96,0,222.15,36052.11,Credit Card,Returning,Returned,2.3,
ORD103252,16-04-2025,CUST1042,Customer_3252,Jaipur,Clothing,Watch,Website,3,3156.64,25,9469.92,2367.48,283.03,7385.47,Debit Card,New,Returned,3.5,
ORD103253,29-12-2025,CUST1305,Customer_3253,Delhi,Books,Blender,Store,4,14391.8,0,57567.2,0,271.41,57838.61,Credit Card,New,Delivered,2.1,
ORD103254,06-11-2025,CUST1006,Customer_3254,Delhi,Grocery,Football,Store,2,7610.68,15,15221.36,2283.2,45.55,12983.71,Debit Card,New,Delivered,4.4,
ORD103255,21-08-2025,CUST1329,Customer_3255,Chennai,Home & Kitchen,Shoes,Marketplace,3,13767.13,5,41301.39,2065.07,75.65,39311.97,Net Banking,New,Delivered,4.6,
ORD103256,22-09-2025,CUST1170,Customer_3256,Surat,Sports,Novel,Marketplace,5,10645.46,5,53227.3,2661.36,233.74,50799.68,Credit Card,Returning,Delivered,2.4,
ORD103257,10-12-2025,CUST1968,Customer_3257,Hyderabad,Grocery,Groceries Pack,Website,3,10878.14,10,32634.42,3263.44,216,29586.98,Credit Card,VIP,Cancelled,2.4,
ORD103258,06-02-2025,CUST1800,Customer_3258,Chennai,Sports,Groceries Pack,Website,5,1412.9,10,7064.5,706.45,65.97,6424.02,Cash on Delivery,Returning,Cancelled,1.3,
ORD103259,01-11-2025,CUST1911,Customer_3259,Hyderabad,Clothing,Groceries Pack,Store,2,3416.87,5,6833.74,341.69,165.56,6657.61,UPI,Returning,Cancelled,2,
ORD103260,10-02-2025,CUST1338,Customer_3260,Kolkata,Accessories,Headphones,Mobile App,2,280.9,5,561.8,28.09,240.82,774.53,Credit Card,Returning,Returned,1.3,
ORD103261,17-01-2025,CUST1727,Customer_3261,Mumbai,Clothing,T-Shirt,Website,2,10784.5,5,21569,1078.45,89.07,20579.62,Net Banking,VIP,Delivered,4,
ORD103262,10-12-2025,CUST1069,Customer_3262,Jaipur,Beauty,Blender,Mobile App,3,5264.91,25,15794.73,3948.68,265.25,12111.3,Debit Card,Returning,Delivered,1.7,
ORD103263,04-10-2025,CUST1882,Customer_3263,Unkonwn,Beauty,Laptop,Marketplace,1,11831.79,15,11831.79,1774.77,44.3,10101.32,Net Banking,Returning,Delivered,1.3,
ORD103264,03-11-2025,CUST1539,Customer_3264,Bengaluru,Accessories,Shoes,Store,3,5183.2,10,15549.6,1554.96,241.19,14235.83,Cash on Delivery,New,Cancelled,1.7,
ORD103265,28-02-2025,CUST1737,Customer_3265,Hyderabad,Home & Kitchen,Blender,Website,3,12317.11,0,36951.33,0,196.27,37147.6,Credit Card,New,Returned,2.5,
ORD103266,02-07-2025,CUST1834,Customer_3266,Hyderabad,Electronics,Groceries Pack,Marketplace,4,2090.87,20,8363.48,1672.7,115.1,6805.88,UPI,Returning,Delivered,2.7,
ORD103267,10-02-2025,CUST1507,Customer_3267,Surat,Beauty,Novel,Website,4,2724.59,0,10898.36,0,224.65,11123.01,UPI,VIP,Returned,4.6,
ORD103268,08-02-2025,CUST1746,Customer_3268,Delhi,Electronics,Laptop,Marketplace,3,5212.02,0,15636.06,0,241.24,15877.3,Credit Card,Returning,Delivered,2.1,
ORD103269,11-07-2025,CUST1486,Customer_3269,Jaipur,Books,T-Shirt,Store,5,6216.04,5,31080.2,1554.01,282.15,29808.34,UPI,New,Delivered,3.9,
ORD103270,24-09-2025,CUST1443,Customer_3270,Pune,Beauty,T-Shirt,Website,4,5328.24,20,21312.96,4262.59,129.3,17179.67,Net Banking,Returning,Delivered,4.6,
ORD103271,27-05-2025,CUST1924,Customer_3271,Surat,Books,Skincare Kit,Website,3,11490.16,0,34470.48,0,215.22,34685.7,Debit Card,Returning,Cancelled,4.4,
ORD103272,29-11-2025,CUST1920,Customer_3272,Bengaluru,Sports,Shoes,Mobile App,1,1589.73,0,1589.73,0,192.71,1782.44,Credit Card,VIP,Delivered,1.8,
ORD103273,07-05-2025,CUST1051,Customer_3273,Mumbai,Sports,Shoes,Mobile App,5,5365.57,10,26827.85,2682.78,171.81,24316.88,Debit Card,New,Cancelled,2.1,
ORD103274,15-02-2025,CUST1149,Customer_3274,Surat,Books,Laptop,Website,2,12583.01,5,25166.02,1258.3,270.41,24178.13,UPI,Returning,Returned,1.2,
ORD103275,14-02-2025,CUST1927,Customer_3275,Ahmedabad,Sports,Watch,Store,3,1141.94,10,3425.82,342.58,30.86,3114.1,Cash on Delivery,Returning,Returned,2.9,
ORD103276,01-01-2025,CUST1587,Customer_3276,Chennai,Books,Shoes,Mobile App,3,14143.8,10,42431.4,4243.14,106.17,38294.43,Debit Card,VIP,Delivered,2.6,
ORD103277,17-06-2025,CUST1818,Customer_3277,Surat,Electronics,Laptop,Website,5,14796.81,10,73984.05,7398.4,175.33,66760.98,Cash on Delivery,Returning,Cancelled,3.2,
ORD103278,18-04-2025,CUST1092,Customer_3278,Delhi,Home & Kitchen,Blender,Website,4,1465.24,0,5860.96,0,78.14,5939.1,Net Banking,VIP,Delivered,2.8,
ORD103279,19-01-2025,CUST1368,Customer_3279,Delhi,Books,T-Shirt,Marketplace,4,4475.4,0,17901.6,0,275.12,18176.72,Cash on Delivery,New,Cancelled,3.9,
ORD103280,28-11-2025,CUST1936,Customer_3280,Delhi,Beauty,Watch,Store,4,5680.15,20,22720.6,4544.12,204.85,18381.33,Debit Card,New,Delivered,3.7,
ORD103281,13-03-2025,CUST1580,Customer_3281,Surat,Beauty,Blender,Mobile App,2,11679.41,20,23358.82,4671.76,159.03,18846.09,Debit Card,New,Returned,2.7,
ORD103282,19-04-2025,CUST1747,Customer_3282,Delhi,Accessories,T-Shirt,Mobile App,5,8999.51,0,44997.55,0,249.97,45247.52,Credit Card,Returning,Delivered,1.2,
ORD103283,25-09-2025,CUST1874,Customer_3283,Mumbai,Electronics,Blender,Marketplace,5,9718.83,0,48594.15,0,151.74,48745.89,Cash on Delivery,New,Delivered,2.4,
ORD103284,28-08-2025,CUST1656,Customer_3284,Hyderabad,Books,Shoes,Website,4,11399.02,0,45596.08,0,180.84,45776.92,Net Banking,New,Delivered,2.3,
ORD103285,28-10-2025,CUST1076,Customer_3285,Surat,Sports,Groceries Pack,Mobile App,4,1901.99,10,7607.96,760.8,30.74,6877.9,Credit Card,Returning,Delivered,1.4,
ORD103286,31-03-2025,CUST1086,Customer_3286,Delhi,Accessories,Skincare Kit,Website,1,12523.16,15,12523.16,1878.47,128.74,10773.43,Credit Card,Returning,Cancelled,2.2,
ORD103287,13-04-2025,CUST1227,Customer_3287,Ahmedabad,Home & Kitchen,Watch,Mobile App,1,10628.45,5,10628.45,531.42,67.47,10164.5,Net Banking,Returning,Delivered,4.9,
ORD103288,07-09-2025,CUST1363,Customer_3288,Surat,Beauty,Headphones,Mobile App,3,8723.52,15,26170.56,3925.58,216.22,22461.2,Credit Card,New,Delivered,4.3,
ORD103289,08-01-2025,CUST1959,Customer_3289,Kolkata,Accessories,Laptop,Website,3,13362.57,15,40087.71,6013.16,159.34,34233.89,Net Banking,VIP,Delivered,4.2,
ORD103290,02-06-2025,CUST1568,Customer_3290,Hyderabad,Accessories,Laptop,Website,5,10549.55,25,52747.75,13186.94,111.47,39672.28,UPI,Returning,Delivered,4.4,
ORD103291,13-12-2025,CUST1592,Customer_3291,Hyderabad,Home & Kitchen,Laptop,Mobile App,5,3145.24,0,15726.2,0,156.31,15882.51,Credit Card,New,Cancelled,4.5,
ORD103292,23-06-2025,CUST1024,Customer_3292,Surat,Home & Kitchen,Groceries Pack,Marketplace,2,6531.72,0,13063.44,0,86.6,13150.04,Debit Card,Returning,Delivered,2.3,
ORD103293,09-12-2025,CUST1739,Customer_3293,Kolkata,Clothing,Blender,Marketplace,2,7486.54,0,14973.08,0,279.77,15252.85,UPI,New,Delivered,2.3,
ORD103294,07-06-2025,CUST1028,Customer_3294,Mumbai,Home & Kitchen,Shoes,Marketplace,1,969.98,20,969.98,194,44.57,820.55,Credit Card,Returning,Delivered,2.3,
ORD103295,03-08-2025,CUST1121,Customer_3295,Surat,Books,Watch,Marketplace,3,14326.37,15,42979.11,6446.87,263.66,36795.9,Net Banking,New,Cancelled,4.3,
ORD103296,26-06-2025,CUST1490,Customer_3296,Kolkata,Grocery,Blender,Marketplace,1,2059.37,10,2059.37,205.94,168.07,2021.5,UPI,VIP,Cancelled,4.2,
ORD103297,24-06-2025,CUST1605,Customer_3297,Delhi,Clothing,Groceries Pack,Website,1,10507.3,0,10507.3,0,197.12,10704.42,UPI,VIP,Delivered,1.1,
ORD103298,06-12-2025,CUST1853,Customer_3298,Delhi,Accessories,T-Shirt,Mobile App,3,7667.53,5,23002.59,1150.13,111.7,21964.16,Debit Card,New,Delivered,4.8,
ORD103299,04-12-2025,CUST1624,Customer_3299,Delhi,Grocery,T-Shirt,Marketplace,2,530.64,5,1061.28,53.06,291.01,1299.23,Credit Card,New,Returned,2.1,
ORD103300,26-05-2025,CUST1890,Customer_3300,Ahmedabad,Electronics,Headphones,Store,3,13882.5,10,41647.5,4164.75,106.1,37588.85,Credit Card,New,Delivered,3.5,
ORD103301,20-11-2025,CUST1345,Customer_3301,Surat,Sports,Novel,Mobile App,4,12799.78,5,51199.12,2559.96,189,48828.16,Net Banking,Returning,Delivered,3.6,
ORD103302,10-06-2025,CUST1999,Customer_3302,Chennai,Clothing,Football,Store,4,7935.23,0,31740.92,0,298.22,32039.14,UPI,New,Delivered,1.5,
ORD103303,07-05-2025,CUST1031,Customer_3303,Surat,Grocery,Headphones,Website,4,3549.79,15,14199.16,2129.87,267.9,12337.19,Debit Card,Returning,Delivered,3.8,
ORD103304,23-03-2025,CUST1655,Customer_3304,Chennai,Home & Kitchen,Shoes,Mobile App,5,1956.1,5,9780.5,489.02,174.81,9466.29,Net Banking,New,Cancelled,3.1,
ORD103305,27-05-2025,CUST1879,Customer_3305,Mumbai,Sports,Football,Website,2,5546.38,10,11092.76,1109.28,297.4,10280.88,Net Banking,Returning,Cancelled,3.4,
ORD103306,27-08-2025,CUST1810,Customer_3306,Hyderabad,Home & Kitchen,Laptop,Store,2,3943.11,0,7886.22,0,219.37,8105.59,Debit Card,Returning,Delivered,2.8,
ORD103307,25-03-2025,CUST1227,Customer_3307,Bengaluru,Home & Kitchen,Laptop,Mobile App,5,7674.36,20,38371.8,7674.36,86.35,30783.79,Credit Card,VIP,Delivered,4.2,
ORD103308,23-04-2025,CUST1870,Customer_3308,Chennai,Clothing,Novel,Mobile App,1,14501.18,10,14501.18,1450.12,139.51,13190.57,Debit Card,New,Delivered,3.5,
ORD103309,13-08-2025,CUST1250,Customer_3309,Chennai,Accessories,Skincare Kit,Website,4,8688.06,20,34752.24,6950.45,120.31,27922.1,Credit Card,Returning,Cancelled,1.8,
ORD103310,28-11-2025,CUST1050,Customer_3310,Bengaluru,Electronics,Headphones,Mobile App,4,13365.48,10,53461.92,5346.19,122.88,48238.61,Cash on Delivery,Returning,Delivered,4,
ORD103311,31-08-2025,CUST1726,Customer_3311,Delhi,Accessories,Watch,Store,1,9815.55,25,9815.55,2453.89,235.32,7596.98,UPI,Returning,Delivered,3,
ORD103312,23-05-2025,CUST1892,Customer_3312,Chennai,Grocery,Watch,Website,3,7207.41,20,21622.23,4324.45,187.75,17485.53,Debit Card,New,Delivered,1.1,
ORD103313,10-02-2025,CUST1389,Customer_3313,Kolkata,Home & Kitchen,Laptop,Store,3,12840.92,10,38522.76,3852.28,40.29,34710.77,Net Banking,New,Delivered,2.6,
ORD103314,15-09-2025,CUST1944,Customer_3314,Bengaluru,Books,T-Shirt,Mobile App,2,7149.82,25,14299.64,3574.91,266.91,10991.64,Credit Card,Returning,Returned,2.6,
ORD103315,12-10-2025,CUST1781,Customer_3315,Hyderabad,Accessories,Shoes,Store,5,13049.13,5,65245.65,3262.28,110.13,62093.5,UPI,Returning,Delivered,4.2,
ORD103316,15-04-2025,CUST1288,Customer_3316,Chennai,Accessories,Blender,Mobile App,2,4479.92,5,8959.84,447.99,299.21,8811.06,UPI,New,Delivered,1.9,
ORD103317,21-07-2025,CUST1707,Customer_3317,Surat,Clothing,Watch,Store,3,2062.87,0,6188.61,0,287.63,6476.24,Debit Card,New,Delivered,2.8,
ORD103318,03-11-2025,CUST1766,Customer_3318,Delhi,Accessories,T-Shirt,Store,1,12851.42,10,12851.42,1285.14,283.94,11850.22,Net Banking,New,Delivered,1.2,
ORD103319,27-11-2025,CUST1591,Customer_3319,Pune,Books,Blender,Marketplace,2,8873.12,15,17746.24,2661.94,249,15333.3,Debit Card,Returning,Delivered,4.5,
ORD103320,23-09-2025,CUST1475,Customer_3320,Ahmedabad,Books,Football,Mobile App,4,13353.02,15,53412.08,8011.81,89.57,45489.84,Net Banking,Returning,Delivered,2.8,
ORD103321,29-07-2025,CUST1756,Customer_3321,Hyderabad,Grocery,Groceries Pack,Marketplace,4,14076.73,0,56306.92,0,173.81,56480.73,Cash on Delivery,Returning,Delivered,4.4,
ORD103322,20-02-2025,CUST1603,Customer_3322,Pune,Home & Kitchen,Blender,Marketplace,1,946.38,10,946.38,94.64,90.56,942.3,Debit Card,New,Delivered,3.7,
ORD103323,28-04-2025,CUST1926,Customer_3323,Chennai,Grocery,Shoes,Website,3,7589.39,0,22768.17,0,100.11,22868.28,Credit Card,New,Cancelled,2.3,
ORD103324,20-07-2025,CUST1006,Customer_3324,Kolkata,Books,Watch,Website,4,5718.22,15,22872.88,3430.93,194.96,19636.91,Debit Card,Returning,Delivered,3.9,
ORD103325,08-02-2025,CUST1793,Customer_3325,Bengaluru,Grocery,Groceries Pack,Store,4,9444,0,37776,0,41.03,37817.03,Debit Card,New,Returned,2.9,
ORD103326,28-01-2025,CUST1412,Customer_3326,Kolkata,Sports,Novel,Mobile App,5,11934.83,20,59674.15,11934.83,291.75,48031.07,Cash on Delivery,New,Delivered,2.4,
ORD103327,16-09-2025,CUST1958,Customer_3327,Hyderabad,Electronics,Blender,Website,2,4316.76,0,8633.52,0,278.04,8911.56,Cash on Delivery,Returning,Delivered,3.7,
ORD103328,25-03-2025,CUST1662,Customer_3328,Pune,Home & Kitchen,Groceries Pack,Marketplace,3,8418.46,5,25255.38,1262.77,132.81,24125.42,Debit Card,New,Delivered,4.1,
ORD103329,04-06-2025,CUST1324,Customer_3329,Mumbai,Books,Groceries Pack,Mobile App,2,10674.62,20,21349.24,4269.85,169.16,17248.55,Net Banking,Returning,Delivered,3.8,
ORD103330,27-04-2025,CUST1399,Customer_3330,Ahmedabad,Electronics,Laptop,Store,3,2146.3,10,6438.9,643.89,155.85,5950.86,Cash on Delivery,New,Delivered,2.9,
ORD103331,02-01-2025,CUST1282,Customer_3331,Jaipur,Grocery,Skincare Kit,Store,4,12238.89,0,48955.56,0,268.19,49223.75,Cash on Delivery,New,Cancelled,2,
ORD103332,03-04-2025,CUST1191,Customer_3332,Hyderabad,Electronics,Blender,Website,5,9150.73,10,45753.65,4575.36,215.92,41394.21,Net Banking,New,Delivered,4.2,
ORD103333,15-06-2025,CUST1786,Customer_3333,Chennai,Sports,Skincare Kit,Website,2,14250.63,0,28501.26,0,105.09,28606.35,UPI,Returning,Returned,2.4,
ORD103334,16-12-2025,CUST1585,Customer_3334,Hyderabad,Sports,Watch,Website,4,5192,25,20768,5192,150.65,15726.65,Cash on Delivery,Returning,Delivered,,
ORD103335,23-10-2025,CUST1959,Customer_3335,Surat,Beauty,T-Shirt,Store,3,1755.97,10,5267.91,526.79,145.82,4886.94,Cash on Delivery,Returning,Returned,1.5,
ORD103336,15-09-2025,CUST1830,Customer_3336,Chennai,Electronics,T-Shirt,Marketplace,2,7671.54,5,15343.08,767.15,289.02,14864.95,Net Banking,Returning,Delivered,4,
ORD103337,22-03-2025,CUST1500,Customer_3337,Kolkata,Home & Kitchen,Watch,Website,2,1424.29,10,2848.58,284.86,77.33,2641.05,Net Banking,New,Returned,4.8,
ORD103338,25-09-2025,CUST1580,Customer_3338,Pune,Sports,Blender,Store,4,14547.47,0,58189.88,0,54.19,58244.07,Debit Card,New,Delivered,2.8,
ORD103339,23-08-2025,CUST1816,Customer_3339,Ahmedabad,Home & Kitchen,Football,Mobile App,2,724.47,15,1448.94,217.34,267.77,1499.37,Debit Card,VIP,Returned,3.2,
ORD103340,17-11-2025,CUST1434,Customer_3340,Ahmedabad,Electronics,Shoes,Store,5,11339.53,25,56697.65,14174.41,272.11,42795.35,UPI,New,Delivered,4.6,
ORD103341,07-11-2025,CUST1063,Customer_3341,Kolkata,Sports,Skincare Kit,Mobile App,5,7947.77,20,39738.85,7947.77,265.37,32056.45,UPI,Returning,Delivered,4.2,
ORD103342,28-10-2025,CUST1453,Customer_3342,Pune,Beauty,Blender,Mobile App,4,5624.02,5,22496.08,1124.8,167.96,21539.24,UPI,VIP,Cancelled,4.8,
ORD103343,23-12-2025,CUST1493,Customer_3343,Mumbai,Electronics,Headphones,Marketplace,3,1127.76,5,3383.28,169.16,208.13,3422.25,Credit Card,New,Cancelled,2.1,
ORD103344,01-08-2025,CUST1646,Customer_3344,Delhi,Home & Kitchen,Laptop,Website,4,9389.18,0,37556.72,0,182.11,37738.83,Net Banking,Returning,Returned,2.9,
ORD103345,03-03-2025,CUST1442,Customer_3345,Ahmedabad,Accessories,Skincare Kit,Mobile App,5,8840.52,15,44202.6,6630.39,48.75,37620.96,Cash on Delivery,New,Delivered,2.8,
ORD103346,18-02-2025,CUST1307,Customer_3346,Hyderabad,Beauty,Blender,Website,1,4321.12,10,4321.12,432.11,190.88,4079.89,Net Banking,New,Cancelled,2.9,
ORD103347,07-05-2025,CUST1780,Customer_3347,Hyderabad,Electronics,Groceries Pack,Store,1,13666.79,10,13666.79,1366.68,33.68,12333.79,Net Banking,New,Returned,4.7,
ORD103348,11-08-2025,CUST1735,Customer_3348,Delhi,Sports,Football,Website,2,4666.03,20,9332.06,1866.41,117.75,7583.4,UPI,Returning,Returned,1.8,
ORD103349,06-10-2025,CUST1943,Customer_3349,Delhi,Books,Laptop,Store,2,6828.42,0,13656.84,0,281.72,13938.56,Net Banking,New,Delivered,4.6,
ORD103350,21-10-2025,CUST1126,Customer_3350,Chennai,Electronics,Watch,Mobile App,1,8224.87,0,8224.87,0,112.09,8336.96,Credit Card,New,Delivered,3.3,
ORD103351,11-10-2025,CUST1265,Customer_3351,Ahmedabad,Clothing,Skincare Kit,Marketplace,5,1638.44,0,8192.2,0,283.75,8475.95,Cash on Delivery,New,Delivered,3.1,
ORD103352,04-10-2025,CUST1007,Customer_3352,Pune,Home & Kitchen,Football,Mobile App,2,13992.6,0,27985.2,0,97.54,28082.74,UPI,New,Returned,,
ORD103353,17-04-2025,CUST1413,Customer_3353,Delhi,Sports,T-Shirt,Store,4,5711.86,0,22847.44,0,114.93,22962.37,Debit Card,VIP,Delivered,3.2,
ORD103354,26-05-2025,CUST1206,Customer_3354,Pune,Sports,Groceries Pack,Mobile App,4,1349.57,10,5398.28,539.83,199.67,5058.12,Cash on Delivery,New,Delivered,4.2,
ORD103355,09-04-2025,CUST1179,Customer_3355,Bengaluru,Clothing,Headphones,Marketplace,5,5901.27,5,29506.35,1475.32,235.64,28266.67,Debit Card,VIP,Delivered,3,
ORD103356,14-03-2025,CUST1468,Customer_3356,Hyderabad,Books,Laptop,Website,2,9063.01,0,18126.02,0,165.37,18291.39,Debit Card,Returning,Returned,4.1,
ORD103357,02-05-2025,CUST1496,Customer_3357,Kolkata,Beauty,Watch,Store,4,7777.74,15,31110.96,4666.64,268.17,26712.49,Net Banking,Returning,Delivered,2.7,
ORD103358,30-01-2025,CUST1695,Customer_3358,Mumbai,Accessories,Watch,Website,2,10463.95,0,20927.9,0,40.86,20968.76,Cash on Delivery,New,Cancelled,1.7,
ORD103359,07-07-2025,CUST1992,Customer_3359,Surat,Sports,Groceries Pack,Marketplace,2,973.94,15,1947.88,292.18,278.99,1934.69,Credit Card,New,Delivered,2.7,
ORD103360,30-12-2025,CUST1443,Customer_3360,Jaipur,Grocery,Football,Mobile App,4,4375.43,5,17501.72,875.09,83,16709.63,Net Banking,Returning,Delivered,3.9,
ORD103361,20-12-2025,CUST1952,Customer_3361,Mumbai,Beauty,Watch,Marketplace,1,12315.57,10,12315.57,1231.56,268.74,11352.75,Debit Card,New,Delivered,4.4,
ORD103362,15-10-2025,CUST1918,Customer_3362,Bengaluru,Beauty,Laptop,Store,4,1336.42,25,5345.68,1336.42,138.23,4147.49,Cash on Delivery,Returning,Cancelled,4.1,
ORD103363,14-07-2025,CUST1228,Customer_3363,Kolkata,Beauty,Shoes,Store,5,12853.97,0,64269.85,0,254.84,64524.69,Net Banking,New,Delivered,2.5,
ORD103364,05-06-2025,CUST1748,Customer_3364,Bengaluru,Books,Watch,Mobile App,3,1514.66,10,4543.98,454.4,211.35,4300.93,Cash on Delivery,VIP,Delivered,3.3,
ORD103365,21-06-2025,CUST1146,Customer_3365,Chennai,Electronics,T-Shirt,Store,4,12541.65,20,50166.6,10033.32,77.5,40210.78,UPI,New,Delivered,2.4,
ORD103366,01-12-2025,CUST1570,Customer_3366,Pune,Clothing,Football,Marketplace,2,5507.71,10,11015.42,1101.54,277.87,10191.75,Credit Card,New,Delivered,3.8,
ORD103367,10-02-2025,CUST1296,Customer_3367,Mumbai,Home & Kitchen,Blender,Store,2,9241.3,5,18482.6,924.13,96.29,17654.76,Credit Card,Returning,Delivered,2.7,
ORD103368,04-03-2025,CUST1241,Customer_3368,Jaipur,Clothing,Groceries Pack,Website,4,2420.37,5,9681.48,484.07,95.92,9293.33,Credit Card,New,Returned,4.1,
ORD103369,23-01-2025,CUST1857,Customer_3369,Surat,Sports,T-Shirt,Marketplace,3,1132.61,15,3397.83,509.67,249.83,3137.99,Debit Card,New,Cancelled,1.1,
ORD103370,26-12-2025,CUST1287,Customer_3370,Surat,Clothing,Skincare Kit,Marketplace,4,3356.68,20,13426.72,2685.34,58.59,10799.97,Debit Card,New,Delivered,2.4,
ORD103371,16-03-2025,CUST1952,Customer_3371,Mumbai,Home & Kitchen,Watch,Store,3,2048.63,0,6145.89,0,89.95,6235.84,Credit Card,New,Delivered,4.5,
ORD103372,17-02-2025,CUST1675,Customer_3372,Delhi,Electronics,Headphones,Mobile App,3,4789.23,0,14367.69,0,165.99,14533.68,Cash on Delivery,New,Delivered,2.3,
ORD103373,09-06-2025,CUST1026,Customer_3373,Surat,Sports,T-Shirt,Mobile App,5,7788.59,5,38942.95,1947.15,254.23,37250.03,UPI,New,Delivered,2.6,
ORD103374,09-11-2025,CUST1452,Customer_3374,Chennai,Electronics,Shoes,Mobile App,2,8893.08,0,17786.16,0,69.82,17855.98,Debit Card,Returning,Delivered,4.2,
ORD103375,28-04-2025,CUST1106,Customer_3375,Pune,Sports,Skincare Kit,Store,2,11879.54,5,23759.08,1187.95,177.87,22749,Net Banking,New,Cancelled,1.4,
ORD103376,10-04-2025,CUST1240,Customer_3376,Surat,Home & Kitchen,Laptop,Store,3,9895.16,0,29685.48,0,222.03,29907.51,Net Banking,Returning,Returned,2.2,
ORD103377,16-06-2025,CUST1852,Customer_3377,Delhi,Electronics,Skincare Kit,Store,2,9190.06,0,18380.12,0,262.36,18642.48,Debit Card,Returning,Delivered,4.1,
ORD103378,17-10-2025,CUST1418,Customer_3378,Mumbai,Home & Kitchen,Shoes,Marketplace,1,6264.96,0,6264.96,0,282.6,6547.56,Credit Card,New,Delivered,4.8,
ORD103379,05-06-2025,CUST1332,Customer_3379,Hyderabad,Home & Kitchen,Novel,Marketplace,3,7186.06,25,21558.18,5389.54,241.85,16410.49,Cash on Delivery,New,Returned,4.1,
ORD103380,07-01-2025,CUST1912,Customer_3380,Surat,Books,Groceries Pack,Store,2,6305.63,0,12611.26,0,206.26,12817.52,UPI,VIP,Delivered,1.7,
ORD103381,15-07-2025,CUST1891,Customer_3381,Ahmedabad,Clothing,Novel,Mobile App,1,12656.17,0,12656.17,0,147.08,12803.25,Net Banking,Returning,Delivered,4.3,
ORD103382,25-02-2025,CUST1042,Customer_3382,Jaipur,Sports,Novel,Website,5,3565.51,0,17827.55,0,60.27,17887.82,Debit Card,New,Delivered,2.9,
ORD103383,17-11-2025,CUST1645,Customer_3383,Pune,Beauty,Headphones,Mobile App,2,234.96,25,469.92,117.48,221.63,574.07,Cash on Delivery,VIP,Delivered,4.1,
ORD103384,12-07-2025,CUST1829,Customer_3384,Pune,Beauty,Watch,Marketplace,1,9822.1,15,9822.1,1473.32,298.04,8646.82,Credit Card,Returning,Delivered,2,
ORD103385,16-02-2025,CUST1556,Customer_3385,Mumbai,Electronics,Headphones,Marketplace,4,3156.56,15,12626.24,1893.94,228.93,10961.23,UPI,New,Delivered,2.4,
ORD103386,28-05-2025,CUST1035,Customer_3386,Chennai,Home & Kitchen,Skincare Kit,Mobile App,4,13368.21,0,53472.84,0,34.51,53507.35,UPI,VIP,Returned,4.6,
ORD103387,02-10-2025,CUST1876,Customer_3387,Pune,Clothing,Blender,Mobile App,1,12906.84,20,12906.84,2581.37,163.99,10489.46,Net Banking,New,Delivered,4.6,
ORD103388,06-06-2025,CUST1347,Customer_3388,Jaipur,Sports,Skincare Kit,Marketplace,3,1289.4,5,3868.2,193.41,195.95,3870.74,Net Banking,VIP,Delivered,2.1,
ORD103389,21-07-2025,CUST1384,Customer_3389,Pune,Electronics,Groceries Pack,Marketplace,3,1729.87,5,5189.61,259.48,216.21,5146.34,Debit Card,New,Delivered,1.3,
ORD103390,06-05-2025,CUST1513,Customer_3390,Kolkata,Home & Kitchen,Watch,Store,2,7503.3,10,15006.6,1500.66,224.33,13730.27,UPI,New,Delivered,4.7,
ORD103391,01-11-2025,CUST1738,Customer_3391,Pune,Books,Football,Website,4,9196.96,20,36787.84,7357.57,180.69,29610.96,Credit Card,Returning,Delivered,2.2,
ORD103392,21-10-2025,CUST1811,Customer_3392,Delhi,Beauty,Blender,Store,3,4232.39,15,12697.17,1904.58,90.31,10882.9,Credit Card,New,Delivered,1.5,
ORD103393,05-03-2025,CUST1288,Customer_3393,Mumbai,Beauty,Watch,Store,3,10794.45,20,32383.35,6476.67,284.39,26191.07,Debit Card,New,Cancelled,2.4,
ORD103394,21-11-2025,CUST1748,Customer_3394,Pune,Sports,Football,Mobile App,4,8984.5,25,35938,8984.5,218.1,27171.6,UPI,Returning,Delivered,2.1,
ORD103395,25-06-2025,CUST1871,Customer_3395,Surat,Sports,Novel,Mobile App,5,4973.64,0,24868.2,0,93.95,24962.15,Net Banking,New,Delivered,1.3,
ORD103396,26-04-2025,CUST1959,Customer_3396,Surat,Sports,Laptop,Website,3,526.77,5,1580.31,79.02,117.03,1618.32,Credit Card,VIP,Delivered,4.9,
ORD103397,23-07-2025,CUST1033,Customer_3397,Pune,Electronics,Watch,Store,1,11289.73,0,11289.73,0,278.92,11568.65,Cash on Delivery,New,Delivered,2.2,
ORD103398,17-11-2025,CUST1095,Customer_3398,Hyderabad,Sports,Football,Store,2,3339.09,20,6678.18,1335.64,269.62,5612.16,Debit Card,VIP,Delivered,2.1,
ORD103399,31-01-2025,CUST1205,Customer_3399,Mumbai,Accessories,Shoes,Marketplace,3,12541.94,0,37625.82,0,139.39,37765.21,Credit Card,New,Returned,2.7,
ORD103400,23-04-2025,CUST1621,Customer_3400,Pune,Electronics,Blender,Marketplace,3,6391.31,20,19173.93,3834.79,40.34,15379.48,Cash on Delivery,Returning,Returned,2.7,
ORD103401,31-12-2025,CUST1834,Customer_3401,Ahmedabad,Clothing,Headphones,Website,5,8719.6,5,43598,2179.9,43.09,41461.19,Cash on Delivery,New,Returned,2.7,
ORD103402,21-11-2025,CUST1030,Customer_3402,Delhi,Home & Kitchen,Watch,Mobile App,1,13113.29,5,13113.29,655.66,106.66,12564.29,Credit Card,Returning,Delivered,4.6,
ORD103403,10-12-2025,CUST1266,Customer_3403,Delhi,Beauty,Blender,Marketplace,2,12974.8,0,25949.6,0,199.86,26149.46,Debit Card,New,Returned,1.2,
ORD103404,08-03-2025,CUST1023,Customer_3404,Delhi,Grocery,Groceries Pack,Website,3,5667.07,5,17001.21,850.06,187.73,16338.88,Cash on Delivery,New,Cancelled,4.8,
ORD103405,16-03-2025,CUST1609,Customer_3405,Delhi,Grocery,Laptop,Store,2,3252,20,6504,1300.8,201.13,5404.33,Cash on Delivery,New,Delivered,3.7,
ORD103406,14-02-2025,CUST1039,Customer_3406,Jaipur,Electronics,T-Shirt,Website,4,11660.92,0,46643.68,0,223.67,46867.35,UPI,New,Delivered,3.8,
ORD103407,17-09-2025,CUST1173,Customer_3407,Ahmedabad,Home & Kitchen,Shoes,Website,3,6581.24,5,19743.72,987.19,35.14,18791.67,UPI,New,Returned,1.6,
ORD103408,03-06-2025,CUST1760,Customer_3408,Hyderabad,Books,Groceries Pack,Marketplace,3,3001.82,0,9005.46,0,58.37,9063.83,UPI,Returning,Delivered,2.3,
ORD103409,04-06-2025,CUST1891,Customer_3409,Hyderabad,Sports,Headphones,Marketplace,4,13580.72,5,54322.88,2716.14,127.06,51733.8,Cash on Delivery,New,Delivered,1.2,
ORD103410,29-12-2025,CUST1413,Customer_3410,Ahmedabad,Beauty,Football,Store,5,3091.85,0,15459.25,0,71.81,15531.06,Cash on Delivery,New,Delivered,3.6,
ORD103411,22-08-2025,CUST1414,Customer_3411,Ahmedabad,Books,Groceries Pack,Store,3,533.24,5,1599.72,79.99,50.34,1570.07,Debit Card,VIP,Delivered,2.4,
ORD103412,20-02-2025,CUST1674,Customer_3412,Delhi,Accessories,Watch,Store,2,451.16,20,902.32,180.46,203.06,924.92,Net Banking,Returning,Delivered,3.2,
ORD103413,02-11-2025,CUST1692,Customer_3413,Jaipur,Electronics,Shoes,Website,1,9391.38,10,9391.38,939.14,250.14,8702.38,UPI,VIP,Delivered,4,
ORD103414,19-09-2025,CUST1615,Customer_3414,Hyderabad,Sports,Blender,Website,2,9975.87,5,19951.74,997.59,233.21,19187.36,Net Banking,VIP,Delivered,3.2,
ORD103415,11-11-2025,CUST1209,Customer_3415,Bengaluru,Accessories,Watch,Marketplace,5,4768.97,10,23844.85,2384.48,250.6,21710.97,UPI,New,Delivered,1.3,
ORD103416,05-05-2025,CUST1022,Customer_3416,Pune,Home & Kitchen,Shoes,Store,1,4902.16,0,4902.16,0,209.78,5111.94,UPI,VIP,Delivered,1.2,
ORD103417,02-09-2025,CUST1005,Customer_3417,Surat,Accessories,Football,Marketplace,2,5191.48,5,10382.96,519.15,228.54,10092.35,Debit Card,New,Delivered,4.5,
ORD103418,30-01-2025,CUST1651,Customer_3418,Delhi,Clothing,Novel,Store,2,10250.35,10,20500.7,2050.07,103.38,18554.01,Debit Card,VIP,Delivered,2,
ORD103419,02-05-2025,CUST1214,Customer_3419,Hyderabad,Home & Kitchen,Novel,Store,4,1013.29,0,4053.16,0,298.11,4351.27,Credit Card,Returning,Delivered,2.4,
ORD103420,05-05-2025,CUST1672,Customer_3420,Hyderabad,Electronics,T-Shirt,Marketplace,5,13947.38,15,69736.9,10460.53,79.45,59355.82,UPI,Returning,Delivered,1.9,
ORD103421,06-02-2025,CUST1920,Customer_3421,Hyderabad,Clothing,Headphones,Marketplace,4,3454.44,10,13817.76,1381.78,87.91,12523.89,UPI,Returning,Delivered,3.8,
ORD103422,19-06-2025,CUST1907,Customer_3422,Kolkata,Clothing,Skincare Kit,Marketplace,1,14995.15,15,14995.15,2249.27,108.01,12853.89,UPI,VIP,Delivered,2.5,
ORD103423,04-05-2025,CUST1139,Customer_3423,Surat,Sports,Laptop,Store,4,2697.11,25,10788.44,2697.11,293.34,8384.67,Debit Card,Returning,Delivered,2.8,
ORD103424,23-12-2025,CUST1657,Customer_3424,Jaipur,Home & Kitchen,Groceries Pack,Website,5,11607.46,0,58037.3,0,296.84,58334.14,UPI,New,Cancelled,3.7,
ORD103425,04-02-2025,CUST1672,Customer_3425,Hyderabad,Electronics,Football,Marketplace,3,3467.68,5,10403.04,520.15,244.62,10127.51,Credit Card,New,Cancelled,3.5,
ORD103426,28-03-2025,CUST1595,Customer_3426,Mumbai,Books,Novel,Marketplace,3,1350.58,5,4051.74,202.59,199.85,4049,Cash on Delivery,Returning,Delivered,4.1,
ORD103427,14-05-2025,CUST1667,Customer_3427,Bengaluru,Books,Football,Website,1,13142.76,0,13142.76,0,170.42,13313.18,Credit Card,New,Returned,4,
ORD103428,15-07-2025,CUST1800,Customer_3428,Hyderabad,Clothing,Blender,Website,3,12902.46,20,38707.38,7741.48,292.07,31257.97,Cash on Delivery,Returning,Cancelled,2.8,
ORD103429,01-10-2025,CUST1317,Customer_3429,Kolkata,Sports,Blender,Mobile App,4,6143.02,15,24572.08,3685.81,217.82,21104.09,Debit Card,Returning,Delivered,1.8,
ORD103430,20-07-2025,CUST1793,Customer_3430,Mumbai,Accessories,Football,Marketplace,1,10580.58,10,10580.58,1058.06,285.08,9807.6,Net Banking,New,Returned,1.9,
ORD103431,12-10-2025,CUST1576,Customer_3431,Hyderabad,Books,Football,Mobile App,5,8422.43,10,42112.15,4211.22,115.47,38016.4,Debit Card,Returning,Delivered,3.8,
ORD103432,18-03-2025,CUST1704,Customer_3432,Surat,Clothing,Headphones,Mobile App,1,12816.4,0,12816.4,0,120.12,12936.52,Net Banking,Returning,Delivered,2,
ORD103433,28-02-2025,CUST1156,Customer_3433,Surat,Grocery,Headphones,Website,1,4828.58,10,4828.58,482.86,260.78,4606.5,Cash on Delivery,VIP,Delivered,2.8,
ORD103434,06-05-2025,CUST1424,Customer_3434,Surat,Accessories,Football,Store,2,7926.54,15,15853.08,2377.96,70.46,13545.58,Net Banking,New,Delivered,1.4,
ORD103435,19-04-2025,CUST1500,Customer_3435,Chennai,Home & Kitchen,Blender,Store,2,7357.78,10,14715.56,1471.56,285.4,13529.4,Cash on Delivery,VIP,Delivered,1.5,
ORD103436,12-08-2025,CUST1091,Customer_3436,Jaipur,Books,Headphones,Website,1,5405.5,5,5405.5,270.27,167.02,5302.25,Net Banking,VIP,Delivered,2,
ORD103437,05-10-2025,CUST1654,Customer_3437,Kolkata,Beauty,Laptop,Mobile App,3,13388.11,15,40164.33,6024.65,280.13,34419.81,Cash on Delivery,Returning,Cancelled,1.3,
ORD103438,09-03-2025,CUST1042,Customer_3438,Pune,Grocery,Groceries Pack,Mobile App,2,2613.29,5,5226.58,261.33,120.93,5086.18,Net Banking,VIP,Returned,2.1,
ORD103439,10-03-2025,CUST1761,Customer_3439,Kolkata,Electronics,Novel,Mobile App,5,2370.2,10,11851,1185.1,223.31,10889.21,Cash on Delivery,Returning,Cancelled,3.3,
ORD103440,14-06-2025,CUST1295,Customer_3440,Kolkata,Grocery,Headphones,Mobile App,4,8717.11,10,34868.44,3486.84,160.38,31541.98,Credit Card,New,Delivered,4,
ORD103441,01-11-2025,CUST1770,Customer_3441,Chennai,Beauty,Headphones,Marketplace,2,9913.79,5,19827.58,991.38,199.24,19035.44,UPI,Returning,Cancelled,1.1,
ORD103442,11-06-2025,CUST1337,Customer_3442,Mumbai,Home & Kitchen,T-Shirt,Mobile App,1,3040.1,15,3040.1,456.02,166.18,2750.26,Credit Card,Returning,Delivered,3.4,
ORD103443,31-12-2025,CUST1001,Customer_3443,Jaipur,Accessories,Shoes,Website,3,5952.15,20,17856.45,3571.29,291.12,14576.28,Debit Card,VIP,Returned,2.5,
ORD103444,08-12-2025,CUST1109,Customer_3444,Pune,Beauty,Groceries Pack,Mobile App,4,14206.47,0,56825.88,0,216.87,57042.75,Net Banking,Returning,Cancelled,1.9,
ORD103445,05-11-2025,CUST1928,Customer_3445,Jaipur,Home & Kitchen,Skincare Kit,Mobile App,2,3812.27,25,7624.54,1906.14,97.86,5816.26,Cash on Delivery,Returning,Delivered,1.1,
ORD103446,09-12-2025,CUST1979,Customer_3446,Mumbai,Home & Kitchen,T-Shirt,Website,3,10075.16,10,30225.48,3022.55,275.61,27478.54,Credit Card,Returning,Cancelled,2.3,
ORD103447,11-02-2025,CUST1125,Customer_3447,Chennai,Sports,Novel,Mobile App,3,11141.22,15,33423.66,5013.55,109.39,28519.5,Credit Card,New,Delivered,4.2,
ORD103448,20-12-2025,CUST1064,Customer_3448,Pune,Grocery,Skincare Kit,Store,3,6804.71,20,20414.13,4082.83,130.33,16461.63,Cash on Delivery,New,Delivered,3.1,
ORD103449,19-04-2025,CUST1206,Customer_3449,Bengaluru,Beauty,Novel,Website,1,14072.26,10,14072.26,1407.23,57.57,12722.6,Net Banking,Returning,Returned,4.1,
ORD103450,20-02-2025,CUST1415,Customer_3450,Surat,Clothing,Watch,Marketplace,5,11089.35,20,55446.75,11089.35,272.99,44630.39,Debit Card,New,Delivered,2.6,
ORD103451,07-09-2025,CUST1954,Customer_3451,Hyderabad,Home & Kitchen,Headphones,Marketplace,3,6950.18,0,20850.54,0,107.25,20957.79,Debit Card,New,Returned,4.4,
ORD103452,07-12-2025,CUST1850,Customer_3452,Pune,Grocery,Novel,Website,4,8604.63,0,34418.52,0,99.91,34518.43,Debit Card,Returning,Delivered,1.6,
ORD103453,21-01-2025,CUST1244,Customer_3453,Hyderabad,Beauty,Blender,Marketplace,2,10435.31,15,20870.62,3130.59,278.47,18018.5,Cash on Delivery,Returning,Delivered,4.3,
ORD103454,27-10-2025,CUST1590,Customer_3454,Kolkata,Clothing,Watch,Marketplace,4,8944.02,20,35776.08,7155.22,247.49,28868.35,Credit Card,Returning,Delivered,2.9,
ORD103455,19-05-2025,CUST1623,Customer_3455,Ahmedabad,Electronics,Shoes,Marketplace,1,13198.66,20,13198.66,2639.73,68.09,10627.02,Debit Card,VIP,Delivered,4,
ORD103456,25-12-2025,CUST1654,Customer_3456,Ahmedabad,Clothing,T-Shirt,Website,1,5449.8,10,5449.8,544.98,237.72,5142.54,Credit Card,New,Delivered,2,
ORD103457,20-11-2025,CUST1216,Customer_3457,Hyderabad,Beauty,Groceries Pack,Mobile App,4,4603.3,10,18413.2,1841.32,276.52,16848.4,Debit Card,New,Delivered,2.9,
ORD103458,02-04-2025,CUST1965,Customer_3458,Mumbai,Accessories,Watch,Marketplace,5,3325.51,5,16627.55,831.38,51.2,15847.37,Debit Card,Returning,Delivered,3.9,
ORD103459,07-10-2025,CUST1528,Customer_3459,Jaipur,Accessories,Football,Store,1,711.08,25,711.08,177.77,252.81,786.12,Net Banking,Returning,Delivered,2.9,
ORD103460,05-05-2025,CUST1965,Customer_3460,Chennai,Beauty,Football,Mobile App,1,788.76,5,788.76,39.44,177.8,927.12,Cash on Delivery,Returning,Delivered,2.8,
ORD103461,21-04-2025,CUST1566,Customer_3461,Hyderabad,Clothing,Skincare Kit,Mobile App,4,13070.32,15,52281.28,7842.19,210.68,44649.77,Net Banking,New,Cancelled,4.2,
ORD103462,20-12-2025,CUST1653,Customer_3462,Bengaluru,Clothing,Groceries Pack,Marketplace,1,10224.14,10,10224.14,1022.41,163.07,9364.8,Credit Card,Returning,Delivered,1.6,
ORD103463,19-05-2025,CUST1380,Customer_3463,Kolkata,Books,T-Shirt,Marketplace,5,9958.91,10,49794.55,4979.46,218.41,45033.5,Credit Card,Returning,Cancelled,2.9,
ORD103464,30-09-2025,CUST1848,Customer_3464,Chennai,Home & Kitchen,Laptop,Mobile App,5,9277.45,5,46387.25,2319.36,39.21,44107.1,Cash on Delivery,New,Delivered,4.3,
ORD103465,09-04-2025,CUST1079,Customer_3465,Chennai,Beauty,Football,Marketplace,5,12760.9,25,63804.5,15951.12,235.93,48089.31,Debit Card,New,Delivered,4.4,
ORD103466,09-09-2025,CUST1415,Customer_3466,Pune,Home & Kitchen,Groceries Pack,Website,2,7281.96,10,14563.92,1456.39,39,13146.53,Cash on Delivery,Returning,Cancelled,1.5,
ORD103467,04-12-2025,CUST1453,Customer_3467,Ahmedabad,Home & Kitchen,Skincare Kit,Website,5,13075.6,25,65378,16344.5,152.93,49186.43,Debit Card,New,Cancelled,4.4,
ORD103468,14-04-2025,CUST1149,Customer_3468,Mumbai,Grocery,Watch,Marketplace,5,5487.76,0,27438.8,0,70.76,27509.56,UPI,New,Delivered,1,
ORD103469,02-08-2025,CUST1639,Customer_3469,Jaipur,Electronics,Headphones,Mobile App,2,13911.61,10,27823.22,2782.32,252.37,25293.27,UPI,New,Delivered,4.4,
ORD103470,06-09-2025,CUST1670,Customer_3470,Pune,Grocery,Novel,Marketplace,3,10525.06,15,31575.18,4736.28,114.69,26953.59,Cash on Delivery,New,Returned,2.1,
ORD103471,01-06-2025,CUST1791,Customer_3471,Mumbai,Beauty,Groceries Pack,Store,1,3969.08,15,3969.08,595.36,152.61,3526.33,UPI,New,Delivered,3.3,
ORD103472,07-09-2025,CUST1038,Customer_3472,Pune,Home & Kitchen,Watch,Website,5,8526.66,20,42633.3,8526.66,145.76,34252.4,UPI,New,Delivered,1,
ORD103473,02-10-2025,CUST1157,Customer_3473,Jaipur,Accessories,Novel,Mobile App,1,8065.5,0,8065.5,0,238.58,8304.08,Credit Card,New,Delivered,3.9,
ORD103474,14-06-2025,CUST1333,Customer_3474,Bengaluru,Electronics,Groceries Pack,Store,4,2197.8,0,8791.2,0,159.91,8951.11,Debit Card,Returning,Delivered,2.7,
ORD103475,07-12-2025,CUST1288,Customer_3475,Delhi,Books,Laptop,Marketplace,1,8929.96,10,8929.96,893,243.02,8279.98,UPI,New,Delivered,4.4,
ORD103476,08-01-2025,CUST1112,Customer_3476,Pune,Accessories,T-Shirt,Website,2,4824.57,0,9649.14,0,49.85,9698.99,Net Banking,Returning,Delivered,3.2,
ORD103477,11-10-2025,CUST1702,Customer_3477,Chennai,Home & Kitchen,T-Shirt,Store,1,927.38,25,927.38,231.84,81.73,777.27,Credit Card,Returning,Delivered,4.3,
ORD103478,05-01-2025,CUST1618,Customer_3478,Mumbai,Accessories,Groceries Pack,Mobile App,1,14237.54,0,14237.54,0,178.91,14416.45,Debit Card,New,Delivered,3.4,
ORD103479,25-05-2025,CUST1091,Customer_3479,Ahmedabad,Home & Kitchen,T-Shirt,Website,1,9676.13,10,9676.13,967.61,285.71,8994.23,Credit Card,New,Delivered,4,
ORD103480,11-04-2025,CUST1866,Customer_3480,Pune,Books,Watch,Marketplace,3,13172.25,0,39516.75,0,50.18,39566.93,Net Banking,Returning,Cancelled,4,
ORD103481,13-06-2025,CUST1813,Customer_3481,Chennai,Beauty,Laptop,Marketplace,3,10189.43,10,30568.29,3056.83,41.63,27553.09,Debit Card,New,Delivered,2,
ORD103482,27-05-2025,CUST1049,Customer_3482,Jaipur,Grocery,T-Shirt,Website,4,5451.21,5,21804.84,1090.24,72.27,20786.87,Cash on Delivery,Returning,Cancelled,3.3,
ORD103483,05-03-2025,CUST1161,Customer_3483,Jaipur,Accessories,Headphones,Store,2,7763.42,0,15526.84,0,203.11,15729.95,Cash on Delivery,Returning,Delivered,4.5,
ORD103484,01-04-2025,CUST1516,Customer_3484,Surat,Clothing,Groceries Pack,Website,1,10184.84,5,10184.84,509.24,137.73,9813.33,Credit Card,New,Cancelled,4.5,
ORD103485,27-04-2025,CUST1402,Customer_3485,Kolkata,Books,Laptop,Website,1,14409.75,5,14409.75,720.49,252.9,13942.16,Cash on Delivery,Returning,Delivered,2.5,
ORD103486,20-12-2025,CUST1710,Customer_3486,Ahmedabad,Clothing,Headphones,Website,1,3916.99,25,3916.99,979.25,49.42,2987.16,Debit Card,VIP,Cancelled,2.3,
ORD103487,24-09-2025,CUST1320,Customer_3487,Chennai,Beauty,Laptop,Store,1,13143.41,0,13143.41,0,83.03,13226.44,Net Banking,New,Delivered,3.6,
ORD103488,06-11-2025,CUST1924,Customer_3488,Surat,Accessories,Groceries Pack,Website,3,13872.56,10,41617.68,4161.77,111.01,37566.92,Net Banking,New,Returned,4.1,
ORD103489,22-06-2025,CUST1364,Customer_3489,Jaipur,Grocery,Football,Mobile App,4,10105.67,25,40422.68,10105.67,199.22,30516.23,Cash on Delivery,Returning,Delivered,1.1,
ORD103490,16-02-2025,CUST1889,Customer_3490,Hyderabad,Clothing,Laptop,Marketplace,5,13979.31,15,69896.55,10484.48,215,59627.07,UPI,VIP,Delivered,1.4,
ORD103491,20-05-2025,CUST1442,Customer_3491,Surat,Grocery,Watch,Store,2,6058.5,25,12117,3029.25,63.53,9151.28,UPI,New,Delivered,4.1,
ORD103492,03-09-2025,CUST1475,Customer_3492,Bengaluru,Accessories,Skincare Kit,Mobile App,1,14302.29,25,14302.29,3575.57,284.83,11011.55,UPI,New,Delivered,2.7,
ORD103493,29-05-2025,CUST1766,Customer_3493,Chennai,Sports,Blender,Website,4,10586.33,10,42345.32,4234.53,122.08,38232.87,Cash on Delivery,New,Delivered,3.7,
ORD103494,03-09-2025,CUST1602,Customer_3494,Delhi,Clothing,Watch,Mobile App,5,773.79,15,3868.95,580.34,222.56,3511.17,Cash on Delivery,New,Delivered,4.3,
ORD103495,05-01-2025,CUST1312,Customer_3495,Mumbai,Grocery,Blender,Store,4,13617.06,0,54468.24,0,171.54,54639.78,Cash on Delivery,New,Delivered,4,
ORD103496,03-07-2025,CUST1532,Customer_3496,Hyderabad,Books,Shoes,Marketplace,3,7344.42,10,22033.26,2203.33,90.14,19920.07,Debit Card,New,Cancelled,4.2,
ORD103497,20-01-2025,CUST1589,Customer_3497,Mumbai,Home & Kitchen,T-Shirt,Store,5,6985.86,20,34929.3,6985.86,258.48,28201.92,UPI,Returning,Returned,3.1,
ORD103498,15-02-2025,CUST1220,Customer_3498,Hyderabad,Home & Kitchen,Novel,Website,4,8562.03,10,34248.12,3424.81,250.92,31074.23,Credit Card,VIP,Delivered,1.6,
ORD103499,12-01-2025,CUST1674,Customer_3499,Surat,Electronics,Football,Website,3,2368.36,15,7105.08,1065.76,136.94,6176.26,Debit Card,Returning,Delivered,2.9,
ORD103500,11-03-2025,CUST1497,Customer_3500,Delhi,Accessories,Blender,Marketplace,4,7117.12,15,28468.48,4270.27,188.92,24387.13,Debit Card,Returning,Cancelled,4.9,
ORD103501,17-01-2025,CUST1343,Customer_3501,Mumbai,Books,Groceries Pack,Store,4,12492.24,5,49968.96,2498.45,99.61,47570.12,Cash on Delivery,New,Delivered,2.2,
ORD103502,27-05-2025,CUST1906,Customer_3502,Jaipur,Accessories,Football,Store,5,379.91,20,1899.55,379.91,216.26,1735.9,Cash on Delivery,New,Delivered,2.7,
ORD103503,03-06-2025,CUST1627,Customer_3503,Bengaluru,Grocery,Watch,Store,3,4202.82,10,12608.46,1260.85,113.44,11461.05,Debit Card,Returning,Delivered,4.1,
ORD103504,31-10-2025,CUST1094,Customer_3504,Bengaluru,Beauty,Headphones,Mobile App,1,186.45,0,186.45,0,257.9,444.35,Cash on Delivery,Returning,Delivered,1.3,
ORD103505,18-04-2025,CUST1918,Customer_3505,Chennai,Electronics,Football,Marketplace,2,6323.31,20,12646.62,2529.32,88.69,10205.99,UPI,Returning,Delivered,4,
ORD103506,24-08-2025,CUST1133,Customer_3506,Jaipur,Accessories,Football,Store,5,10965.49,5,54827.45,2741.37,34,52120.08,Debit Card,New,Cancelled,2.1,
ORD103507,04-11-2025,CUST1501,Customer_3507,Kolkata,Home & Kitchen,Shoes,Marketplace,3,12011.76,15,36035.28,5405.29,102.5,30732.49,Debit Card,Returning,Delivered,2.1,
ORD103508,18-12-2025,CUST1172,Customer_3508,Surat,Home & Kitchen,Novel,Mobile App,4,14186.07,10,56744.28,5674.43,81.58,51151.43,Debit Card,New,Delivered,3.3,
ORD103509,11-03-2025,CUST1626,Customer_3509,Jaipur,Electronics,Shoes,Store,3,9186.29,5,27558.87,1377.94,167.24,26348.17,Cash on Delivery,New,Delivered,2,
ORD103510,02-07-2025,CUST1009,Customer_3510,Bengaluru,Books,Football,Mobile App,2,3931.21,20,7862.42,1572.48,85,6374.94,Debit Card,New,Returned,3.6,
ORD103511,07-09-2025,CUST1811,Customer_3511,Unkonwn,Sports,Shoes,Website,2,13873.6,10,27747.2,2774.72,236.06,25208.54,Credit Card,VIP,Delivered,4.6,
ORD103512,16-08-2025,CUST1772,Customer_3512,Surat,Clothing,Novel,Website,1,11663.44,5,11663.44,583.17,95.17,11175.44,Credit Card,New,Delivered,2.6,
ORD103513,12-04-2025,CUST1682,Customer_3513,Pune,Grocery,T-Shirt,Website,1,8680.26,0,8680.26,0,220.88,8901.14,UPI,VIP,Cancelled,4.8,
ORD103514,16-03-2025,CUST1321,Customer_3514,Chennai,Accessories,Headphones,Marketplace,2,10480.26,20,20960.52,4192.1,186.19,16954.61,Debit Card,VIP,Delivered,4.8,
ORD103515,04-08-2025,CUST1098,Customer_3515,Mumbai,Grocery,Watch,Store,5,13876.1,0,69380.5,0,296.29,69676.79,Debit Card,Returning,Cancelled,1.8,
ORD103516,22-07-2025,CUST1169,Customer_3516,Bengaluru,Sports,Skincare Kit,Store,5,10729.05,20,53645.25,10729.05,299.97,43216.17,Cash on Delivery,VIP,Returned,2.7,
ORD103517,11-07-2025,CUST1960,Customer_3517,Hyderabad,Sports,Football,Mobile App,4,5620.36,5,22481.44,1124.07,264.77,21622.14,Net Banking,New,Delivered,5,
ORD103518,06-09-2025,CUST1311,Customer_3518,Jaipur,Accessories,Football,Mobile App,1,10738.47,10,10738.47,1073.85,235.2,9899.82,Net Banking,Returning,Delivered,1.5,
ORD103519,30-08-2025,CUST1730,Customer_3519,Surat,Sports,Skincare Kit,Website,4,748.13,25,2992.52,748.13,134.34,2378.73,Debit Card,Returning,Delivered,2.9,
ORD103520,28-06-2025,CUST1914,Customer_3520,Hyderabad,Grocery,Novel,Marketplace,1,5888.27,0,5888.27,0,233.38,6121.65,UPI,New,Delivered,2.7,
ORD103521,07-08-2025,CUST1912,Customer_3521,Hyderabad,Accessories,Skincare Kit,Marketplace,2,6183.9,10,12367.8,1236.78,288.3,11419.32,Credit Card,Returning,Delivered,4.2,
ORD103522,23-03-2025,CUST1343,Customer_3522,Hyderabad,Books,Skincare Kit,Mobile App,5,2627.55,15,13137.75,1970.66,36.31,11203.4,Debit Card,New,Delivered,1.6,
ORD103523,02-04-2025,CUST1430,Customer_3523,Bengaluru,Sports,T-Shirt,Mobile App,5,492.82,15,2464.1,369.62,175.24,2269.72,Debit Card,New,Returned,1.9,
ORD103524,24-06-2025,CUST1932,Customer_3524,Delhi,Clothing,Headphones,Store,2,2130.71,10,4261.42,426.14,88.86,3924.14,UPI,VIP,Delivered,1.7,
ORD103525,27-08-2025,CUST1858,Customer_3525,Ahmedabad,Beauty,Football,Store,4,9871.13,10,39484.52,3948.45,180.63,35716.7,UPI,Returning,Delivered,1.7,
ORD103526,17-09-2025,CUST1962,Customer_3526,Mumbai,Electronics,Skincare Kit,Mobile App,4,12063.99,15,48255.96,7238.39,155.94,41173.51,Net Banking,New,Delivered,2,
ORD103527,31-12-2025,CUST1556,Customer_3527,Mumbai,Accessories,Laptop,Store,3,14824.82,20,44474.46,8894.89,185.46,35765.03,Debit Card,VIP,Delivered,3.1,
ORD103528,12-06-2025,CUST1500,Customer_3528,Surat,Sports,Headphones,Mobile App,1,5293.5,15,5293.5,794.02,178.76,4678.24,Debit Card,New,Delivered,3.8,
ORD103529,17-02-2025,CUST1773,Customer_3529,Chennai,Sports,Headphones,Marketplace,4,9050.78,5,36203.12,1810.16,289.23,34682.19,Cash on Delivery,VIP,Delivered,2.5,
ORD103530,25-11-2025,CUST1285,Customer_3530,Hyderabad,Electronics,Laptop,Website,2,14066.6,25,28133.2,7033.3,179.09,21278.99,Credit Card,VIP,Delivered,2.8,
ORD103531,24-11-2025,CUST1638,Customer_3531,Jaipur,Accessories,T-Shirt,Mobile App,4,2630.57,10,10522.28,1052.23,258.48,9728.53,Cash on Delivery,VIP,Delivered,4.2,
ORD103532,26-04-2025,CUST1260,Customer_3532,Kolkata,Accessories,Blender,Mobile App,5,10807.04,0,54035.2,0,116.35,54151.55,Cash on Delivery,Returning,Cancelled,3.1,
ORD103533,03-12-2025,CUST1495,Customer_3533,Pune,Grocery,Shoes,Store,1,11361.43,5,11361.43,568.07,148.29,10941.65,Credit Card,Returning,Delivered,3.4,
ORD103534,03-12-2025,CUST1355,Customer_3534,Delhi,Grocery,Headphones,Mobile App,3,1471.29,0,4413.87,0,157.01,4570.88,Debit Card,Returning,Delivered,3.1,
ORD103535,13-08-2025,CUST1214,Customer_3535,Bengaluru,Accessories,Novel,Marketplace,1,12939.55,0,12939.55,0,105.26,13044.81,Net Banking,Returning,Cancelled,4.2,
ORD103536,18-12-2025,CUST1817,Customer_3536,Jaipur,Accessories,Groceries Pack,Website,5,12224.61,5,61123.05,3056.15,132.54,58199.44,Credit Card,New,Delivered,1.7,
ORD103537,24-11-2025,CUST1200,Customer_3537,Delhi,Electronics,Novel,Store,5,646.03,0,3230.15,0,191.6,3421.75,UPI,New,Delivered,4.9,
ORD103538,27-05-2025,CUST1236,Customer_3538,Mumbai,Grocery,Football,Marketplace,5,1502.6,15,7513,1126.95,186.65,6572.7,Debit Card,Returning,Returned,4.5,
ORD103539,04-03-2025,CUST1853,Customer_3539,Chennai,Grocery,Watch,Website,5,879.53,0,4397.65,0,201.84,4599.49,Credit Card,Returning,Cancelled,2.6,
ORD103540,21-10-2025,CUST1136,Customer_3540,Bengaluru,Beauty,Headphones,Store,2,5120.94,0,10241.88,0,124.99,10366.87,Credit Card,Returning,Delivered,2.7,
ORD103541,19-11-2025,CUST1890,Customer_3541,Jaipur,Home & Kitchen,Skincare Kit,Marketplace,3,7712.94,0,23138.82,0,115.27,23254.09,Credit Card,Returning,Delivered,4.4,
ORD103542,21-11-2025,CUST1948,Customer_3542,Ahmedabad,Beauty,Shoes,Mobile App,5,8055.36,0,40276.8,0,195.14,40471.94,Net Banking,Returning,Returned,2.8,
ORD103543,13-01-2025,CUST1628,Customer_3543,Jaipur,Home & Kitchen,Blender,Store,5,4124.85,5,20624.25,1031.21,65.87,19658.91,Cash on Delivery,Returning,Delivered,3,
ORD103544,08-07-2025,CUST1965,Customer_3544,Pune,Books,Groceries Pack,Mobile App,4,13687.21,10,54748.84,5474.88,98.32,49372.28,Cash on Delivery,New,Returned,4,
ORD103545,14-10-2025,CUST1917,Customer_3545,Mumbai,Clothing,Groceries Pack,Store,3,5618.7,25,16856.1,4214.02,41.37,12683.45,Credit Card,New,Returned,2.6,
ORD103546,27-07-2025,CUST1667,Customer_3546,Ahmedabad,Grocery,Shoes,Website,1,826.42,20,826.42,165.28,49.6,710.74,Credit Card,New,Cancelled,2.8,
ORD103547,24-04-2025,CUST1422,Customer_3547,Hyderabad,Beauty,Novel,Store,3,4608.37,20,13825.11,2765.02,95.71,11155.8,Cash on Delivery,Returning,Delivered,1.1,
ORD103548,22-01-2025,CUST1901,Customer_3548,Kolkata,Clothing,Blender,Store,3,8036.97,0,24110.91,0,35.27,24146.18,Net Banking,New,Delivered,1.5,
ORD103549,15-12-2025,CUST1341,Customer_3549,Kolkata,Electronics,Groceries Pack,Marketplace,3,6212.09,5,18636.27,931.81,96.26,17800.72,Debit Card,Returning,Delivered,2.8,
ORD103550,02-08-2025,CUST1829,Customer_3550,Kolkata,Beauty,Headphones,Store,5,4216.56,0,21082.8,0,206.84,21289.64,Cash on Delivery,New,Returned,1.2,
ORD103551,20-06-2025,CUST1904,Customer_3551,Bengaluru,Books,Shoes,Website,5,2100.15,15,10500.75,1575.11,46.5,8972.14,Credit Card,New,Delivered,2.2,
ORD103552,19-11-2025,CUST1342,Customer_3552,Hyderabad,Electronics,T-Shirt,Marketplace,2,12314.59,0,24629.18,0,147.92,24777.1,Net Banking,Returning,Delivered,2.7,
ORD103553,23-02-2025,CUST1530,Customer_3553,Surat,Books,Football,Mobile App,1,14942.76,10,14942.76,1494.28,276.54,13725.02,Net Banking,New,Delivered,1.4,
ORD103554,25-10-2025,CUST1388,Customer_3554,Hyderabad,Books,Headphones,Store,4,5043.7,0,20174.8,0,243.65,20418.45,Credit Card,Returning,Delivered,1.3,
ORD103555,16-11-2025,CUST1004,Customer_3555,Pune,Sports,T-Shirt,Website,3,5817.07,0,17451.21,0,112.47,17563.68,UPI,VIP,Returned,1.1,
ORD103556,06-05-2025,CUST1677,Customer_3556,Mumbai,Electronics,Groceries Pack,Website,1,9327.86,25,9327.86,2331.96,279.7,7275.6,Net Banking,Returning,Delivered,2.9,
ORD103557,04-10-2025,CUST1639,Customer_3557,Chennai,Grocery,Novel,Store,1,10818.86,15,10818.86,1622.83,119,9315.03,Cash on Delivery,Returning,Delivered,1.6,
ORD103558,23-07-2025,CUST1399,Customer_3558,Ahmedabad,Books,Headphones,Store,2,5971.64,20,11943.28,2388.66,49.58,9604.2,UPI,Returning,Cancelled,3.8,
ORD103559,13-07-2025,CUST1422,Customer_3559,Hyderabad,Sports,Skincare Kit,Mobile App,4,13588.2,10,54352.8,5435.28,298.4,49215.92,Debit Card,New,Returned,3,
ORD103560,18-06-2025,CUST1411,Customer_3560,Pune,Home & Kitchen,T-Shirt,Mobile App,3,8466.06,20,25398.18,5079.64,264.91,20583.45,Cash on Delivery,Returning,Delivered,1.1,
ORD103561,01-06-2025,CUST1213,Customer_3561,Pune,Sports,Skincare Kit,Mobile App,4,6838.29,10,27353.16,2735.32,155.8,24773.64,Credit Card,New,Delivered,1.2,
ORD103562,04-02-2025,CUST1560,Customer_3562,Jaipur,Grocery,Blender,Mobile App,2,9753.09,25,19506.18,4876.54,209.92,14839.56,UPI,New,Delivered,4.7,
ORD103563,03-07-2025,CUST1558,Customer_3563,Kolkata,Home & Kitchen,Watch,Mobile App,5,14299.14,5,71495.7,3574.78,211.23,68132.15,Cash on Delivery,New,Returned,1.5,
ORD103564,13-10-2025,CUST1558,Customer_3564,Chennai,Sports,Shoes,Mobile App,1,11949.1,10,11949.1,1194.91,82.51,10836.7,Net Banking,Returning,Returned,4,
ORD103565,26-02-2025,CUST1048,Customer_3565,Surat,Sports,Football,Marketplace,3,744.19,15,2232.57,334.89,84.01,1981.69,Credit Card,Returning,Returned,2,
ORD103566,10-08-2025,CUST1187,Customer_3566,Jaipur,Clothing,Watch,Marketplace,5,5084.8,5,25424,1271.2,156.79,24309.59,UPI,VIP,Delivered,2.3,
ORD103567,30-10-2025,CUST1502,Customer_3567,Mumbai,Clothing,Football,Website,2,7137.59,20,14275.18,2855.04,276.12,11696.26,Net Banking,New,Delivered,1.1,
ORD103568,12-06-2025,CUST1632,Customer_3568,Mumbai,Grocery,Shoes,Marketplace,4,4820.59,25,19282.36,4820.59,32.7,14494.47,Credit Card,New,Returned,3.2,
ORD103569,19-01-2025,CUST1644,Customer_3569,Jaipur,Electronics,T-Shirt,Store,1,10547.79,10,10547.79,1054.78,241.28,9734.29,Credit Card,Returning,Returned,2.9,
ORD103570,21-09-2025,CUST1971,Customer_3570,Hyderabad,Books,Shoes,Store,3,12420.1,5,37260.3,1863.02,45.53,35442.81,UPI,Returning,Delivered,4,
ORD103571,09-10-2025,CUST1531,Customer_3571,Jaipur,Grocery,Headphones,Store,5,11010.47,10,55052.35,5505.24,159.12,49706.23,UPI,New,Delivered,4.6,
ORD103572,23-04-2025,CUST1953,Customer_3572,Kolkata,Clothing,Shoes,Website,5,14841.6,20,74208,14841.6,202.23,59568.63,UPI,New,Cancelled,3.2,
ORD103573,23-11-2025,CUST1787,Customer_3573,Kolkata,Home & Kitchen,Shoes,Marketplace,1,4197.33,10,4197.33,419.73,215.43,3993.03,Cash on Delivery,Returning,Returned,4.8,
ORD103574,30-01-2025,CUST1475,Customer_3574,Hyderabad,Clothing,Blender,Store,4,13143.59,0,52574.36,0,45.79,52620.15,Credit Card,New,Delivered,1.6,
ORD103575,15-05-2025,CUST1744,Customer_3575,Jaipur,Electronics,Laptop,Marketplace,2,11534.35,10,23068.7,2306.87,143.02,20904.85,Debit Card,Returning,Delivered,2.4,
ORD103576,08-03-2025,CUST1042,Customer_3576,Mumbai,Accessories,Headphones,Store,4,5528.35,0,22113.4,0,187.64,22301.04,Net Banking,Returning,Delivered,4.3,
ORD103577,06-03-2025,CUST1604,Customer_3577,Jaipur,Beauty,Novel,Mobile App,4,11051.75,15,44207,6631.05,47.83,37623.78,UPI,New,Delivered,3.2,
ORD103578,19-10-2025,CUST1261,Customer_3578,Delhi,Home & Kitchen,Novel,Marketplace,4,1695.53,5,6782.12,339.11,66.48,6509.49,Credit Card,New,Delivered,3.2,
ORD103579,25-01-2025,CUST1048,Customer_3579,Ahmedabad,Beauty,Novel,Marketplace,1,11871.6,10,11871.6,1187.16,209.19,10893.63,Net Banking,VIP,Delivered,2.8,
ORD103580,06-02-2025,CUST1921,Customer_3580,Chennai,Accessories,Blender,Store,1,8055.11,15,8055.11,1208.27,170.84,7017.68,Debit Card,New,Delivered,1.1,
ORD103581,01-01-2025,CUST1963,Customer_3581,Ahmedabad,Home & Kitchen,Novel,Marketplace,2,4490.51,0,8981.02,0,73.69,9054.71,Net Banking,New,Delivered,1.3,
ORD103582,06-02-2025,CUST1794,Customer_3582,Ahmedabad,Accessories,Groceries Pack,Mobile App,4,9888.29,0,39553.16,0,174.51,39727.67,Debit Card,Returning,Returned,1.4,
ORD103583,21-05-2025,CUST1586,Customer_3583,Ahmedabad,Books,Shoes,Store,1,9678.06,5,9678.06,483.9,276.43,9470.59,UPI,Returning,Delivered,1.8,
ORD103584,20-08-2025,CUST1728,Customer_3584,Bengaluru,Books,Shoes,Mobile App,2,3260.87,0,6521.74,0,34.21,6555.95,Cash on Delivery,Returning,Delivered,1.4,
ORD103585,16-05-2025,CUST1446,Customer_3585,Bengaluru,Books,Football,Store,2,601.4,5,1202.8,60.14,203.51,1346.17,Debit Card,Returning,Delivered,1.4,
ORD103586,07-07-2025,CUST1221,Customer_3586,Surat,Electronics,Blender,Marketplace,4,6589.3,25,26357.2,6589.3,49.89,19817.79,UPI,VIP,Delivered,3.5,
ORD103587,08-05-2025,CUST1621,Customer_3587,Hyderabad,Clothing,Watch,Store,3,8607.25,20,25821.75,5164.35,31.74,20689.14,Net Banking,New,Delivered,1.5,
ORD103588,20-07-2025,CUST1647,Customer_3588,Surat,Beauty,Laptop,Website,4,13167.59,20,52670.36,10534.07,70.68,42206.97,Net Banking,Returning,Delivered,2.9,
ORD103589,07-05-2025,CUST1940,Customer_3589,Delhi,Beauty,Novel,Store,3,13934.02,25,41802.06,10450.52,144.18,31495.72,Net Banking,Returning,Delivered,1.3,
ORD103590,14-09-2025,CUST1343,Customer_3590,Surat,Clothing,Shoes,Marketplace,2,8002.76,5,16005.52,800.28,246.63,15451.87,Cash on Delivery,New,Delivered,2.1,
ORD103591,13-06-2025,CUST1238,Customer_3591,Hyderabad,Electronics,Novel,Mobile App,1,11343.98,5,11343.98,567.2,106.08,10882.86,Credit Card,New,Delivered,4.7,
ORD103592,04-02-2025,CUST1155,Customer_3592,Chennai,Clothing,Headphones,Mobile App,5,6673.65,0,33368.25,0,198.93,33567.18,Debit Card,Returning,Delivered,1.1,
ORD103593,13-07-2025,CUST1938,Customer_3593,Ahmedabad,Sports,Shoes,Website,2,11229.32,20,22458.64,4491.73,141.01,18107.92,Credit Card,Returning,Cancelled,4.5,
ORD103594,10-07-2025,CUST1841,Customer_3594,Hyderabad,Sports,Headphones,Store,1,3191.3,15,3191.3,478.7,93.27,2805.87,Net Banking,VIP,Delivered,4,
ORD103595,14-04-2025,CUST1056,Customer_3595,Surat,Books,Blender,Store,2,5660.31,0,11320.62,0,168.85,11489.47,Cash on Delivery,Returning,Returned,4.7,
ORD103596,23-01-2025,CUST1387,Customer_3596,Ahmedabad,Sports,Watch,Mobile App,4,9568.29,5,38273.16,1913.66,245.32,36604.82,UPI,Returning,Returned,4.1,
ORD103597,22-09-2025,CUST1894,Customer_3597,Chennai,Beauty,Watch,Mobile App,3,419.65,10,1258.95,125.9,254.77,1387.82,Cash on Delivery,Returning,Returned,4.3,
ORD103598,17-10-2025,CUST1909,Customer_3598,Surat,Books,Novel,Marketplace,2,10878.55,10,21757.1,2175.71,258.56,19839.95,Credit Card,Returning,Delivered,1.4,
ORD103599,17-09-2025,CUST1710,Customer_3599,Pune,Beauty,Football,Website,1,12557.7,20,12557.7,2511.54,121.41,10167.57,Net Banking,Returning,Cancelled,4.3,
ORD103600,24-12-2025,CUST1315,Customer_3600,Surat,Electronics,Blender,Mobile App,4,6077.25,5,24309,1215.45,244.23,23337.78,Debit Card,Returning,Delivered,2.9,
ORD103601,16-03-2025,CUST1038,Customer_3601,Bengaluru,Home & Kitchen,Football,Store,5,6801.94,20,34009.7,6801.94,87.29,27295.05,Cash on Delivery,Returning,Returned,2.4,
ORD103602,21-12-2025,CUST1341,Customer_3602,Ahmedabad,Clothing,Blender,Mobile App,4,12791.54,10,51166.16,5116.62,229.37,46278.91,Credit Card,Returning,Cancelled,1.6,
ORD103603,13-03-2025,CUST1851,Customer_3603,Kolkata,Grocery,Football,Marketplace,3,11668.47,15,35005.41,5250.81,286.06,30040.66,Credit Card,New,Returned,1,
ORD103604,16-09-2025,CUST1729,Customer_3604,Chennai,Grocery,Shoes,Store,4,4429.02,25,17716.08,4429.02,33.71,13320.77,UPI,Returning,Delivered,3.6,
ORD103605,07-07-2025,CUST1231,Customer_3605,Mumbai,Grocery,Shoes,Marketplace,5,4961.05,20,24805.25,4961.05,148.9,19993.1,Debit Card,New,Returned,3.9,
ORD103606,22-06-2025,CUST1452,Customer_3606,Bengaluru,Home & Kitchen,Watch,Marketplace,1,10231.34,0,10231.34,0,204.9,10436.24,Credit Card,Returning,Delivered,2.6,
ORD103607,17-10-2025,CUST1342,Customer_3607,Bengaluru,Beauty,Shoes,Marketplace,2,8513.49,0,17026.98,0,219.48,17246.46,Debit Card,New,Returned,1.7,
ORD103608,14-02-2025,CUST1453,Customer_3608,Jaipur,Clothing,Novel,Website,3,2559.11,10,7677.33,767.73,77.54,6987.14,Net Banking,Returning,Returned,1.6,
ORD103609,02-03-2025,CUST1257,Customer_3609,Mumbai,Beauty,Laptop,Store,5,4752.46,10,23762.3,2376.23,292.49,21678.56,Cash on Delivery,VIP,Delivered,1.7,
ORD103610,24-03-2025,CUST1434,Customer_3610,Pune,Electronics,Watch,Store,3,13514.75,10,40544.25,4054.42,196.12,36685.95,Credit Card,Returning,Returned,1.2,
ORD103611,03-05-2025,CUST1209,Customer_3611,Surat,Books,Blender,Marketplace,4,10369.39,25,41477.56,10369.39,74.37,31182.54,Net Banking,Returning,Cancelled,,
ORD103612,24-12-2025,CUST1201,Customer_3612,Jaipur,Clothing,Watch,Website,3,14791.72,0,44375.16,0,35.54,44410.7,UPI,Returning,Delivered,3.5,
ORD103613,16-01-2025,CUST1137,Customer_3613,Hyderabad,Beauty,Headphones,Mobile App,5,11540.14,10,57700.7,5770.07,241.48,52172.11,Debit Card,Returning,Delivered,2.8,
ORD103614,07-03-2025,CUST1640,Customer_3614,Bengaluru,Sports,Watch,Store,2,14138.32,0,28276.64,0,51.52,28328.16,Net Banking,New,Returned,1.5,
ORD103615,25-05-2025,CUST1565,Customer_3615,Pune,Grocery,Shoes,Mobile App,2,3360.4,20,6720.8,1344.16,68.08,5444.72,Debit Card,New,Delivered,4.3,
ORD103616,11-06-2025,CUST1856,Customer_3616,Mumbai,Sports,Blender,Store,3,11606.55,25,34819.65,8704.91,185.2,26299.94,Debit Card,New,Delivered,2.1,
ORD103617,22-08-2025,CUST1394,Customer_3617,Pune,Accessories,Novel,Marketplace,1,450.23,10,450.23,45.02,192.95,598.16,Credit Card,VIP,Delivered,3.4,
ORD103618,24-05-2025,CUST1596,Customer_3618,Delhi,Beauty,Headphones,Store,3,10110.79,0,30332.37,0,215.46,30547.83,Debit Card,New,Delivered,2,
ORD103619,24-12-2025,CUST1721,Customer_3619,Delhi,Accessories,Headphones,Marketplace,4,7118.84,15,28475.36,4271.3,136.25,24340.31,Net Banking,Returning,Returned,3.4,
ORD103620,07-07-2025,CUST1845,Customer_3620,Chennai,Home & Kitchen,Headphones,Store,2,5299.39,15,10598.78,1589.82,238.95,9247.91,UPI,VIP,Returned,1.5,
ORD103621,18-11-2025,CUST1797,Customer_3621,Delhi,Books,Novel,Marketplace,2,12956.7,5,25913.4,1295.67,293.08,24910.81,Credit Card,Returning,Delivered,,
ORD103622,13-01-2025,CUST1036,Customer_3622,Bengaluru,Electronics,T-Shirt,Mobile App,2,12835.88,20,25671.76,5134.35,103.2,20640.61,Cash on Delivery,New,Delivered,3.3,
ORD103623,03-07-2025,CUST1215,Customer_3623,Chennai,Electronics,Blender,Mobile App,1,481.18,25,481.18,120.3,219.82,580.7,UPI,New,Cancelled,3.1,
ORD103624,21-04-2025,CUST1027,Customer_3624,Delhi,Grocery,Headphones,Mobile App,1,9201.15,10,9201.15,920.12,280.69,8561.72,Net Banking,New,Returned,1.9,
ORD103625,17-10-2025,CUST1658,Customer_3625,Surat,Beauty,Skincare Kit,Store,5,5612.31,10,28061.55,2806.16,215.3,25470.69,Credit Card,Returning,Delivered,3.1,
ORD103626,22-10-2025,CUST1018,Customer_3626,Surat,Electronics,Watch,Website,3,6322.57,5,18967.71,948.39,213.9,18233.22,Debit Card,New,Delivered,4.6,
ORD103627,03-08-2025,CUST1630,Customer_3627,Mumbai,Clothing,Skincare Kit,Mobile App,3,12505.8,10,37517.4,3751.74,90.42,33856.08,UPI,Returning,Delivered,1.5,
ORD103628,30-04-2025,CUST1137,Customer_3628,Surat,Electronics,Headphones,Store,4,4751.12,10,19004.48,1900.45,174.49,17278.52,Credit Card,VIP,Cancelled,3.8,
ORD103629,24-02-2025,CUST1579,Customer_3629,Chennai,Accessories,Shoes,Marketplace,2,14154.27,5,28308.54,1415.43,181.88,27074.99,Cash on Delivery,New,Cancelled,1.5,
ORD103630,27-01-2025,CUST1903,Customer_3630,Pune,Sports,Headphones,Website,1,2817.56,0,2817.56,0,219.03,3036.59,Cash on Delivery,New,Delivered,2.4,
ORD103631,28-04-2025,CUST1826,Customer_3631,Ahmedabad,Beauty,Watch,Website,4,9991.43,5,39965.72,1998.29,299.14,38266.57,Cash on Delivery,Returning,Delivered,3.7,
ORD103632,09-08-2025,CUST1975,Customer_3632,Surat,Clothing,Shoes,Website,4,10130.76,0,40523.04,0,39.08,40562.12,Credit Card,New,Delivered,3.2,
ORD103633,19-08-2025,CUST1030,Customer_3633,Jaipur,Grocery,Football,Mobile App,1,3895.1,10,3895.1,389.51,47.61,3553.2,UPI,Returning,Delivered,3.7,
ORD103634,22-02-2025,CUST1073,Customer_3634,Delhi,Accessories,Blender,Mobile App,3,4972.55,10,14917.65,1491.76,51.05,13476.94,Debit Card,Returning,Delivered,4.9,
ORD103635,22-10-2025,CUST1123,Customer_3635,Chennai,Accessories,Watch,Mobile App,2,12546.76,10,25093.52,2509.35,230.6,22814.77,UPI,New,Delivered,4.9,
ORD103636,17-11-2025,CUST1957,Customer_3636,Hyderabad,Electronics,Shoes,Mobile App,3,11462.81,5,34388.43,1719.42,66.82,32735.83,Debit Card,VIP,Delivered,4.7,
ORD103637,21-08-2025,CUST1987,Customer_3637,Surat,Grocery,Watch,Marketplace,4,5037.07,5,20148.28,1007.41,198.06,19338.93,UPI,New,Delivered,3,
ORD103638,07-06-2025,CUST1228,Customer_3638,Hyderabad,Accessories,Watch,Store,2,8079.25,20,16158.5,3231.7,117.66,13044.46,UPI,New,Delivered,2.4,
ORD103639,26-09-2025,CUST1338,Customer_3639,Jaipur,Sports,T-Shirt,Website,5,1065.95,10,5329.75,532.98,153.48,4950.25,Credit Card,VIP,Delivered,2.1,
ORD103640,21-01-2025,CUST1991,Customer_3640,Bengaluru,Books,Skincare Kit,Store,4,3249.88,25,12999.52,3249.88,88.23,9837.87,Cash on Delivery,New,Delivered,3.3,
ORD103641,22-02-2025,CUST1273,Customer_3641,Bengaluru,Home & Kitchen,Headphones,Website,3,7364.44,10,22093.32,2209.33,263.85,20147.84,Cash on Delivery,New,Delivered,2.8,
ORD103642,02-10-2025,CUST1758,Customer_3642,Delhi,Electronics,Shoes,Website,3,1426.71,10,4280.13,428.01,188.26,4040.38,Cash on Delivery,VIP,Cancelled,5,
ORD103643,09-11-2025,CUST1437,Customer_3643,Ahmedabad,Grocery,Novel,Website,3,12673.49,0,38020.47,0,285.03,38305.5,Cash on Delivery,New,Delivered,3.1,
ORD103644,08-10-2025,CUST1902,Customer_3644,Surat,Accessories,Headphones,Website,1,10812.39,15,10812.39,1621.86,185.14,9375.67,UPI,New,Delivered,2.3,
ORD103645,02-08-2025,CUST1039,Customer_3645,Delhi,Sports,Groceries Pack,Marketplace,4,14162.96,20,56651.84,11330.37,63.46,45384.93,Cash on Delivery,Returning,Cancelled,3.5,
ORD103646,31-01-2025,CUST1921,Customer_3646,Ahmedabad,Books,Headphones,Marketplace,2,10447.98,25,20895.96,5223.99,76.14,15748.11,UPI,New,Delivered,1.2,
ORD103647,03-12-2025,CUST1682,Customer_3647,Hyderabad,Books,Novel,Website,3,14114.96,25,42344.88,10586.22,297.05,32055.71,Debit Card,Returning,Cancelled,1.4,
ORD103648,02-07-2025,CUST1426,Customer_3648,Jaipur,Sports,Novel,Website,3,8384.51,5,25153.53,1257.68,225.9,24121.75,Net Banking,Returning,Cancelled,3.7,
ORD103649,23-01-2025,CUST1315,Customer_3649,Delhi,Sports,Football,Mobile App,1,9063.25,10,9063.25,906.32,43.31,8200.24,Net Banking,Returning,Cancelled,1.5,
ORD103650,01-02-2025,CUST1614,Customer_3650,Bengaluru,Grocery,Watch,Website,2,14658.02,10,29316.04,2931.6,220.02,26604.46,Debit Card,New,Delivered,4,
ORD103651,15-03-2025,CUST1806,Customer_3651,Pune,Sports,Skincare Kit,Store,4,9685.62,10,38742.48,3874.25,141.29,35009.52,UPI,VIP,Cancelled,1.2,
ORD103652,10-01-2025,CUST1509,Customer_3652,Chennai,Home & Kitchen,Laptop,Marketplace,5,607.18,0,3035.9,0,112.95,3148.85,Cash on Delivery,New,Delivered,3.4,
ORD103653,23-02-2025,CUST1927,Customer_3653,Hyderabad,Beauty,Headphones,Store,1,10898.47,20,10898.47,2179.69,71.6,8790.38,Credit Card,Returning,Returned,3.7,
ORD103654,21-02-2025,CUST1755,Customer_3654,Mumbai,Sports,Football,Mobile App,4,13596.21,20,54384.84,10876.97,256.77,43764.64,UPI,VIP,Cancelled,4.1,
ORD103655,28-05-2025,CUST1157,Customer_3655,Chennai,Beauty,Shoes,Marketplace,5,11964.37,10,59821.85,5982.18,47.24,53886.91,UPI,New,Delivered,4.5,
ORD103656,09-06-2025,CUST1872,Customer_3656,Jaipur,Books,Groceries Pack,Mobile App,3,8819.92,5,26459.76,1322.99,108.26,25245.03,Debit Card,New,Cancelled,2.2,
ORD103657,14-01-2025,CUST1777,Customer_3657,Ahmedabad,Home & Kitchen,T-Shirt,Mobile App,3,10118.86,0,30356.58,0,112.72,30469.3,Debit Card,New,Delivered,3.9,
ORD103658,27-06-2025,CUST1257,Customer_3658,Hyderabad,Grocery,Shoes,Store,2,14854.35,15,29708.7,4456.3,73.44,25325.84,Credit Card,VIP,Delivered,1.3,
ORD103659,22-02-2025,CUST1976,Customer_3659,Kolkata,Books,T-Shirt,Website,5,1496.33,5,7481.65,374.08,167.21,7274.78,Cash on Delivery,Returning,Returned,4.3,
ORD103660,01-12-2025,CUST1870,Customer_3660,Chennai,Accessories,Football,Marketplace,3,10058.59,20,30175.77,6035.15,33.16,24173.78,Net Banking,VIP,Cancelled,4.6,
ORD103661,22-01-2025,CUST1855,Customer_3661,Pune,Home & Kitchen,Headphones,Marketplace,3,4358.46,15,13075.38,1961.31,111.26,11225.33,Cash on Delivery,Returning,Delivered,4,
ORD103662,30-01-2025,CUST1635,Customer_3662,Surat,Books,Watch,Website,2,9655.34,10,19310.68,1931.07,282.08,17661.69,Cash on Delivery,New,Delivered,2.1,
ORD103663,10-07-2025,CUST1456,Customer_3663,Surat,Clothing,Headphones,Store,4,9173.21,10,36692.84,3669.28,113.84,33137.4,UPI,New,Delivered,1.2,
ORD103664,17-09-2025,CUST1047,Customer_3664,Kolkata,Clothing,Headphones,Mobile App,3,2428.83,0,7286.49,0,127.32,7413.81,Credit Card,VIP,Returned,2.7,
ORD103665,24-07-2025,CUST1332,Customer_3665,Mumbai,Sports,Shoes,Store,1,3220.19,25,3220.19,805.05,157.75,2572.89,UPI,Returning,Returned,2.1,
ORD103666,28-02-2025,CUST1010,Customer_3666,Chennai,Beauty,Novel,Mobile App,1,9381.2,10,9381.2,938.12,181.66,8624.74,Debit Card,New,Cancelled,3.1,
ORD103667,21-09-2025,CUST1144,Customer_3667,Kolkata,Books,Novel,Marketplace,4,2054.21,25,8216.84,2054.21,248.35,6410.98,Net Banking,Returning,Delivered,2.6,
ORD103668,12-01-2025,CUST1431,Customer_3668,Mumbai,Accessories,Novel,Website,5,4087.94,10,20439.7,2043.97,81.39,18477.12,Credit Card,New,Delivered,1.5,
ORD103669,29-04-2025,CUST1811,Customer_3669,Surat,Home & Kitchen,Novel,Website,2,12553.4,15,25106.8,3766.02,265.37,21606.15,Credit Card,New,Delivered,4.3,
ORD103670,17-10-2025,CUST1152,Customer_3670,Hyderabad,Electronics,Football,Marketplace,1,5007.31,0,5007.31,0,234.54,5241.85,Cash on Delivery,Returning,Cancelled,4.5,
ORD103671,04-12-2025,CUST1487,Customer_3671,Kolkata,Clothing,Skincare Kit,Mobile App,1,7397.69,10,7397.69,739.77,225.12,6883.04,UPI,New,Delivered,4.3,
ORD103672,05-09-2025,CUST1136,Customer_3672,Delhi,Clothing,Football,Store,4,14125.93,15,56503.72,8475.56,53.44,48081.6,Cash on Delivery,New,Cancelled,1.8,
ORD103673,20-12-2025,CUST1587,Customer_3673,Jaipur,Books,Blender,Mobile App,5,3523.16,15,17615.8,2642.37,35.84,15009.27,Cash on Delivery,Returning,Delivered,2.7,
ORD103674,07-05-2025,CUST1873,Customer_3674,Pune,Grocery,Novel,Website,5,5935.95,15,29679.75,4451.96,190.38,25418.17,Credit Card,Returning,Cancelled,1.7,
ORD103675,16-03-2025,CUST1026,Customer_3675,Chennai,Electronics,Headphones,Store,4,9155.9,0,36623.6,0,263.05,36886.65,Net Banking,New,Delivered,3.7,
ORD103676,27-12-2025,CUST1007,Customer_3676,Delhi,Accessories,Blender,Store,1,11366.78,25,11366.78,2841.7,187.8,8712.88,Debit Card,New,Delivered,4.2,
ORD103677,23-07-2025,CUST1591,Customer_3677,Jaipur,Accessories,Football,Mobile App,2,13539.55,25,27079.1,6769.78,87.57,20396.89,Cash on Delivery,VIP,Delivered,3.3,
ORD103678,18-02-2025,CUST1015,Customer_3678,Mumbai,Beauty,Groceries Pack,Mobile App,1,13744.77,0,13744.77,0,54.44,13799.21,Net Banking,New,Delivered,3.2,
ORD103679,20-03-2025,CUST1432,Customer_3679,Jaipur,Accessories,Watch,Mobile App,5,11683.11,25,58415.55,14603.89,218.89,44030.55,Cash on Delivery,New,Delivered,3.9,
ORD103680,29-08-2025,CUST1899,Customer_3680,Mumbai,Accessories,Laptop,Store,1,3540.71,5,3540.71,177.04,224.88,3588.55,Net Banking,New,Delivered,1.5,
ORD103681,15-12-2025,CUST1400,Customer_3681,Chennai,Beauty,Groceries Pack,Marketplace,2,518.42,15,1036.84,155.53,76.58,957.89,UPI,New,Cancelled,2,
ORD103682,03-06-2025,CUST1207,Customer_3682,Mumbai,Beauty,T-Shirt,Store,3,5849.04,5,17547.12,877.36,37.61,16707.37,Debit Card,Returning,Delivered,2.3,
ORD103683,01-10-2025,CUST1601,Customer_3683,Chennai,Sports,Laptop,Website,1,2252,25,2252,563,140.24,1829.24,Credit Card,VIP,Delivered,3.1,
ORD103684,06-04-2025,CUST1609,Customer_3684,Ahmedabad,Sports,Football,Marketplace,4,10699.26,0,42797.04,0,187.33,42984.37,UPI,Returning,Delivered,4.9,
ORD103685,02-08-2025,CUST1910,Customer_3685,Hyderabad,Grocery,T-Shirt,Marketplace,3,9967.79,10,29903.37,2990.34,220.62,27133.65,Cash on Delivery,Returning,Returned,4.5,
ORD103686,21-10-2025,CUST1216,Customer_3686,Surat,Books,Novel,Mobile App,4,802.98,5,3211.92,160.6,248.69,3300.01,Cash on Delivery,VIP,Delivered,2,
ORD103687,28-07-2025,CUST1502,Customer_3687,Chennai,Electronics,Headphones,Store,4,12573.42,5,50293.68,2514.68,194.85,47973.85,Debit Card,New,Cancelled,1.9,
ORD103688,09-12-2025,CUST1459,Customer_3688,Bengaluru,Books,Shoes,Website,4,3843.84,10,15375.36,1537.54,59.94,13897.76,Debit Card,Returning,Returned,2.7,
ORD103689,29-03-2025,CUST1259,Customer_3689,Ahmedabad,Home & Kitchen,Headphones,Store,1,6568.57,0,6568.57,0,214.3,6782.87,Debit Card,Returning,Delivered,4.9,
ORD103690,02-11-2025,CUST1329,Customer_3690,Hyderabad,Electronics,Shoes,Mobile App,5,10068.82,15,50344.1,7551.62,295.73,43088.21,Cash on Delivery,New,Delivered,1.6,
ORD103691,21-09-2025,CUST1454,Customer_3691,Bengaluru,Home & Kitchen,Laptop,Store,3,6526.87,25,19580.61,4895.15,274.51,14959.97,Cash on Delivery,Returning,Cancelled,4.8,
ORD103692,21-11-2025,CUST1799,Customer_3692,Delhi,Electronics,Watch,Website,2,6703.12,20,13406.24,2681.25,265.35,10990.34,Credit Card,Returning,Delivered,1.8,
ORD103693,16-11-2025,CUST1375,Customer_3693,Bengaluru,Sports,Blender,Mobile App,5,1124.58,20,5622.9,1124.58,111.59,4609.91,Debit Card,New,Delivered,4.5,
ORD103694,06-06-2025,CUST1464,Customer_3694,Hyderabad,Beauty,T-Shirt,Store,1,6111.44,5,6111.44,305.57,232.71,6038.58,Net Banking,New,Cancelled,4.3,
ORD103695,05-06-2025,CUST1075,Customer_3695,Pune,Clothing,Groceries Pack,Website,4,11507.99,5,46031.96,2301.6,259.8,43990.16,Credit Card,New,Delivered,4.5,
ORD103696,19-05-2025,CUST1242,Customer_3696,Mumbai,Grocery,Shoes,Website,2,13740.37,10,27480.74,2748.07,213.15,24945.82,Net Banking,New,Cancelled,4.6,
ORD103697,01-05-2025,CUST1017,Customer_3697,Mumbai,Accessories,Skincare Kit,Mobile App,3,6290.43,0,18871.29,0,97.65,18968.94,UPI,New,Cancelled,1.9,
ORD103698,06-03-2025,CUST1689,Customer_3698,Delhi,Electronics,Groceries Pack,Mobile App,5,6440.25,25,32201.25,8050.31,287.54,24438.48,Debit Card,Returning,Delivered,4.1,
ORD103699,17-04-2025,CUST1259,Customer_3699,Hyderabad,Electronics,Headphones,Marketplace,5,10584.01,0,52920.05,0,151.72,53071.77,Credit Card,New,Delivered,,
ORD103700,27-05-2025,CUST1123,Customer_3700,Ahmedabad,Grocery,Football,Marketplace,2,14150.16,20,28300.32,5660.06,65.05,22705.31,Credit Card,Returning,Returned,4.5,
ORD103701,17-05-2025,CUST1979,Customer_3701,Chennai,Clothing,T-Shirt,Website,1,4115.85,0,4115.85,0,59.64,4175.49,UPI,New,Delivered,3,
ORD103702,11-06-2025,CUST1984,Customer_3702,Jaipur,Grocery,Laptop,Mobile App,3,6686.14,20,20058.42,4011.68,204.83,16251.57,UPI,Returning,Delivered,2.7,
ORD103703,10-04-2025,CUST1311,Customer_3703,Chennai,Electronics,Groceries Pack,Mobile App,2,11970.2,0,23940.4,0,148.18,24088.58,UPI,VIP,Returned,3.9,
ORD103704,04-12-2025,CUST1111,Customer_3704,Delhi,Accessories,Groceries Pack,Store,4,9203.95,0,36815.8,0,55.51,36871.31,Credit Card,Returning,Returned,2.1,
ORD103705,03-11-2025,CUST1256,Customer_3705,Hyderabad,Grocery,Shoes,Store,3,1792.21,15,5376.63,806.49,229.9,4800.04,Cash on Delivery,Returning,Delivered,4.3,
ORD103706,21-05-2025,CUST1234,Customer_3706,Bengaluru,Beauty,Groceries Pack,Store,5,9471.83,5,47359.15,2367.96,245.82,45237.01,Net Banking,New,Delivered,2.1,
ORD103707,24-03-2025,CUST1968,Customer_3707,Pune,Books,Football,Store,2,2923.18,15,5846.36,876.95,225.86,5195.27,Net Banking,New,Delivered,1.2,
ORD103708,26-06-2025,CUST1497,Customer_3708,Delhi,Clothing,Shoes,Marketplace,5,7726.71,10,38633.55,3863.36,84.61,34854.8,UPI,New,Delivered,3.2,
ORD103709,17-07-2025,CUST1868,Customer_3709,Pune,Accessories,Headphones,Store,5,8007.18,0,40035.9,0,216.24,40252.14,Cash on Delivery,VIP,Delivered,4.3,
ORD103710,22-04-2025,CUST1040,Customer_3710,Hyderabad,Clothing,Blender,Mobile App,5,13161.62,25,65808.1,16452.03,32.9,49388.97,Cash on Delivery,Returning,Returned,3.8,
ORD103711,25-02-2025,CUST1122,Customer_3711,Jaipur,Beauty,Novel,Website,1,7018.04,10,7018.04,701.8,112.38,6428.62,UPI,Returning,Cancelled,5,
ORD103712,28-06-2025,CUST1450,Customer_3712,Hyderabad,Accessories,Watch,Website,5,4299.72,15,21498.6,3224.79,137.68,18411.49,Debit Card,Returning,Cancelled,1.6,
ORD103713,05-07-2025,CUST1727,Customer_3713,Kolkata,Beauty,Watch,Website,4,3579.85,10,14319.4,1431.94,255.52,13142.98,Credit Card,Returning,Cancelled,2.4,
ORD103714,06-08-2025,CUST1808,Customer_3714,Surat,Clothing,Skincare Kit,Marketplace,4,13132.64,10,52530.56,5253.06,135.41,47412.91,Debit Card,Returning,Returned,2.5,
ORD103715,12-11-2025,CUST1798,Customer_3715,Surat,Beauty,Blender,Website,3,2689.51,5,8068.53,403.43,33.04,7698.14,Cash on Delivery,New,Delivered,1.2,
ORD103716,05-08-2025,CUST1793,Customer_3716,Surat,Books,Shoes,Marketplace,5,6474.15,0,32370.75,0,125.13,32495.88,UPI,New,Delivered,1.2,
ORD103717,30-04-2025,CUST1519,Customer_3717,Surat,Beauty,Skincare Kit,Marketplace,5,2929.52,10,14647.6,1464.76,164.71,13347.55,Credit Card,Returning,Delivered,1.1,
ORD103718,24-06-2025,CUST1092,Customer_3718,Bengaluru,Accessories,T-Shirt,Website,2,11633.56,10,23267.12,2326.71,286.23,21226.64,Net Banking,Returning,Delivered,2.6,
ORD103719,23-01-2025,CUST1361,Customer_3719,Mumbai,Books,Headphones,Marketplace,1,7194.43,5,7194.43,359.72,284.08,7118.79,Cash on Delivery,New,Delivered,4.4,
ORD103720,01-08-2025,CUST1946,Customer_3720,Kolkata,Accessories,Laptop,Store,3,5364.48,15,16093.44,2414.02,78.84,13758.26,Credit Card,Returning,Cancelled,3.8,
ORD103721,23-08-2025,CUST1123,Customer_3721,Delhi,Beauty,Groceries Pack,Store,5,5512.33,15,27561.65,4134.25,79.99,23507.39,Credit Card,New,Returned,2.8,
ORD103722,13-01-2025,CUST1337,Customer_3722,Chennai,Clothing,Laptop,Store,2,12805.38,0,25610.76,0,74.11,25684.87,Debit Card,Returning,Delivered,2.1,
ORD103723,11-04-2025,CUST1608,Customer_3723,Bengaluru,Electronics,Shoes,Marketplace,1,8373.54,5,8373.54,418.68,243.01,8197.87,Net Banking,New,Returned,1.1,
ORD103724,24-01-2025,CUST1513,Customer_3724,Ahmedabad,Home & Kitchen,Skincare Kit,Store,3,10810.34,5,32431.02,1621.55,31.63,30841.1,Debit Card,Returning,Delivered,1.7,
ORD103725,30-12-2025,CUST1603,Customer_3725,Jaipur,Clothing,Groceries Pack,Website,3,13471.02,0,40413.06,0,64.34,40477.4,Debit Card,Returning,Delivered,2.5,
ORD103726,11-01-2025,CUST1428,Customer_3726,Bengaluru,Accessories,Shoes,Website,5,13540.86,0,67704.3,0,175.25,67879.55,Debit Card,Returning,Delivered,2.5,
ORD103727,30-09-2025,CUST1996,Customer_3727,Hyderabad,Grocery,Football,Marketplace,3,5028.36,0,15085.08,0,96.84,15181.92,Debit Card,New,Returned,2,
ORD103728,08-10-2025,CUST1433,Customer_3728,Chennai,Home & Kitchen,Football,Marketplace,2,14293.9,25,28587.8,7146.95,54.94,21495.79,Cash on Delivery,Returning,Delivered,5,
ORD103729,04-04-2025,CUST1007,Customer_3729,Jaipur,Beauty,Skincare Kit,Store,3,519.41,15,1558.23,233.73,127.17,1451.67,Net Banking,New,Delivered,2.8,
ORD103730,20-07-2025,CUST1120,Customer_3730,Surat,Beauty,Groceries Pack,Mobile App,4,5746.01,0,22984.04,0,104.04,23088.08,Debit Card,New,Delivered,2.1,
ORD103731,21-01-2025,CUST1387,Customer_3731,Mumbai,Electronics,Watch,Website,2,13452.61,0,26905.22,0,168,27073.22,Cash on Delivery,New,Cancelled,2.6,
ORD103732,06-12-2025,CUST1350,Customer_3732,Kolkata,Beauty,Football,Mobile App,1,4228.36,15,4228.36,634.25,294.39,3888.5,Cash on Delivery,New,Delivered,2.1,
ORD103733,30-07-2025,CUST1641,Customer_3733,Surat,Grocery,T-Shirt,Store,1,4205.26,10,4205.26,420.53,63.56,3848.29,Credit Card,New,Delivered,2.4,
ORD103734,20-05-2025,CUST1691,Customer_3734,Delhi,Accessories,Skincare Kit,Marketplace,5,4643.94,15,23219.7,3482.96,130.64,19867.38,Credit Card,VIP,Delivered,1.5,
ORD103735,20-10-2025,CUST1098,Customer_3735,Ahmedabad,Home & Kitchen,Football,Store,5,9242.85,25,46214.25,11553.56,281.64,34942.33,UPI,New,Delivered,1,
ORD103736,25-10-2025,CUST1934,Customer_3736,Mumbai,Clothing,Football,Mobile App,4,6659.24,10,26636.96,2663.7,266.76,24240.02,Cash on Delivery,Returning,Delivered,3,
ORD103737,11-04-2025,CUST1043,Customer_3737,Jaipur,Clothing,Skincare Kit,Store,1,10942.01,0,10942.01,0,136.45,11078.46,UPI,Returning,Delivered,3,
ORD103738,31-10-2025,CUST1183,Customer_3738,Surat,Grocery,T-Shirt,Marketplace,1,13439.42,15,13439.42,2015.91,218.72,11642.23,Cash on Delivery,Returning,Returned,1.6,
ORD103739,25-12-2025,CUST1697,Customer_3739,Hyderabad,Books,Skincare Kit,Mobile App,1,10161.86,25,10161.86,2540.46,53.72,7675.12,Debit Card,Returning,Delivered,4.3,
ORD103740,28-01-2025,CUST1565,Customer_3740,Ahmedabad,Electronics,Headphones,Store,1,3186.33,10,3186.33,318.63,222.39,3090.09,Debit Card,Returning,Returned,1.8,
ORD103741,10-02-2025,CUST1740,Customer_3741,Kolkata,Grocery,Watch,Marketplace,3,14000.33,15,42000.99,6300.15,292.67,35993.51,UPI,Returning,Cancelled,4.1,
ORD103742,21-12-2025,CUST1673,Customer_3742,Chennai,Home & Kitchen,Laptop,Store,2,4077.72,5,8155.44,407.77,175.12,7922.79,Debit Card,New,Delivered,1.8,
ORD103743,30-10-2025,CUST1235,Customer_3743,Surat,Beauty,Novel,Store,2,2375.93,5,4751.86,237.59,164.59,4678.86,Debit Card,Returning,Returned,2.1,
ORD103744,26-05-2025,CUST1976,Customer_3744,Delhi,Sports,T-Shirt,Marketplace,4,1486.01,15,5944.04,891.61,80.58,5133.01,Credit Card,New,Delivered,2.1,
ORD103745,13-09-2025,CUST1446,Customer_3745,Chennai,Accessories,Novel,Marketplace,3,8516.25,25,25548.75,6387.19,201.12,19362.68,Debit Card,New,Delivered,1.9,
ORD103746,15-08-2025,CUST1870,Customer_3746,Hyderabad,Electronics,T-Shirt,Store,1,1839.37,10,1839.37,183.94,189.42,1844.85,Credit Card,Returning,Delivered,4.8,
ORD103747,24-08-2025,CUST1907,Customer_3747,Delhi,Electronics,Headphones,Website,1,2210.82,15,2210.82,331.62,206.02,2085.22,Net Banking,VIP,Delivered,2.1,
ORD103748,27-12-2025,CUST1200,Customer_3748,Jaipur,Sports,Novel,Store,5,4605.45,0,23027.25,0,37.04,23064.29,Cash on Delivery,Returning,Delivered,2.9,
ORD103749,13-01-2025,CUST1948,Customer_3749,Ahmedabad,Grocery,T-Shirt,Marketplace,5,4332.55,0,21662.75,0,178.16,21840.91,Credit Card,Returning,Delivered,3.9,
ORD103750,29-07-2025,CUST1513,Customer_3750,Pune,Clothing,Novel,Website,4,9122.96,10,36491.84,3649.18,190.63,33033.29,Credit Card,New,Returned,2.3,
ORD103751,17-08-2025,CUST1526,Customer_3751,Jaipur,Books,Headphones,Marketplace,1,12278.67,0,12278.67,0,86.03,12364.7,Credit Card,Returning,Cancelled,1,
ORD103752,10-04-2025,CUST1990,Customer_3752,Delhi,Accessories,Shoes,Store,4,11456.04,10,45824.16,4582.42,86.25,41327.99,Cash on Delivery,New,Delivered,4,
ORD103753,31-01-2025,CUST1213,Customer_3753,Surat,Accessories,Groceries Pack,Mobile App,3,4047.89,5,12143.67,607.18,104.58,11641.07,Cash on Delivery,Returning,Returned,2.1,
ORD103754,16-01-2025,CUST1378,Customer_3754,Hyderabad,Clothing,Laptop,Marketplace,2,3792.86,15,7585.72,1137.86,222.16,6670.02,Cash on Delivery,New,Delivered,4.5,
ORD103755,17-05-2025,CUST1789,Customer_3755,Surat,Clothing,Headphones,Marketplace,1,14492,20,14492,2898.4,193.69,11787.29,Debit Card,Returning,Delivered,3,
ORD103756,25-11-2025,CUST1546,Customer_3756,Mumbai,Sports,Headphones,Mobile App,3,272.31,10,816.93,81.69,258.36,993.6,Credit Card,VIP,Delivered,3.5,
ORD103757,15-06-2025,CUST1486,Customer_3757,Kolkata,Accessories,Groceries Pack,Marketplace,1,13213.85,0,13213.85,0,109.83,13323.68,Cash on Delivery,VIP,Delivered,4.8,
ORD103758,06-11-2025,CUST1986,Customer_3758,Mumbai,Beauty,Watch,Marketplace,5,3115.97,10,15579.85,1557.98,276.26,14298.13,Net Banking,VIP,Delivered,4.5,
ORD103759,10-04-2025,CUST1361,Customer_3759,Pune,Accessories,Blender,Marketplace,4,14217.17,25,56868.68,14217.17,230.8,42882.31,Cash on Delivery,New,Delivered,4.2,
ORD103760,19-04-2025,CUST1782,Customer_3760,Delhi,Beauty,Shoes,Mobile App,5,5233.26,10,26166.3,2616.63,136.65,23686.32,UPI,VIP,Cancelled,3.1,
ORD103761,09-12-2025,CUST1168,Customer_3761,Surat,Books,Watch,Store,2,6689.22,0,13378.44,0,55.72,13434.16,UPI,Returning,Delivered,1.7,
ORD103762,22-06-2025,CUST1890,Customer_3762,Kolkata,Books,Watch,Marketplace,5,10650.74,0,53253.7,0,99.39,53353.09,Credit Card,VIP,Delivered,4.4,
ORD103763,25-08-2025,CUST1931,Customer_3763,Kolkata,Home & Kitchen,Shoes,Website,1,8876.89,5,8876.89,443.84,288.33,8721.38,Credit Card,VIP,Delivered,1.4,
ORD103764,11-06-2025,CUST1682,Customer_3764,Chennai,Home & Kitchen,Football,Store,5,4871.4,0,24357,0,113.8,24470.8,Credit Card,VIP,Cancelled,4.5,
ORD103765,04-08-2025,CUST1594,Customer_3765,Surat,Clothing,T-Shirt,Store,1,8374.39,20,8374.39,1674.88,119.07,6818.58,Debit Card,New,Delivered,4.1,
ORD103766,21-09-2025,CUST1404,Customer_3766,Pune,Sports,Groceries Pack,Website,2,11001,20,22002,4400.4,81.19,17682.79,UPI,New,Returned,4.2,
ORD103767,20-09-2025,CUST1828,Customer_3767,Kolkata,Books,Blender,Website,5,778.67,5,3893.35,194.67,247.85,3946.53,UPI,Returning,Cancelled,2.5,
ORD103768,19-10-2025,CUST1137,Customer_3768,Chennai,Electronics,Groceries Pack,Website,4,316.31,5,1265.24,63.26,104.42,1306.4,Credit Card,Returning,Cancelled,1.3,
ORD103769,01-10-2025,CUST1233,Customer_3769,Mumbai,Beauty,Laptop,Mobile App,4,6952.29,0,27809.16,0,119.17,27928.33,UPI,New,Cancelled,3.9,
ORD103770,03-01-2025,CUST1115,Customer_3770,Surat,Grocery,Watch,Marketplace,4,2107.77,20,8431.08,1686.22,141.87,6886.73,UPI,Returning,Returned,4.9,
ORD103771,28-01-2025,CUST1252,Customer_3771,Ahmedabad,Sports,Novel,Store,5,10015.51,10,50077.55,5007.76,147.11,45216.9,Debit Card,New,Delivered,4.4,
ORD103772,22-11-2025,CUST1493,Customer_3772,Surat,Accessories,Headphones,Website,5,3328.68,15,16643.4,2496.51,141.06,14287.95,Net Banking,New,Delivered,4.4,
ORD103773,29-05-2025,CUST1289,Customer_3773,Surat,Books,Novel,Marketplace,5,6577.84,5,32889.2,1644.46,166.01,31410.75,Credit Card,New,Delivered,3.5,
ORD103774,28-01-2025,CUST1049,Customer_3774,Bengaluru,Home & Kitchen,Shoes,Marketplace,1,3085.41,10,3085.41,308.54,249.92,3026.79,Net Banking,New,Returned,1.5,
ORD103775,06-11-2025,CUST1452,Customer_3775,Surat,Books,Headphones,Mobile App,2,8294.98,5,16589.96,829.5,251.21,16011.67,Net Banking,Returning,Delivered,4.5,
ORD103776,06-03-2025,CUST1516,Customer_3776,Jaipur,Accessories,Headphones,Store,4,1873.39,5,7493.56,374.68,245.54,7364.42,Debit Card,VIP,Delivered,1.9,
ORD103777,22-12-2025,CUST1891,Customer_3777,Hyderabad,Beauty,Skincare Kit,Marketplace,1,493.14,10,493.14,49.31,57.3,501.13,UPI,Returning,Delivered,2.1,
ORD103778,21-01-2025,CUST1688,Customer_3778,Mumbai,Books,T-Shirt,Website,4,909.3,10,3637.2,363.72,245.91,3519.39,Credit Card,Returning,Delivered,4,
ORD103779,09-09-2025,CUST1272,Customer_3779,Pune,Beauty,Watch,Website,1,14320.74,5,14320.74,716.04,62.47,13667.17,Cash on Delivery,New,Delivered,3.9,
ORD103780,23-08-2025,CUST1431,Customer_3780,Kolkata,Accessories,T-Shirt,Mobile App,5,2262.95,0,11314.75,0,63.68,11378.43,Net Banking,Returning,Delivered,1.3,
ORD103781,15-08-2025,CUST1026,Customer_3781,Hyderabad,Sports,Groceries Pack,Website,4,10670.9,5,42683.6,2134.18,285.92,40835.34,Net Banking,Returning,Delivered,2,
ORD103782,13-01-2025,CUST1070,Customer_3782,Hyderabad,Books,Blender,Website,5,1158.7,5,5793.5,289.68,251.24,5755.06,Debit Card,Returning,Returned,4.3,
ORD103783,09-11-2025,CUST1293,Customer_3783,Chennai,Books,Football,Mobile App,4,1756.18,10,7024.72,702.47,179.15,6501.4,Net Banking,New,Delivered,4.8,
ORD103784,18-02-2025,CUST1406,Customer_3784,Pune,Home & Kitchen,Blender,Mobile App,3,7706.81,20,23120.43,4624.09,266.24,18762.58,Net Banking,Returning,Delivered,2.1,
ORD103785,28-04-2025,CUST1234,Customer_3785,Delhi,Sports,Headphones,Website,1,7053.33,0,7053.33,0,297.13,7350.46,Net Banking,VIP,Delivered,4,
ORD103786,23-02-2025,CUST1231,Customer_3786,Delhi,Electronics,Novel,Store,3,14280.97,0,42842.91,0,194.87,43037.78,Debit Card,New,Delivered,3,
ORD103787,18-05-2025,CUST1263,Customer_3787,Pune,Beauty,Groceries Pack,Store,1,14180.81,0,14180.81,0,195.48,14376.29,UPI,New,Delivered,2.5,
ORD103788,22-02-2025,CUST1938,Customer_3788,Bengaluru,Grocery,Headphones,Mobile App,2,11727.19,10,23454.38,2345.44,233.7,21342.64,Net Banking,New,Delivered,4.6,
ORD103789,13-02-2025,CUST1798,Customer_3789,Pune,Grocery,Headphones,Store,4,9091.21,5,36364.84,1818.24,92.68,34639.28,Credit Card,New,Delivered,3.2,
ORD103790,30-10-2025,CUST1586,Customer_3790,Kolkata,Sports,Shoes,Store,2,6906.16,15,13812.32,2071.85,75.12,11815.59,Net Banking,VIP,Cancelled,3.8,
ORD103791,22-02-2025,CUST1121,Customer_3791,Pune,Grocery,Novel,Store,2,5439.25,0,10878.5,0,235.09,11113.59,Net Banking,VIP,Cancelled,3.4,
ORD103792,15-03-2025,CUST1463,Customer_3792,Bengaluru,Sports,Blender,Mobile App,1,14214.25,10,14214.25,1421.42,123.12,12915.95,Credit Card,Returning,Delivered,3.6,
ORD103793,15-02-2025,CUST1518,Customer_3793,Bengaluru,Grocery,Blender,Store,3,9103.2,20,27309.6,5461.92,66.47,21914.15,Debit Card,Returning,Delivered,3.1,
ORD103794,13-01-2025,CUST1024,Customer_3794,Ahmedabad,Electronics,Football,Website,5,8749.23,20,43746.15,8749.23,115.02,35111.94,Cash on Delivery,Returning,Delivered,3.1,
ORD103795,14-06-2025,CUST1706,Customer_3795,Surat,Sports,Shoes,Website,1,3593.73,25,3593.73,898.43,126.83,2822.13,Credit Card,New,Delivered,4.4,
ORD103796,12-04-2025,CUST1680,Customer_3796,Bengaluru,Beauty,Groceries Pack,Mobile App,5,843.46,15,4217.3,632.6,290.61,3875.31,Cash on Delivery,Returning,Delivered,2.2,
ORD103797,07-10-2025,CUST1377,Customer_3797,Bengaluru,Accessories,Shoes,Store,2,14186.05,20,28372.1,5674.42,218.45,22916.13,UPI,Returning,Returned,3.9,
ORD103798,15-09-2025,CUST1500,Customer_3798,Kolkata,Grocery,Novel,Marketplace,5,4808.97,0,24044.85,0,173.33,24218.18,UPI,Returning,Delivered,2.1,
ORD103799,03-12-2025,CUST1911,Customer_3799,Bengaluru,Accessories,T-Shirt,Marketplace,3,6722.45,0,20167.35,0,291.6,20458.95,Net Banking,New,Delivered,1.3,
ORD103800,22-12-2025,CUST1437,Customer_3800,Chennai,Clothing,Skincare Kit,Website,1,1852.4,0,1852.4,0,273.85,2126.25,Net Banking,Returning,Cancelled,4.6,
ORD103801,18-05-2025,CUST1853,Customer_3801,Ahmedabad,Clothing,Laptop,Website,3,12578.33,15,37734.99,5660.25,168.24,32242.98,Debit Card,New,Returned,2.6,
ORD103802,12-06-2025,CUST1722,Customer_3802,Chennai,Home & Kitchen,Football,Marketplace,3,560.33,25,1680.99,420.25,274.53,1535.27,Cash on Delivery,Returning,Delivered,3.7,
ORD103803,21-04-2025,CUST1645,Customer_3803,Mumbai,Electronics,Football,Mobile App,1,12534.76,0,12534.76,0,139.16,12673.92,UPI,Returning,Delivered,4,
ORD103804,12-04-2025,CUST1857,Customer_3804,Jaipur,Accessories,Headphones,Store,3,2233.23,10,6699.69,669.97,92.21,6121.93,UPI,New,Delivered,4.2,
ORD103805,17-01-2025,CUST1804,Customer_3805,Ahmedabad,Home & Kitchen,Blender,Marketplace,4,13315.48,15,53261.92,7989.29,92.82,45365.45,Net Banking,Returning,Returned,1.9,
ORD103806,25-09-2025,CUST1970,Customer_3806,Surat,Clothing,Shoes,Store,4,10987.12,25,43948.48,10987.12,208.83,33170.19,Net Banking,Returning,Delivered,3.6,
ORD103807,01-07-2025,CUST1499,Customer_3807,Delhi,Electronics,Watch,Marketplace,4,2595.35,10,10381.4,1038.14,165.29,9508.55,Debit Card,New,Delivered,4,
ORD103808,24-01-2025,CUST1174,Customer_3808,Jaipur,Accessories,Groceries Pack,Website,5,8552.4,25,42762,10690.5,207.92,32279.42,Net Banking,VIP,Delivered,1.5,
ORD103809,29-01-2025,CUST1663,Customer_3809,Surat,Sports,Headphones,Store,3,4792.95,5,14378.85,718.94,215.24,13875.15,Net Banking,New,Returned,1.6,
ORD103810,20-06-2025,CUST1600,Customer_3810,Jaipur,Sports,T-Shirt,Mobile App,1,2796.76,5,2796.76,139.84,36.03,2692.95,Debit Card,New,Delivered,2.5,
ORD103811,16-08-2025,CUST1813,Customer_3811,Pune,Beauty,Laptop,Store,1,12908.86,10,12908.86,1290.89,44.59,11662.56,Net Banking,New,Returned,2.2,
ORD103812,07-07-2025,CUST1509,Customer_3812,Pune,Accessories,Watch,Store,5,6142.31,5,30711.55,1535.58,173.82,29349.79,Net Banking,New,Returned,4.2,
ORD103813,12-12-2025,CUST1778,Customer_3813,Jaipur,Books,Blender,Marketplace,1,6068.37,0,6068.37,0,81.58,6149.95,Net Banking,Returning,Delivered,3.6,
ORD103814,18-08-2025,CUST1310,Customer_3814,Surat,Clothing,T-Shirt,Mobile App,4,2672.82,15,10691.28,1603.69,200.78,9288.37,Cash on Delivery,Returning,Delivered,3,
ORD103815,17-11-2025,CUST1070,Customer_3815,Pune,Sports,Shoes,Website,3,5838.53,15,17515.59,2627.34,179.09,15067.34,UPI,New,Returned,1.4,
ORD103816,06-12-2025,CUST1205,Customer_3816,Kolkata,Electronics,Shoes,Store,1,13093.51,15,13093.51,1964.03,188.16,11317.64,Credit Card,New,Delivered,1.5,
ORD103817,29-04-2025,CUST1341,Customer_3817,Ahmedabad,Books,Skincare Kit,Store,1,5542.46,5,5542.46,277.12,111.66,5377,UPI,New,Delivered,3.1,
ORD103818,05-06-2025,CUST1032,Customer_3818,Pune,Books,Watch,Marketplace,2,14281.31,10,28562.62,2856.26,202.76,25909.12,Cash on Delivery,Returning,Returned,4.5,
ORD103819,29-09-2025,CUST1043,Customer_3819,Delhi,Sports,Football,Website,2,14202.69,5,28405.38,1420.27,253.96,27239.07,Credit Card,Returning,Delivered,4.1,
ORD103820,24-06-2025,CUST1118,Customer_3820,Delhi,Home & Kitchen,Football,Marketplace,2,2301.75,0,4603.5,0,299.48,4902.98,UPI,New,Delivered,4.5,
ORD103821,14-04-2025,CUST1889,Customer_3821,Mumbai,Home & Kitchen,Novel,Mobile App,3,2783.07,10,8349.21,834.92,256.38,7770.67,Debit Card,New,Delivered,3.3,
ORD103822,02-04-2025,CUST1015,Customer_3822,Delhi,Home & Kitchen,T-Shirt,Website,4,12960.71,0,51842.84,0,180.52,52023.36,Cash on Delivery,New,Cancelled,1.9,
ORD103823,05-07-2025,CUST1322,Customer_3823,Chennai,Accessories,Blender,Mobile App,4,5982.5,0,23930,0,82.23,24012.23,Debit Card,New,Delivered,1.1,
ORD103824,10-10-2025,CUST1911,Customer_3824,Jaipur,Books,Watch,Marketplace,4,214.95,15,859.8,128.97,213.99,944.82,Debit Card,New,Cancelled,4.8,
ORD103825,30-06-2025,CUST1627,Customer_3825,Jaipur,Home & Kitchen,Skincare Kit,Website,3,4217,0,12651,0,283.17,12934.17,UPI,Returning,Delivered,2.9,
ORD103826,19-06-2025,CUST1337,Customer_3826,Jaipur,Home & Kitchen,Skincare Kit,Mobile App,3,9024.79,25,27074.37,6768.59,87.2,20392.98,Credit Card,New,Delivered,4.4,
ORD103827,06-07-2025,CUST1532,Customer_3827,Ahmedabad,Books,Novel,Mobile App,2,12019.1,10,24038.2,2403.82,99.12,21733.5,Net Banking,New,Returned,3.9,
ORD103828,24-06-2025,CUST1690,Customer_3828,Chennai,Beauty,Blender,Marketplace,1,2130.82,25,2130.82,532.71,70.23,1668.34,Net Banking,Returning,Returned,4.3,
ORD103829,10-08-2025,CUST1774,Customer_3829,Mumbai,Home & Kitchen,Blender,Website,5,1791.54,0,8957.7,0,228.91,9186.61,Cash on Delivery,Returning,Delivered,1.8,
ORD103830,21-08-2025,CUST1591,Customer_3830,Surat,Beauty,Laptop,Mobile App,5,13843.08,10,69215.4,6921.54,139.77,62433.63,Debit Card,New,Returned,3.7,
ORD103831,11-06-2025,CUST1381,Customer_3831,Bengaluru,Beauty,Laptop,Store,1,11304.55,5,11304.55,565.23,46.93,10786.25,Cash on Delivery,New,Delivered,3.9,
ORD103832,14-05-2025,CUST1511,Customer_3832,Pune,Sports,Skincare Kit,Website,2,8908.23,20,17816.46,3563.29,266.24,14519.41,UPI,Returning,Returned,3.2,
ORD103833,12-08-2025,CUST1913,Customer_3833,Ahmedabad,Books,Watch,Website,1,11572.42,5,11572.42,578.62,180.57,11174.37,Debit Card,Returning,Returned,4.3,
ORD103834,02-06-2025,CUST1120,Customer_3834,Bengaluru,Electronics,Watch,Store,1,6518.49,5,6518.49,325.92,119.4,6311.97,Net Banking,New,Delivered,5,
ORD103835,02-02-2025,CUST1026,Customer_3835,Bengaluru,Home & Kitchen,Blender,Website,5,11413.07,20,57065.35,11413.07,122.88,45775.16,UPI,New,Delivered,1,
ORD103836,24-02-2025,CUST1534,Customer_3836,Kolkata,Electronics,Watch,Website,2,5671.27,5,11342.54,567.13,108.37,10883.78,UPI,New,Delivered,2.8,
ORD103837,07-01-2025,CUST1713,Customer_3837,Kolkata,Clothing,Skincare Kit,Store,3,3774.8,0,11324.4,0,152.98,11477.38,Cash on Delivery,Returning,Delivered,4,
ORD103838,01-09-2025,CUST1064,Customer_3838,Surat,Accessories,Groceries Pack,Marketplace,5,10975.85,5,54879.25,2743.96,121,52256.29,Cash on Delivery,Returning,Delivered,3.9,
ORD103839,09-11-2025,CUST1460,Customer_3839,Ahmedabad,Beauty,Novel,Mobile App,3,6382.13,15,19146.39,2871.96,177.95,16452.38,Credit Card,New,Cancelled,2.9,
ORD103840,06-05-2025,CUST1726,Customer_3840,Jaipur,Grocery,Football,Store,2,14723.45,5,29446.9,1472.34,238.85,28213.41,Net Banking,New,Delivered,4.4,
ORD103841,12-01-2025,CUST1314,Customer_3841,Bengaluru,Clothing,Football,Website,1,5339.85,10,5339.85,533.98,212.1,5017.97,Net Banking,VIP,Returned,3.7,
ORD103842,16-01-2025,CUST1983,Customer_3842,Bengaluru,Beauty,Skincare Kit,Mobile App,4,13837.65,0,55350.6,0,109.5,55460.1,Cash on Delivery,Returning,Returned,3.2,
ORD103843,27-07-2025,CUST1805,Customer_3843,Pune,Home & Kitchen,Skincare Kit,Mobile App,4,14004.49,10,56017.96,5601.8,172.76,50588.92,Net Banking,New,Delivered,2.1,
ORD103844,12-02-2025,CUST1590,Customer_3844,Mumbai,Clothing,Laptop,Mobile App,2,3741.52,15,7483.04,1122.46,256.83,6617.41,Net Banking,Returning,Delivered,2.5,
ORD103845,15-05-2025,CUST1216,Customer_3845,Ahmedabad,Books,Football,Marketplace,4,12003.58,5,48014.32,2400.72,48.42,45662.02,UPI,New,Delivered,5,
ORD103846,16-08-2025,CUST1456,Customer_3846,Pune,Sports,Blender,Website,3,6581.16,5,19743.48,987.17,51.14,18807.45,Debit Card,Returning,Returned,4.6,
ORD103847,21-04-2025,CUST1986,Customer_3847,Chennai,Accessories,Football,Website,4,13775.24,0,55100.96,0,180.17,55281.13,Debit Card,Returning,Cancelled,3.8,
ORD103848,03-11-2025,CUST1736,Customer_3848,Surat,Clothing,Skincare Kit,Mobile App,2,6834.35,0,13668.7,0,202.56,13871.26,Credit Card,VIP,Delivered,4.4,
ORD103849,09-06-2025,CUST1889,Customer_3849,Kolkata,Accessories,Novel,Mobile App,2,11202.91,0,22405.82,0,87.08,22492.9,Debit Card,Returning,Delivered,1.5,
ORD103850,27-11-2025,CUST1540,Customer_3850,Mumbai,Beauty,T-Shirt,Marketplace,3,7084.47,10,21253.41,2125.34,231.21,19359.28,Net Banking,New,Returned,2.1,
ORD103851,21-09-2025,CUST1992,Customer_3851,Jaipur,Books,Novel,Marketplace,4,3532.84,10,14131.36,1413.14,204.49,12922.71,UPI,Returning,Delivered,4.5,
ORD103852,13-08-2025,CUST1982,Customer_3852,Chennai,Beauty,Football,Mobile App,4,3110.35,25,12441.4,3110.35,279.29,9610.34,Debit Card,VIP,Delivered,2.9,
ORD103853,05-08-2025,CUST1817,Customer_3853,Mumbai,Electronics,Laptop,Website,1,6467.65,0,6467.65,0,75.62,6543.27,Net Banking,Returning,Delivered,3.4,
ORD103854,14-02-2025,CUST1713,Customer_3854,Pune,Grocery,T-Shirt,Store,5,11369.1,10,56845.5,5684.55,232.87,51393.82,Net Banking,New,Cancelled,4.5,
ORD103855,02-08-2025,CUST1579,Customer_3855,Chennai,Grocery,Watch,Marketplace,2,9135.31,10,18270.62,1827.06,52.58,16496.14,Cash on Delivery,VIP,Returned,2.6,
ORD103856,28-02-2025,CUST1473,Customer_3856,Delhi,Clothing,Shoes,Website,1,10376.14,10,10376.14,1037.61,182.63,9521.16,Cash on Delivery,New,Delivered,2.9,
ORD103857,12-05-2025,CUST1359,Customer_3857,Mumbai,Sports,Groceries Pack,Marketplace,2,4342.55,20,8685.1,1737.02,179.01,7127.09,Debit Card,New,Returned,1.4,
ORD103858,14-04-2025,CUST1126,Customer_3858,Hyderabad,Home & Kitchen,Skincare Kit,Website,1,7299.31,0,7299.31,0,134.86,7434.17,Cash on Delivery,New,Delivered,5,
ORD103859,14-07-2025,CUST1972,Customer_3859,Surat,Electronics,Football,Mobile App,5,809.27,0,4046.35,0,258.03,4304.38,Net Banking,New,Returned,4.9,
ORD103860,06-06-2025,CUST1861,Customer_3860,Hyderabad,Clothing,Blender,Marketplace,1,12290.36,15,12290.36,1843.55,31.18,10477.99,Net Banking,Returning,Delivered,2.2,
ORD103861,08-04-2025,CUST1707,Customer_3861,Bengaluru,Electronics,T-Shirt,Store,2,14849.9,5,29699.8,1484.99,170.45,28385.26,Cash on Delivery,New,Cancelled,4.4,
ORD103862,14-08-2025,CUST1937,Customer_3862,Ahmedabad,Clothing,Blender,Mobile App,4,6192.15,0,24768.6,0,88.63,24857.23,UPI,New,Returned,3.9,
ORD103863,24-07-2025,CUST1686,Customer_3863,Pune,Grocery,Football,Marketplace,2,312.81,5,625.62,31.28,230.74,825.08,Cash on Delivery,Returning,Delivered,1.6,
ORD103864,20-03-2025,CUST1087,Customer_3864,Ahmedabad,Home & Kitchen,Groceries Pack,Mobile App,3,2671.42,5,8014.26,400.71,41.63,7655.18,UPI,Returning,Cancelled,1.1,
ORD103865,04-05-2025,CUST1343,Customer_3865,Jaipur,Home & Kitchen,Groceries Pack,Store,3,9840.02,10,29520.06,2952.01,254.52,26822.57,Cash on Delivery,Returning,Delivered,1.1,
ORD103866,06-08-2025,CUST1823,Customer_3866,Mumbai,Grocery,Novel,Marketplace,3,9239.38,0,27718.14,0,256.28,27974.42,Net Banking,New,Delivered,1.3,
ORD103867,04-01-2025,CUST1978,Customer_3867,Kolkata,Accessories,Blender,Marketplace,3,11849.79,5,35549.37,1777.47,254.87,34026.77,Net Banking,New,Returned,3.5,
ORD103868,31-03-2025,CUST1395,Customer_3868,Kolkata,Sports,Football,Marketplace,5,3920.18,10,19600.9,1960.09,71.19,17712,Cash on Delivery,Returning,Returned,3,
ORD103869,14-04-2025,CUST1484,Customer_3869,Delhi,Electronics,Shoes,Website,4,11489.93,10,45959.72,4595.97,200.21,41563.96,Credit Card,New,Delivered,5,
ORD103870,29-04-2025,CUST1666,Customer_3870,Hyderabad,Sports,Watch,Website,4,10366.56,25,41466.24,10366.56,33.88,31133.56,UPI,New,Delivered,2.1,
ORD103871,13-05-2025,CUST1456,Customer_3871,Kolkata,Clothing,Blender,Marketplace,2,4943.8,0,9887.6,0,258.95,10146.55,Credit Card,Returning,Delivered,3.9,
ORD103872,08-11-2025,CUST1476,Customer_3872,Chennai,Home & Kitchen,Shoes,Mobile App,1,8250.5,25,8250.5,2062.62,225.2,6413.08,Net Banking,New,Cancelled,2.5,
ORD103873,06-04-2025,CUST1210,Customer_3873,Bengaluru,Home & Kitchen,T-Shirt,Mobile App,2,2337.02,10,4674.04,467.4,173.41,4380.05,UPI,Returning,Delivered,1.4,
ORD103874,27-11-2025,CUST1525,Customer_3874,Delhi,Beauty,Laptop,Marketplace,2,6870.58,15,13741.16,2061.17,227.26,11907.25,Cash on Delivery,Returning,Delivered,4.5,
ORD103875,23-05-2025,CUST1676,Customer_3875,Mumbai,Beauty,Blender,Store,2,13235.78,10,26471.56,2647.16,55.47,23879.87,UPI,New,Delivered,2.6,
ORD103876,15-10-2025,CUST2000,Customer_3876,Surat,Grocery,Headphones,Store,2,6404.69,10,12809.38,1280.94,172.74,11701.18,UPI,New,Delivered,4.7,
ORD103877,28-01-2025,CUST1767,Customer_3877,Surat,Sports,Skincare Kit,Store,4,12617.57,20,50470.28,10094.06,108.64,40484.86,Debit Card,New,Returned,4.7,
ORD103878,05-10-2025,CUST1896,Customer_3878,Ahmedabad,Electronics,Blender,Website,1,8915.26,20,8915.26,1783.05,292.61,7424.82,UPI,New,Cancelled,4.3,
ORD103879,21-08-2025,CUST1576,Customer_3879,Surat,Grocery,Headphones,Website,2,2999.37,0,5998.74,0,261.42,6260.16,Net Banking,VIP,Delivered,1.1,
ORD103880,17-01-2025,CUST1307,Customer_3880,Ahmedabad,Clothing,Novel,Website,4,8779.43,0,35117.72,0,227.98,35345.7,Credit Card,Returning,Cancelled,4.9,
ORD103881,28-02-2025,CUST1076,Customer_3881,Bengaluru,Sports,Blender,Website,2,7663.85,10,15327.7,1532.77,282.11,14077.04,Credit Card,Returning,Delivered,1.5,
ORD103882,31-03-2025,CUST1022,Customer_3882,Bengaluru,Home & Kitchen,Headphones,Mobile App,3,6069.82,20,18209.46,3641.89,123.65,14691.22,Cash on Delivery,New,Cancelled,4.7,
ORD103883,18-07-2025,CUST1060,Customer_3883,Kolkata,Home & Kitchen,Laptop,Marketplace,2,1926.51,5,3853.02,192.65,273.24,3933.61,Debit Card,New,Delivered,3.4,
ORD103884,28-12-2025,CUST1386,Customer_3884,Surat,Accessories,Headphones,Marketplace,2,6338.12,15,12676.24,1901.44,117.81,10892.61,Credit Card,Returning,Delivered,2.5,
ORD103885,26-01-2025,CUST1056,Customer_3885,Ahmedabad,Accessories,Laptop,Marketplace,5,1230.52,15,6152.6,922.89,227.86,5457.57,Credit Card,VIP,Delivered,3.9,
ORD103886,25-01-2025,CUST1168,Customer_3886,Bengaluru,Home & Kitchen,Watch,Mobile App,3,1616.72,15,4850.16,727.52,228.83,4351.47,UPI,New,Cancelled,3,
ORD103887,28-10-2025,CUST1412,Customer_3887,Delhi,Clothing,Watch,Store,1,6326.36,10,6326.36,632.64,34.95,5728.67,Net Banking,VIP,Returned,4.2,
ORD103888,05-12-2025,CUST1717,Customer_3888,Kolkata,Grocery,T-Shirt,Store,2,4684.92,5,9369.84,468.49,127.49,9028.84,Net Banking,New,Cancelled,3.1,
ORD103889,24-09-2025,CUST1865,Customer_3889,Pune,Sports,T-Shirt,Website,1,13894.33,25,13894.33,3473.58,35.25,10456,Cash on Delivery,New,Delivered,2.5,
ORD103890,30-06-2025,CUST1771,Customer_3890,Kolkata,Clothing,Watch,Website,3,5729.23,10,17187.69,1718.77,299.21,15768.13,Net Banking,New,Delivered,2.4,
ORD103891,26-12-2025,CUST1191,Customer_3891,Surat,Books,Laptop,Mobile App,2,11404.19,15,22808.38,3421.26,62.99,19450.11,Credit Card,Returning,Delivered,2.4,
ORD103892,09-03-2025,CUST1482,Customer_3892,Hyderabad,Accessories,Football,Mobile App,5,8024.18,5,40120.9,2006.04,176.56,38291.42,UPI,Returning,Delivered,2.9,
ORD103893,17-12-2025,CUST1919,Customer_3893,Kolkata,Home & Kitchen,Watch,Store,4,10605.67,15,42422.68,6363.4,243.45,36302.73,Net Banking,Returning,Delivered,1.4,
ORD103894,17-11-2025,CUST1567,Customer_3894,Ahmedabad,Beauty,Football,Marketplace,5,4012.72,5,20063.6,1003.18,84.34,19144.76,Debit Card,New,Delivered,3.6,
ORD103895,18-02-2025,CUST1416,Customer_3895,Bengaluru,Sports,Groceries Pack,Marketplace,5,14137.29,0,70686.45,0,160.96,70847.41,Debit Card,Returning,Delivered,2.4,
ORD103896,24-06-2025,CUST1340,Customer_3896,Bengaluru,Beauty,Blender,Mobile App,4,8021.81,15,32087.24,4813.09,194.01,27468.16,Debit Card,New,Cancelled,3.2,
ORD103897,21-02-2025,CUST1796,Customer_3897,Surat,Sports,Shoes,Mobile App,4,12495.16,10,49980.64,4998.06,73.26,45055.84,Net Banking,New,Returned,3.1,
ORD103898,12-04-2025,CUST1892,Customer_3898,Surat,Grocery,Blender,Mobile App,4,5570.93,15,22283.72,3342.56,240.21,19181.37,UPI,New,Cancelled,4.4,
ORD103899,04-08-2025,CUST1776,Customer_3899,Hyderabad,Home & Kitchen,Novel,Website,2,1638.14,5,3276.28,163.81,110.82,3223.29,Net Banking,Returning,Delivered,4.4,
ORD103900,07-07-2025,CUST1259,Customer_3900,Surat,Beauty,Novel,Marketplace,1,10154.62,10,10154.62,1015.46,86.98,9226.14,Credit Card,Returning,Cancelled,5,
ORD103901,26-02-2025,CUST1350,Customer_3901,Ahmedabad,Accessories,Shoes,Mobile App,1,265.23,10,265.23,26.52,180.74,419.45,Net Banking,New,Cancelled,2,
ORD103902,16-02-2025,CUST1601,Customer_3902,Surat,Beauty,Novel,Mobile App,4,7208.1,10,28832.4,2883.24,140.78,26089.94,Debit Card,New,Delivered,1.1,
ORD103903,08-06-2025,CUST1437,Customer_3903,Pune,Sports,Shoes,Website,5,3013.11,5,15065.55,753.28,278.48,14590.75,Debit Card,Returning,Returned,2.7,
ORD103904,23-06-2025,CUST1222,Customer_3904,Delhi,Books,Shoes,Mobile App,3,9466.53,15,28399.59,4259.94,267.62,24407.27,UPI,New,Delivered,4.6,
ORD103905,30-08-2025,CUST1413,Customer_3905,Ahmedabad,Books,Novel,Marketplace,4,14694.39,20,58777.56,11755.51,160.5,47182.55,Cash on Delivery,VIP,Delivered,3.4,
ORD103906,09-10-2025,CUST1350,Customer_3906,Hyderabad,Beauty,Headphones,Website,5,7046.38,5,35231.9,1761.6,127,33597.3,Debit Card,VIP,Delivered,2.5,
ORD103907,29-08-2025,CUST1482,Customer_3907,Delhi,Beauty,Shoes,Mobile App,5,12289.85,5,61449.25,3072.46,117.89,58494.68,Debit Card,Returning,Delivered,4.1,
ORD103908,05-01-2025,CUST1601,Customer_3908,Bengaluru,Grocery,Laptop,Marketplace,2,7690.6,15,15381.2,2307.18,102.24,13176.26,Cash on Delivery,Returning,Delivered,3.8,
ORD103909,25-03-2025,CUST1977,Customer_3909,Kolkata,Accessories,Laptop,Marketplace,2,7513.22,15,15026.44,2253.97,177.03,12949.5,Net Banking,Returning,Cancelled,3.9,
ORD103910,04-11-2025,CUST1059,Customer_3910,Mumbai,Home & Kitchen,Novel,Website,1,13966.79,15,13966.79,2095.02,247.34,12119.11,Debit Card,New,Returned,3.1,
ORD103911,27-12-2025,CUST1152,Customer_3911,Ahmedabad,Sports,Shoes,Marketplace,1,13365.99,15,13365.99,2004.9,113.9,11474.99,UPI,New,Delivered,3.1,
ORD103912,05-09-2025,CUST1934,Customer_3912,Surat,Sports,Skincare Kit,Website,3,11819.14,5,35457.42,1772.87,81.33,33765.88,Net Banking,New,Cancelled,3.2,
ORD103913,23-02-2025,CUST1540,Customer_3913,Hyderabad,Electronics,Blender,Marketplace,3,4549.4,5,13648.2,682.41,158.38,13124.17,Net Banking,VIP,Delivered,3.2,
ORD103914,10-06-2025,CUST1225,Customer_3914,Ahmedabad,Sports,Watch,Mobile App,3,8243.37,5,24730.11,1236.51,48.64,23542.24,Debit Card,Returning,Delivered,1.8,
ORD103915,14-08-2025,CUST1318,Customer_3915,Ahmedabad,Accessories,Skincare Kit,Website,3,3474.87,0,10424.61,0,219.35,10643.96,Net Banking,New,Returned,2,
ORD103916,15-01-2025,CUST1996,Customer_3916,Chennai,Accessories,Shoes,Marketplace,5,6742.16,15,33710.8,5056.62,169.96,28824.14,Net Banking,Returning,Delivered,2.5,
ORD103917,12-08-2025,CUST1563,Customer_3917,Mumbai,Home & Kitchen,Shoes,Website,5,7340.56,0,36702.8,0,164.02,36866.82,UPI,New,Delivered,4.4,
ORD103918,02-03-2025,CUST1775,Customer_3918,Bengaluru,Beauty,Football,Marketplace,1,12499.85,25,12499.85,3124.96,111.12,9486.01,Net Banking,Returning,Delivered,2.8,
ORD103919,02-05-2025,CUST1279,Customer_3919,Bengaluru,Grocery,Laptop,Website,2,13456.02,20,26912.04,5382.41,274.26,21803.89,Debit Card,New,Returned,4.7,
ORD103920,04-10-2025,CUST1558,Customer_3920,Mumbai,Electronics,Groceries Pack,Mobile App,2,6307.11,20,12614.22,2522.84,54.43,10145.81,Debit Card,Returning,Delivered,4.2,
ORD103921,15-02-2025,CUST1474,Customer_3921,Hyderabad,Grocery,Watch,Website,4,412.91,20,1651.64,330.33,264.85,1586.16,Cash on Delivery,New,Delivered,4.4,
ORD103922,21-10-2025,CUST1846,Customer_3922,Surat,Grocery,T-Shirt,Website,5,12947.34,5,64736.7,3236.84,131.71,61631.57,Credit Card,Returning,Returned,1.5,
ORD103923,03-03-2025,CUST1618,Customer_3923,Mumbai,Beauty,Shoes,Mobile App,3,2738.04,20,8214.12,1642.82,267.77,6839.07,Cash on Delivery,New,Delivered,1.6,
ORD103924,27-03-2025,CUST1796,Customer_3924,Jaipur,Sports,Groceries Pack,Marketplace,3,9384.95,0,28154.85,0,226.77,28381.62,UPI,New,Returned,1.9,
ORD103925,29-07-2025,CUST1024,Customer_3925,Bengaluru,Clothing,Blender,Store,4,520.82,0,2083.28,0,58.13,2141.41,UPI,Returning,Delivered,3.7,
ORD103926,19-03-2025,CUST1519,Customer_3926,Ahmedabad,Accessories,Shoes,Mobile App,2,6082.67,15,12165.34,1824.8,254.51,10595.05,Debit Card,Returning,Cancelled,2.9,
ORD103927,21-07-2025,CUST1368,Customer_3927,Chennai,Beauty,Skincare Kit,Website,3,14791.51,0,44374.53,0,214.19,44588.72,Credit Card,VIP,Delivered,1.7,
ORD103928,29-10-2025,CUST1996,Customer_3928,Hyderabad,Books,Laptop,Mobile App,2,1645.3,25,3290.6,822.65,38.72,2506.67,Cash on Delivery,Returning,Returned,4,
ORD103929,11-08-2025,CUST1999,Customer_3929,Hyderabad,Sports,Watch,Mobile App,4,6441.84,15,25767.36,3865.1,66.1,21968.36,Credit Card,Returning,Delivered,3.1,
ORD103930,10-08-2025,CUST1335,Customer_3930,Delhi,Books,Laptop,Website,2,4711.18,15,9422.36,1413.35,201.62,8210.63,Debit Card,VIP,Cancelled,3.9,
ORD103931,03-01-2025,CUST1433,Customer_3931,Surat,Home & Kitchen,Blender,Website,2,13590.56,0,27181.12,0,208.9,27390.02,Net Banking,Returning,Returned,4.6,
ORD103932,06-01-2025,CUST1003,Customer_3932,Chennai,Books,Blender,Store,2,13059.7,15,26119.4,3917.91,231.6,22433.09,Debit Card,Returning,Returned,4.7,
ORD103933,03-04-2025,CUST1258,Customer_3933,Hyderabad,Sports,Groceries Pack,Mobile App,3,3679.83,0,11039.49,0,224.47,11263.96,Debit Card,Returning,Returned,2.2,
ORD103934,08-01-2025,CUST1263,Customer_3934,Surat,Electronics,Laptop,Website,1,1355.64,20,1355.64,271.13,208.07,1292.58,Credit Card,VIP,Delivered,1.6,
ORD103935,23-08-2025,CUST1121,Customer_3935,Surat,Books,T-Shirt,Marketplace,5,9463.01,0,47315.05,0,236.88,47551.93,UPI,Returning,Delivered,2.7,
ORD103936,18-04-2025,CUST1720,Customer_3936,Kolkata,Accessories,T-Shirt,Marketplace,2,5145.08,15,10290.16,1543.52,185.27,8931.91,Net Banking,Returning,Delivered,1.3,
ORD103937,10-06-2025,CUST1021,Customer_3937,Delhi,Clothing,Shoes,Marketplace,2,10130.45,0,20260.9,0,100.41,20361.31,Net Banking,New,Delivered,1.2,
ORD103938,28-07-2025,CUST1905,Customer_3938,Delhi,Grocery,Football,Marketplace,2,626.98,0,1253.96,0,276.34,1530.3,UPI,Returning,Delivered,4.9,
ORD103939,28-08-2025,CUST1140,Customer_3939,Bengaluru,Clothing,Football,Mobile App,1,2130.98,10,2130.98,213.1,34.92,1952.8,Credit Card,New,Delivered,4.9,
ORD103940,27-11-2025,CUST1477,Customer_3940,Delhi,Clothing,Watch,Mobile App,4,10342.63,0,41370.52,0,128.97,41499.49,Credit Card,New,Delivered,2.4,
ORD103941,29-11-2025,CUST1792,Customer_3941,Bengaluru,Books,Blender,Store,3,3303.7,15,9911.1,1486.66,226.79,8651.23,UPI,Returning,Delivered,4.3,
ORD103942,19-02-2025,CUST1289,Customer_3942,Hyderabad,Home & Kitchen,Groceries Pack,Mobile App,1,12885.18,0,12885.18,0,145.33,13030.51,Cash on Delivery,Returning,Cancelled,1.9,
ORD103943,11-01-2025,CUST1206,Customer_3943,Ahmedabad,Clothing,Football,Website,2,1020.07,5,2040.14,102.01,36.71,1974.84,Credit Card,New,Delivered,2.7,
ORD103944,17-12-2025,CUST1043,Customer_3944,Mumbai,Beauty,Headphones,Store,1,3349.91,10,3349.91,334.99,47.81,3062.73,UPI,New,Delivered,3.9,
ORD103945,05-06-2025,CUST1850,Customer_3945,Surat,Grocery,T-Shirt,Mobile App,1,14978.62,5,14978.62,748.93,205.13,14434.82,Cash on Delivery,New,Returned,3.2,
ORD103946,11-03-2025,CUST1118,Customer_3946,Hyderabad,Accessories,Football,Mobile App,1,6581.18,5,6581.18,329.06,290.51,6542.63,Debit Card,New,Delivered,4.3,
ORD103947,18-06-2025,CUST1005,Customer_3947,Hyderabad,Home & Kitchen,Blender,Website,4,10589.04,20,42356.16,8471.23,179,34063.93,Net Banking,New,Delivered,4.9,
ORD103948,29-09-2025,CUST1207,Customer_3948,Ahmedabad,Sports,Football,Website,5,2862.55,0,14312.75,0,166.82,14479.57,UPI,New,Returned,1,
ORD103949,09-03-2025,CUST1635,Customer_3949,Hyderabad,Electronics,Groceries Pack,Website,3,9206.55,0,27619.65,0,115.95,27735.6,Credit Card,New,Delivered,4.7,
ORD103950,21-12-2025,CUST1839,Customer_3950,Kolkata,Home & Kitchen,Groceries Pack,Marketplace,4,10932.68,5,43730.72,2186.54,99.31,41643.49,Net Banking,Returning,Delivered,2.7,
ORD103951,09-09-2025,CUST1345,Customer_3951,Jaipur,Grocery,T-Shirt,Mobile App,4,4819.98,5,19279.92,964,35.67,18351.59,Cash on Delivery,New,Returned,2.6,
ORD103952,17-02-2025,CUST1142,Customer_3952,Surat,Grocery,Novel,Mobile App,5,12459.12,10,62295.6,6229.56,103.7,56169.74,Net Banking,New,Delivered,1,
ORD103953,03-07-2025,CUST1372,Customer_3953,Pune,Electronics,Skincare Kit,Mobile App,4,9110.75,5,36443,1822.15,151.26,34772.11,UPI,VIP,Delivered,4.3,
ORD103954,16-11-2025,CUST1232,Customer_3954,Bengaluru,Home & Kitchen,Shoes,Store,1,5928.48,15,5928.48,889.27,83.45,5122.66,Debit Card,Returning,Delivered,4,
ORD103955,06-07-2025,CUST1164,Customer_3955,Hyderabad,Sports,Shoes,Store,1,8430.99,0,8430.99,0,53.58,8484.57,Cash on Delivery,New,Delivered,4.6,
ORD103956,31-03-2025,CUST1547,Customer_3956,Pune,Electronics,Shoes,Store,2,8714.9,10,17429.8,1742.98,223.79,15910.61,Cash on Delivery,New,Delivered,1.7,
ORD103957,28-11-2025,CUST1364,Customer_3957,Hyderabad,Grocery,Football,Store,4,2608.2,5,10432.8,521.64,271.55,10182.71,Cash on Delivery,Returning,Delivered,1.9,
ORD103958,19-05-2025,CUST1946,Customer_3958,Surat,Home & Kitchen,Skincare Kit,Store,2,6130.58,10,12261.16,1226.12,282.93,11317.97,Net Banking,New,Delivered,2.2,
ORD103959,23-12-2025,CUST1984,Customer_3959,Delhi,Grocery,Headphones,Website,3,5249.94,25,15749.82,3937.46,196.86,12009.22,Debit Card,Returning,Delivered,3.1,
ORD103960,30-03-2025,CUST1335,Customer_3960,Chennai,Electronics,Blender,Store,1,6103.41,10,6103.41,610.34,44.25,5537.32,UPI,New,Delivered,2.4,
ORD103961,01-10-2025,CUST1011,Customer_3961,Jaipur,Clothing,Blender,Mobile App,3,11452.49,25,34357.47,8589.37,230.03,25998.13,UPI,VIP,Cancelled,2.2,
ORD103962,19-01-2025,CUST1408,Customer_3962,Pune,Grocery,Skincare Kit,Marketplace,5,7315.7,5,36578.5,1828.92,59.73,34809.31,Net Banking,Returning,Delivered,1.7,
ORD103963,07-11-2025,CUST1075,Customer_3963,Pune,Clothing,Football,Mobile App,1,14113.69,0,14113.69,0,210.83,14324.52,UPI,New,Delivered,1.6,
ORD103964,24-12-2025,CUST1300,Customer_3964,Bengaluru,Books,Novel,Mobile App,3,4511.09,0,13533.27,0,240.43,13773.7,UPI,New,Delivered,2.9,
ORD103965,03-06-2025,CUST1947,Customer_3965,Surat,Clothing,Watch,Website,5,6323.2,5,31616,1580.8,225.98,30261.18,Debit Card,Returning,Delivered,2.8,
ORD103966,17-09-2025,CUST1913,Customer_3966,Pune,Beauty,Novel,Marketplace,3,11836.31,5,35508.93,1775.45,287.01,34020.49,Net Banking,New,Delivered,4.1,
ORD103967,18-04-2025,CUST1381,Customer_3967,Surat,Clothing,Blender,Mobile App,5,8258.47,0,41292.35,0,229.3,41521.65,Net Banking,New,Cancelled,4.3,
ORD103968,12-10-2025,CUST1710,Customer_3968,Jaipur,Clothing,Headphones,Website,5,8273.37,10,41366.85,4136.69,217.17,37447.33,Cash on Delivery,New,Delivered,3.8,
ORD103969,28-02-2025,CUST1853,Customer_3969,Pune,Sports,Watch,Marketplace,1,942.1,5,942.1,47.1,100.67,995.67,UPI,Returning,Returned,4.3,
ORD103970,05-05-2025,CUST1776,Customer_3970,Kolkata,Accessories,Novel,Marketplace,2,6069.2,0,12138.4,0,279.69,12418.09,Credit Card,Returning,Delivered,1.4,
ORD103971,20-12-2025,CUST1847,Customer_3971,Ahmedabad,Electronics,Skincare Kit,Website,5,4170.4,5,20852,1042.6,78.48,19887.88,Debit Card,New,Cancelled,2.8,
ORD103972,30-09-2025,CUST1886,Customer_3972,Chennai,Electronics,T-Shirt,Store,5,14990.13,20,74950.65,14990.13,274.32,60234.84,Debit Card,Returning,Delivered,2.1,
ORD103973,17-04-2025,CUST1736,Customer_3973,Pune,Clothing,Shoes,Website,1,4729.07,5,4729.07,236.45,114.42,4607.04,Credit Card,Returning,Delivered,2,
ORD103974,26-10-2025,CUST1634,Customer_3974,Bengaluru,Electronics,Laptop,Website,2,13284.77,15,26569.54,3985.43,65.14,22649.25,Cash on Delivery,VIP,Delivered,3.9,
ORD103975,02-09-2025,CUST1586,Customer_3975,Delhi,Home & Kitchen,T-Shirt,Store,4,10192.07,10,40768.28,4076.83,253.2,36944.65,Credit Card,Returning,Delivered,4.3,
ORD103976,02-12-2025,CUST1028,Customer_3976,Surat,Books,Shoes,Website,4,5212.61,5,20850.44,1042.52,30.67,19838.59,Credit Card,VIP,Delivered,1.5,
ORD103977,04-09-2025,CUST1463,Customer_3977,Chennai,Grocery,Headphones,Website,2,8221.49,0,16442.98,0,254.66,16697.64,Cash on Delivery,VIP,Cancelled,1.5,
ORD103978,08-01-2025,CUST1396,Customer_3978,Mumbai,Clothing,Skincare Kit,Website,3,12631.96,5,37895.88,1894.79,100.82,36101.91,Credit Card,New,Delivered,3.6,
ORD103979,21-05-2025,CUST1683,Customer_3979,Pune,Books,Novel,Mobile App,1,13268.02,10,13268.02,1326.8,268.87,12210.09,Cash on Delivery,Returning,Delivered,1.6,
ORD103980,28-12-2025,CUST1978,Customer_3980,Mumbai,Clothing,Skincare Kit,Website,2,2531.85,5,5063.7,253.18,216.7,5027.22,UPI,New,Returned,4.1,
ORD103981,08-01-2025,CUST1376,Customer_3981,Chennai,Beauty,Watch,Website,4,5192.66,0,20770.64,0,209.87,20980.51,Cash on Delivery,Returning,Delivered,4.3,
ORD103982,18-12-2025,CUST1421,Customer_3982,Hyderabad,Books,T-Shirt,Marketplace,5,5128.06,0,25640.3,0,128.64,25768.94,Net Banking,New,Delivered,3.1,
ORD103983,04-04-2025,CUST1364,Customer_3983,Surat,Home & Kitchen,Groceries Pack,Marketplace,4,774.37,20,3097.48,619.5,46.04,2524.02,Net Banking,Returning,Cancelled,4.6,
ORD103984,17-11-2025,CUST1895,Customer_3984,Chennai,Clothing,Shoes,Marketplace,5,9033.83,10,45169.15,4516.92,254.12,40906.35,Credit Card,New,Delivered,1.1,
ORD103985,08-02-2025,CUST1216,Customer_3985,Kolkata,Clothing,Skincare Kit,Website,1,12844.08,10,12844.08,1284.41,76.14,11635.81,Net Banking,New,Delivered,1.9,
ORD103986,22-03-2025,CUST1831,Customer_3986,Mumbai,Electronics,Shoes,Store,5,5816.38,10,29081.9,2908.19,130.51,26304.22,Cash on Delivery,New,Cancelled,4.1,
ORD103987,06-07-2025,CUST1101,Customer_3987,Kolkata,Clothing,Shoes,Website,2,11139.53,20,22279.06,4455.81,192.1,18015.35,UPI,VIP,Delivered,4.8,
ORD103988,25-03-2025,CUST1758,Customer_3988,Chennai,Books,Headphones,Mobile App,5,9471.35,10,47356.75,4735.68,160.21,42781.28,Cash on Delivery,New,Returned,4.8,
ORD103989,29-03-2025,CUST1093,Customer_3989,Mumbai,Books,Watch,Mobile App,3,5728.38,10,17185.14,1718.51,83.64,15550.27,Debit Card,VIP,Delivered,1,
ORD103990,30-08-2025,CUST1575,Customer_3990,Surat,Clothing,Headphones,Mobile App,2,2244.74,25,4489.48,1122.37,67.97,3435.08,Credit Card,New,Delivered,3.5,
ORD103991,08-12-2025,CUST1266,Customer_3991,Mumbai,Clothing,Headphones,Mobile App,1,10683.46,15,10683.46,1602.52,63.28,9144.22,UPI,Returning,Delivered,1.1,
ORD103992,03-04-2025,CUST1206,Customer_3992,Bengaluru,Clothing,Headphones,Website,2,12840.29,0,25680.58,0,263.01,25943.59,Credit Card,New,Delivered,3.8,
ORD103993,27-03-2025,CUST1080,Customer_3993,Mumbai,Beauty,Novel,Marketplace,3,10334.94,0,31004.82,0,38.52,31043.34,Debit Card,New,Cancelled,4.1,
ORD103994,13-02-2025,CUST1037,Customer_3994,Ahmedabad,Home & Kitchen,Watch,Website,1,415.5,15,415.5,62.32,293.79,646.97,Net Banking,VIP,Cancelled,4.4,
ORD103995,17-05-2025,CUST1011,Customer_3995,Hyderabad,Accessories,Shoes,Website,4,3361.06,20,13444.24,2688.85,83.6,10838.99,Debit Card,New,Delivered,3.1,
ORD103996,15-03-2025,CUST1627,Customer_3996,Surat,Grocery,Shoes,Website,3,1181.78,10,3545.34,354.53,59.79,3250.6,Net Banking,New,Delivered,4.4,
ORD103997,05-02-2025,CUST1090,Customer_3997,Pune,Accessories,Watch,Website,1,8620.23,10,8620.23,862.02,185.78,7943.99,Credit Card,Returning,Delivered,4.7,
ORD103998,11-04-2025,CUST1744,Customer_3998,Delhi,Books,Watch,Store,5,11383.69,10,56918.45,5691.84,51.6,51278.21,Credit Card,Returning,Delivered,3.1,
ORD103999,05-06-2025,CUST1019,Customer_3999,Ahmedabad,Beauty,T-Shirt,Marketplace,2,1792.1,10,3584.2,358.42,192.66,3418.44,Credit Card,VIP,Delivered,3.1,
ORD104000,12-09-2025,CUST1564,Customer_4000,Kolkata,Grocery,Blender,Marketplace,1,12599.32,15,12599.32,1889.9,259.67,10969.09,Cash on Delivery,Returning,Delivered,3,
ORD104001,20-06-2025,CUST1374,Customer_4001,Jaipur,Electronics,Shoes,Mobile App,2,8399.31,0,16798.62,0,42.93,16841.55,UPI,Returning,Delivered,3,
ORD104002,04-08-2025,CUST1786,Customer_4002,Hyderabad,Sports,Football,Website,5,10396.04,25,51980.2,12995.05,245.96,39231.11,Cash on Delivery,New,Delivered,4.1,
ORD104003,19-06-2025,CUST1094,Customer_4003,Hyderabad,Clothing,Watch,Mobile App,1,14575.32,15,14575.32,2186.3,136.51,12525.53,Debit Card,Returning,Cancelled,1.3,
ORD104004,09-09-2025,CUST1032,Customer_4004,Bengaluru,Books,Football,Marketplace,4,1392.66,10,5570.64,557.06,73.06,5086.64,UPI,Returning,Delivered,2.8,
ORD104005,26-12-2025,CUST1663,Customer_4005,Mumbai,Grocery,Skincare Kit,Marketplace,3,13533.18,5,40599.54,2029.98,77.55,38647.11,Credit Card,New,Delivered,3.1,
ORD104006,18-11-2025,CUST1140,Customer_4006,Bengaluru,Electronics,Football,Mobile App,1,2022.63,0,2022.63,0,278.07,2300.7,Credit Card,Returning,Delivered,1.9,
ORD104007,24-02-2025,CUST1570,Customer_4007,Mumbai,Books,Football,Marketplace,5,5985.44,5,29927.2,1496.36,59.86,28490.7,Credit Card,New,Delivered,3.2,
ORD104008,01-04-2025,CUST1973,Customer_4008,Chennai,Accessories,Novel,Marketplace,1,12793.86,15,12793.86,1919.08,264.03,11138.81,Net Banking,Returning,Delivered,2.8,
ORD104009,05-10-2025,CUST1021,Customer_4009,Kolkata,Accessories,Laptop,Store,2,13607.88,10,27215.76,2721.58,176.95,24671.13,Debit Card,New,Cancelled,4,
ORD104010,11-04-2025,CUST1149,Customer_4010,Mumbai,Sports,T-Shirt,Website,1,7669.62,5,7669.62,383.48,40.55,7326.69,Cash on Delivery,New,Delivered,2.4,
ORD104011,04-06-2025,CUST1221,Customer_4011,Kolkata,Grocery,T-Shirt,Website,4,8972.45,10,35889.8,3588.98,155.41,32456.23,Debit Card,Returning,Returned,4.8,
ORD104012,15-12-2025,CUST1733,Customer_4012,Kolkata,Clothing,Blender,Marketplace,1,10665.99,20,10665.99,2133.2,250.71,8783.5,Net Banking,New,Delivered,2.7,
ORD104013,30-12-2025,CUST1754,Customer_4013,Unkonwn,Books,Watch,Marketplace,3,12516.47,0,37549.41,0,226.07,37775.48,Net Banking,New,Delivered,3.5,
ORD104014,21-05-2025,CUST1219,Customer_4014,Ahmedabad,Clothing,Football,Store,1,1954.44,10,1954.44,195.44,161.97,1920.97,Debit Card,New,Cancelled,1.9,
ORD104015,22-06-2025,CUST1541,Customer_4015,Pune,Sports,Watch,Mobile App,2,12179.53,15,24359.06,3653.86,262.21,20967.41,Net Banking,New,Delivered,3.8,
ORD104016,10-01-2025,CUST1975,Customer_4016,Surat,Beauty,Skincare Kit,Store,1,7296.95,10,7296.95,729.7,62.5,6629.75,UPI,New,Delivered,3.1,
ORD104017,16-08-2025,CUST1559,Customer_4017,Bengaluru,Grocery,Shoes,Store,4,6841.76,15,27367.04,4105.06,275.68,23537.66,Credit Card,Returning,Delivered,2.4,
ORD104018,22-09-2025,CUST1908,Customer_4018,Chennai,Sports,Skincare Kit,Mobile App,5,6444.91,10,32224.55,3222.46,258.54,29260.63,Cash on Delivery,New,Delivered,2.4,
ORD104019,05-09-2025,CUST1058,Customer_4019,Jaipur,Sports,Football,Marketplace,1,7711.79,25,7711.79,1927.95,221.23,6005.07,Net Banking,Returning,Cancelled,2.5,
ORD104020,04-09-2025,CUST1425,Customer_4020,Surat,Books,Shoes,Website,1,14184,0,14184,0,250.83,14434.83,Cash on Delivery,Returning,Delivered,2.7,
ORD104021,04-06-2025,CUST1275,Customer_4021,Jaipur,Accessories,Novel,Store,3,8290.83,10,24872.49,2487.25,176.83,22562.07,Credit Card,Returning,Delivered,2,
ORD104022,03-02-2025,CUST1140,Customer_4022,Mumbai,Grocery,Blender,Store,4,14304.69,0,57218.76,0,212.29,57431.05,Debit Card,New,Delivered,2.1,
ORD104023,09-05-2025,CUST1023,Customer_4023,Delhi,Home & Kitchen,T-Shirt,Website,5,2827.31,0,14136.55,0,181.36,14317.91,Credit Card,VIP,Delivered,4.8,
ORD104024,09-06-2025,CUST1901,Customer_4024,Surat,Clothing,Headphones,Store,2,10903.42,5,21806.84,1090.34,125.97,20842.47,Cash on Delivery,VIP,Returned,2.2,
ORD104025,30-03-2025,CUST1378,Customer_4025,Surat,Grocery,Laptop,Mobile App,1,12211.76,0,12211.76,0,183.59,12395.35,UPI,New,Delivered,3.5,
ORD104026,03-04-2025,CUST1922,Customer_4026,Chennai,Accessories,Shoes,Website,5,10235.06,25,51175.3,12793.82,99.52,38481,Debit Card,Returning,Delivered,2.4,
ORD104027,23-11-2025,CUST1373,Customer_4027,Bengaluru,Books,Headphones,Website,2,9162.8,25,18325.6,4581.4,148.88,13893.08,Net Banking,New,Delivered,4.2,
ORD104028,29-08-2025,CUST1063,Customer_4028,Hyderabad,Clothing,T-Shirt,Mobile App,4,8537.47,5,34149.88,1707.49,105.81,32548.2,UPI,New,Delivered,3.8,
ORD104029,19-11-2025,CUST1564,Customer_4029,Jaipur,Beauty,Laptop,Mobile App,4,12934.82,10,51739.28,5173.93,63.18,46628.53,Credit Card,New,Cancelled,2.3,
ORD104030,27-04-2025,CUST1778,Customer_4030,Jaipur,Grocery,Skincare Kit,Website,5,12351.45,10,61757.25,6175.72,116.9,55698.43,Cash on Delivery,Returning,Delivered,3.9,
ORD104031,04-04-2025,CUST1342,Customer_4031,Chennai,Beauty,Shoes,Mobile App,2,1965.99,20,3931.98,786.4,260.04,3405.62,Cash on Delivery,Returning,Returned,4,
ORD104032,12-06-2025,CUST1167,Customer_4032,Mumbai,Home & Kitchen,Blender,Store,4,12751.53,10,51006.12,5100.61,132.89,46038.4,Cash on Delivery,New,Delivered,1.6,
ORD104033,09-04-2025,CUST1151,Customer_4033,Mumbai,Home & Kitchen,Novel,Marketplace,5,6298.92,0,31494.6,0,231.96,31726.56,Credit Card,New,Returned,3.3,
ORD104034,23-04-2025,CUST1523,Customer_4034,Delhi,Home & Kitchen,Shoes,Store,4,3917.4,15,15669.6,2350.44,77.3,13396.46,Debit Card,Returning,Delivered,,
ORD104035,25-12-2025,CUST1988,Customer_4035,Bengaluru,Accessories,Skincare Kit,Mobile App,4,13066.06,15,52264.24,7839.64,144.59,44569.19,Net Banking,New,Returned,1.2,
ORD104036,01-04-2025,CUST1607,Customer_4036,Ahmedabad,Beauty,T-Shirt,Store,4,6565.57,10,26262.28,2626.23,61.01,23697.06,UPI,VIP,Delivered,3,
ORD104037,12-12-2025,CUST1584,Customer_4037,Pune,Sports,Novel,Marketplace,3,12154.22,20,36462.66,7292.53,67.43,29237.56,Credit Card,Returning,Delivered,4.4,
ORD104038,25-07-2025,CUST1501,Customer_4038,Chennai,Accessories,T-Shirt,Marketplace,2,4061.54,20,8123.08,1624.62,196.71,6695.17,Cash on Delivery,Returning,Delivered,4.8,
ORD104039,17-01-2025,CUST1896,Customer_4039,Surat,Books,Football,Marketplace,5,208.35,10,1041.75,104.18,194.02,1131.59,Net Banking,Returning,Delivered,3.6,
ORD104040,01-10-2025,CUST1999,Customer_4040,Pune,Clothing,Football,Mobile App,5,7507.57,10,37537.85,3753.78,87.61,33871.68,Cash on Delivery,VIP,Cancelled,2.3,
ORD104041,22-06-2025,CUST1560,Customer_4041,Chennai,Clothing,T-Shirt,Mobile App,2,1638.39,25,3276.78,819.2,158.09,2615.67,Credit Card,Returning,Delivered,3.4,
ORD104042,26-04-2025,CUST1348,Customer_4042,Pune,Books,T-Shirt,Mobile App,2,11352.48,5,22704.96,1135.25,263.09,21832.8,Cash on Delivery,New,Delivered,1.1,
ORD104043,15-12-2025,CUST1272,Customer_4043,Surat,Electronics,Watch,Marketplace,2,4249.72,5,8499.44,424.97,77.03,8151.5,Credit Card,New,Delivered,2.8,
ORD104044,30-06-2025,CUST1430,Customer_4044,Jaipur,Beauty,Watch,Mobile App,2,6738.14,0,13476.28,0,35.19,13511.47,Cash on Delivery,New,Returned,3.9,
ORD104045,01-04-2025,CUST1943,Customer_4045,Chennai,Beauty,Novel,Website,1,1442.45,20,1442.45,288.49,206.04,1360,Credit Card,VIP,Delivered,1.1,
ORD104046,23-03-2025,CUST1607,Customer_4046,Ahmedabad,Home & Kitchen,T-Shirt,Store,5,4406.89,15,22034.45,3305.17,44.44,18773.72,Cash on Delivery,New,Delivered,3.4,
ORD104047,20-11-2025,CUST1233,Customer_4047,Ahmedabad,Accessories,Headphones,Store,1,11755.13,0,11755.13,0,294.58,12049.71,Net Banking,New,Delivered,3.4,
ORD104048,24-04-2025,CUST1560,Customer_4048,Pune,Grocery,Blender,Website,4,2401.08,25,9604.32,2401.08,194.6,7397.84,Net Banking,New,Returned,1.8,
ORD104049,14-09-2025,CUST1208,Customer_4049,Mumbai,Grocery,Football,Mobile App,4,9760.32,15,39041.28,5856.19,157.01,33342.1,Cash on Delivery,New,Delivered,3.3,
ORD104050,27-02-2025,CUST1453,Customer_4050,Kolkata,Books,Novel,Store,5,13773.77,20,68868.85,13773.77,146.1,55241.18,Cash on Delivery,Returning,Delivered,2.6,
ORD104051,03-06-2025,CUST1739,Customer_4051,Mumbai,Electronics,Laptop,Marketplace,4,10245.58,0,40982.32,0,184.73,41167.05,Credit Card,New,Delivered,2.9,
ORD104052,31-12-2025,CUST1501,Customer_4052,Kolkata,Electronics,Headphones,Store,2,12193.67,10,24387.34,2438.73,54.47,22003.08,Credit Card,New,Delivered,2.3,
ORD104053,26-04-2025,CUST1921,Customer_4053,Surat,Beauty,Football,Store,1,1768.23,15,1768.23,265.23,281.11,1784.11,Credit Card,New,Delivered,4.2,
ORD104054,09-12-2025,CUST1589,Customer_4054,Mumbai,Home & Kitchen,Groceries Pack,Store,2,3873.37,10,7746.74,774.67,198.92,7170.99,Debit Card,New,Delivered,2.5,
ORD104055,23-09-2025,CUST1861,Customer_4055,Bengaluru,Clothing,T-Shirt,Mobile App,4,13433.9,15,53735.6,8060.34,79.67,45754.93,Cash on Delivery,New,Delivered,4.2,
ORD104056,11-11-2025,CUST1219,Customer_4056,Delhi,Home & Kitchen,Novel,Website,1,10769.32,20,10769.32,2153.86,181.9,8797.36,Cash on Delivery,Returning,Delivered,1.3,
ORD104057,22-07-2025,CUST1872,Customer_4057,Hyderabad,Clothing,Watch,Store,2,9647.37,5,19294.74,964.74,65.98,18395.98,Cash on Delivery,New,Returned,2.1,
ORD104058,10-02-2025,CUST1081,Customer_4058,Bengaluru,Grocery,T-Shirt,Marketplace,5,10006.94,20,50034.7,10006.94,34.74,40062.5,Cash on Delivery,New,Delivered,2.6,
ORD104059,15-04-2025,CUST1549,Customer_4059,Kolkata,Beauty,Shoes,Store,2,6300.88,0,12601.76,0,200.24,12802,Credit Card,Returning,Cancelled,2.6,
ORD104060,12-07-2025,CUST1614,Customer_4060,Kolkata,Accessories,Headphones,Mobile App,4,811.67,5,3246.68,162.33,205.09,3289.44,Credit Card,VIP,Delivered,2.8,
ORD104061,05-10-2025,CUST1703,Customer_4061,Surat,Home & Kitchen,Groceries Pack,Mobile App,1,11798.96,0,11798.96,0,187.6,11986.56,Debit Card,Returning,Delivered,3.6,
ORD104062,20-12-2025,CUST1541,Customer_4062,Kolkata,Electronics,Blender,Marketplace,5,10228.89,5,51144.45,2557.22,79.54,48666.77,Credit Card,New,Delivered,3.3,
ORD104063,25-08-2025,CUST1826,Customer_4063,Delhi,Books,Blender,Store,1,7171.15,5,7171.15,358.56,192.93,7005.52,Cash on Delivery,Returning,Delivered,3.1,
ORD104064,09-08-2025,CUST1765,Customer_4064,Delhi,Sports,Shoes,Store,5,13511.43,20,67557.15,13511.43,45.26,54090.98,Cash on Delivery,New,Delivered,4.4,
ORD104065,09-03-2025,CUST1251,Customer_4065,Bengaluru,Electronics,Blender,Marketplace,1,5141.97,15,5141.97,771.3,194.49,4565.16,UPI,VIP,Delivered,1.8,
ORD104066,16-07-2025,CUST1738,Customer_4066,Kolkata,Grocery,Laptop,Website,4,4520.68,10,18082.72,1808.27,179.58,16454.03,Credit Card,VIP,Cancelled,4.4,
ORD104067,13-09-2025,CUST1606,Customer_4067,Hyderabad,Books,Watch,Mobile App,5,13111.03,15,65555.15,9833.27,206.92,55928.8,UPI,Returning,Delivered,4.2,
ORD104068,19-05-2025,CUST1415,Customer_4068,Kolkata,Clothing,Watch,Website,3,11985.27,0,35955.81,0,271.78,36227.59,Cash on Delivery,New,Returned,1.8,
ORD104069,08-11-2025,CUST1086,Customer_4069,Jaipur,Beauty,Skincare Kit,Website,1,7797.45,0,7797.45,0,259.6,8057.05,Credit Card,New,Returned,3.5,
ORD104070,29-05-2025,CUST1622,Customer_4070,Chennai,Home & Kitchen,Shoes,Store,1,2091.41,10,2091.41,209.14,294.78,2177.05,Cash on Delivery,VIP,Returned,1.9,
ORD104071,09-04-2025,CUST1217,Customer_4071,Pune,Grocery,Shoes,Marketplace,2,3343.81,10,6687.62,668.76,293.59,6312.45,UPI,Returning,Delivered,4.8,
ORD104072,17-03-2025,CUST1196,Customer_4072,Kolkata,Grocery,Blender,Mobile App,5,9894.99,15,49474.95,7421.24,238.53,42292.24,UPI,New,Delivered,3,
ORD104073,09-10-2025,CUST1995,Customer_4073,Bengaluru,Beauty,Laptop,Website,3,5867.86,5,17603.58,880.18,288.23,17011.63,Net Banking,New,Delivered,1.8,
ORD104074,19-04-2025,CUST1297,Customer_4074,Bengaluru,Beauty,Shoes,Website,4,12571.63,15,50286.52,7542.98,264.17,43007.71,Net Banking,Returning,Cancelled,3.5,
ORD104075,07-07-2025,CUST1946,Customer_4075,Jaipur,Clothing,Watch,Store,2,14256.83,15,28513.66,4277.05,226.45,24463.06,Credit Card,VIP,Returned,3.8,
ORD104076,18-07-2025,CUST1044,Customer_4076,Bengaluru,Beauty,T-Shirt,Store,3,12113.71,25,36341.13,9085.28,50.35,27306.2,Credit Card,Returning,Cancelled,3.4,
ORD104077,30-10-2025,CUST1393,Customer_4077,Chennai,Home & Kitchen,Blender,Store,5,5756.55,0,28782.75,0,43.24,28825.99,Credit Card,New,Cancelled,2,
ORD104078,23-11-2025,CUST1443,Customer_4078,Bengaluru,Grocery,Watch,Marketplace,3,11861.99,10,35585.97,3558.6,256.15,32283.52,Credit Card,New,Cancelled,3.9,
ORD104079,03-06-2025,CUST1090,Customer_4079,Ahmedabad,Electronics,Blender,Mobile App,1,5368.91,10,5368.91,536.89,162.21,4994.23,Credit Card,New,Returned,4.7,
ORD104080,09-02-2025,CUST1987,Customer_4080,Surat,Beauty,Novel,Mobile App,1,2631.44,25,2631.44,657.86,249.94,2223.52,Credit Card,VIP,Delivered,4.8,
ORD104081,13-05-2025,CUST1155,Customer_4081,Kolkata,Home & Kitchen,Laptop,Store,2,645.89,0,1291.78,0,114.49,1406.27,Credit Card,New,Cancelled,3.7,
ORD104082,12-05-2025,CUST1978,Customer_4082,Bengaluru,Home & Kitchen,T-Shirt,Website,5,5877.89,10,29389.45,2938.94,137.37,26587.88,UPI,Returning,Delivered,4.4,
ORD104083,06-10-2025,CUST1478,Customer_4083,Delhi,Clothing,Blender,Store,5,13567.86,5,67839.3,3391.96,219.05,64666.39,UPI,New,Delivered,4.9,
ORD104084,28-12-2025,CUST1621,Customer_4084,Delhi,Beauty,T-Shirt,Store,3,3698.95,10,11096.85,1109.68,277.14,10264.31,UPI,New,Delivered,1.2,
ORD104085,25-03-2025,CUST1059,Customer_4085,Kolkata,Grocery,Skincare Kit,Marketplace,2,3216.72,0,6433.44,0,53.7,6487.14,Cash on Delivery,Returning,Returned,2.9,
ORD104086,30-08-2025,CUST1110,Customer_4086,Jaipur,Clothing,Watch,Store,5,14551.84,0,72759.2,0,262.6,73021.8,Debit Card,Returning,Delivered,2.2,
ORD104087,26-04-2025,CUST1479,Customer_4087,Surat,Electronics,T-Shirt,Mobile App,1,521.31,10,521.31,52.13,244.11,713.29,Cash on Delivery,New,Delivered,2.9,
ORD104088,19-04-2025,CUST1618,Customer_4088,Chennai,Electronics,Skincare Kit,Store,3,11818.86,5,35456.58,1772.83,115.2,33798.95,Credit Card,New,Delivered,4.7,
ORD104089,09-08-2025,CUST1899,Customer_4089,Chennai,Books,Novel,Mobile App,4,4922.34,0,19689.36,0,125.91,19815.27,Debit Card,Returning,Returned,4.9,
ORD104090,10-02-2025,CUST1733,Customer_4090,Bengaluru,Accessories,Shoes,Website,1,706.7,5,706.7,35.34,42.54,713.9,UPI,Returning,Delivered,4.6,
ORD104091,27-05-2025,CUST1775,Customer_4091,Delhi,Home & Kitchen,Novel,Mobile App,2,13779.37,0,27558.74,0,34.25,27592.99,UPI,Returning,Delivered,1.8,
ORD104092,22-04-2025,CUST1594,Customer_4092,Bengaluru,Beauty,Football,Mobile App,5,2223.69,25,11118.45,2779.61,158.79,8497.63,Net Banking,New,Delivered,4.2,
ORD104093,13-04-2025,CUST1784,Customer_4093,Hyderabad,Books,Shoes,Store,1,8343.92,10,8343.92,834.39,55.8,7565.33,Credit Card,Returning,Returned,4.3,
ORD104094,15-02-2025,CUST1049,Customer_4094,Bengaluru,Grocery,T-Shirt,Mobile App,4,4219.7,20,16878.8,3375.76,82.38,13585.42,Credit Card,VIP,Delivered,3.3,
ORD104095,20-11-2025,CUST1377,Customer_4095,Bengaluru,Home & Kitchen,Blender,Mobile App,4,1118.11,5,4472.44,223.62,258.63,4507.45,Net Banking,VIP,Delivered,3.9,
ORD104096,28-09-2025,CUST1032,Customer_4096,Mumbai,Grocery,Blender,Website,2,891.35,20,1782.7,356.54,184.18,1610.34,Cash on Delivery,Returning,Delivered,4.6,
ORD104097,14-07-2025,CUST1486,Customer_4097,Chennai,Beauty,Football,Mobile App,1,1866.02,10,1866.02,186.6,201.08,1880.5,Net Banking,VIP,Delivered,5,
ORD104098,07-10-2025,CUST1601,Customer_4098,Hyderabad,Accessories,Laptop,Mobile App,3,1209.8,10,3629.4,362.94,80.62,3347.08,Credit Card,New,Cancelled,1.2,
ORD104099,10-10-2025,CUST1940,Customer_4099,Mumbai,Clothing,Groceries Pack,Store,1,11444.29,10,11444.29,1144.43,253.74,10553.6,UPI,Returning,Delivered,2,
ORD104100,09-02-2025,CUST1992,Customer_4100,Pune,Electronics,Headphones,Marketplace,4,7360.66,15,29442.64,4416.4,264.35,25290.59,Net Banking,Returning,Delivered,4.7,
ORD104101,08-07-2025,CUST1531,Customer_4101,Hyderabad,Books,Groceries Pack,Store,2,5241.95,10,10483.9,1048.39,171.3,9606.81,Debit Card,New,Delivered,2.3,
ORD104102,13-06-2025,CUST1003,Customer_4102,Pune,Grocery,Groceries Pack,Website,2,6362.78,5,12725.56,636.28,276.39,12365.67,UPI,VIP,Delivered,1.4,
ORD104103,24-01-2025,CUST1378,Customer_4103,Bengaluru,Books,T-Shirt,Store,3,13944.86,0,41834.58,0,258.1,42092.68,Cash on Delivery,New,Delivered,2.3,
ORD104104,24-01-2025,CUST1572,Customer_4104,Kolkata,Electronics,Football,Mobile App,2,13674.66,10,27349.32,2734.93,227.46,24841.85,UPI,New,Delivered,3.1,
ORD104105,04-01-2025,CUST1931,Customer_4105,Delhi,Clothing,T-Shirt,Marketplace,2,10777.8,10,21555.6,2155.56,228.2,19628.24,Cash on Delivery,New,Delivered,2.5,
ORD104106,19-11-2025,CUST1242,Customer_4106,Mumbai,Sports,Novel,Store,2,13287.53,0,26575.06,0,58.46,26633.52,UPI,New,Delivered,4.2,
ORD104107,17-10-2025,CUST1541,Customer_4107,Kolkata,Sports,Novel,Store,2,4896.77,5,9793.54,489.68,103.13,9406.99,Credit Card,Returning,Returned,3.4,
ORD104108,30-06-2025,CUST1587,Customer_4108,Jaipur,Grocery,T-Shirt,Website,2,5809.47,10,11618.94,1161.89,48.05,10505.1,Cash on Delivery,New,Cancelled,2.7,
ORD104109,05-09-2025,CUST1582,Customer_4109,Kolkata,Sports,Blender,Mobile App,4,9263.63,20,37054.52,7410.9,32.34,29675.96,Cash on Delivery,New,Cancelled,5,
ORD104110,26-04-2025,CUST1595,Customer_4110,Surat,Beauty,Football,Store,1,9410.85,0,9410.85,0,72.74,9483.59,Net Banking,Returning,Delivered,4.5,
ORD104111,06-10-2025,CUST1357,Customer_4111,Delhi,Books,Laptop,Store,5,7303.24,5,36516.2,1825.81,267.73,34958.12,UPI,New,Delivered,4.4,
ORD104112,31-12-2025,CUST1685,Customer_4112,Ahmedabad,Clothing,T-Shirt,Marketplace,2,6099.77,20,12199.54,2439.91,94.77,9854.4,Cash on Delivery,Returning,Returned,3.3,
ORD104113,10-03-2025,CUST1923,Customer_4113,Ahmedabad,Beauty,Laptop,Website,5,14794.78,10,73973.9,7397.39,291.94,66868.45,Cash on Delivery,New,Returned,4.1,
ORD104114,17-12-2025,CUST1197,Customer_4114,Delhi,Beauty,Headphones,Mobile App,5,12343.69,5,61718.45,3085.92,191.27,58823.8,UPI,Returning,Delivered,2.3,
ORD104115,11-09-2025,CUST1858,Customer_4115,Bengaluru,Grocery,Football,Store,4,6609.46,20,26437.84,5287.57,94.06,21244.33,UPI,New,Delivered,2.3,
ORD104116,30-06-2025,CUST1419,Customer_4116,Mumbai,Clothing,Football,Marketplace,2,10950.29,10,21900.58,2190.06,164.23,19874.75,Debit Card,Returning,Delivered,4.6,
ORD104117,14-11-2025,CUST1659,Customer_4117,Jaipur,Beauty,T-Shirt,Store,5,4152.99,10,20764.95,2076.5,89.16,18777.61,Net Banking,Returning,Delivered,3.4,
ORD104118,18-06-2025,CUST1273,Customer_4118,Delhi,Grocery,Skincare Kit,Store,2,1637.51,25,3275.02,818.76,295.67,2751.93,Cash on Delivery,VIP,Delivered,2.4,
ORD104119,09-11-2025,CUST1502,Customer_4119,Bengaluru,Books,Skincare Kit,Website,3,5383.6,25,16150.8,4037.7,258.76,12371.86,UPI,New,Delivered,4.4,
ORD104120,06-09-2025,CUST1035,Customer_4120,Hyderabad,Clothing,Headphones,Marketplace,3,6134.15,5,18402.45,920.12,37.08,17519.41,Cash on Delivery,Returning,Delivered,2.8,
ORD104121,07-07-2025,CUST1625,Customer_4121,Surat,Accessories,Groceries Pack,Marketplace,3,395.58,0,1186.74,0,285.9,1472.64,Debit Card,Returning,Cancelled,2.6,
ORD104122,23-02-2025,CUST1461,Customer_4122,Hyderabad,Sports,Novel,Mobile App,5,12249.66,5,61248.3,3062.42,224.69,58410.57,Debit Card,VIP,Delivered,1.1,
ORD104123,22-11-2025,CUST1718,Customer_4123,Mumbai,Sports,Headphones,Store,3,5484.02,0,16452.06,0,52.24,16504.3,Cash on Delivery,Returning,Delivered,3.7,
ORD104124,23-12-2025,CUST1670,Customer_4124,Hyderabad,Beauty,Shoes,Marketplace,4,8769.21,0,35076.84,0,211.07,35287.91,Net Banking,New,Delivered,3.1,
ORD104125,09-11-2025,CUST1253,Customer_4125,Bengaluru,Electronics,Groceries Pack,Store,4,1248.35,5,4993.4,249.67,204.67,4948.4,Credit Card,Returning,Delivered,2.2,
ORD104126,18-05-2025,CUST1634,Customer_4126,Pune,Clothing,Shoes,Store,5,2748.7,25,13743.5,3435.88,89.07,10396.69,Cash on Delivery,New,Delivered,1.6,
ORD104127,17-06-2025,CUST1512,Customer_4127,Chennai,Home & Kitchen,Football,Mobile App,2,13361.95,20,26723.9,5344.78,234.78,21613.9,Debit Card,Returning,Delivered,1.7,
ORD104128,13-04-2025,CUST1048,Customer_4128,Chennai,Grocery,Blender,Mobile App,1,9189.01,10,9189.01,918.9,53.51,8323.62,Net Banking,Returning,Returned,1.9,
ORD104129,26-03-2025,CUST1185,Customer_4129,Hyderabad,Accessories,Watch,Marketplace,2,14261.72,10,28523.44,2852.34,162.15,25833.25,UPI,VIP,Returned,4.5,
ORD104130,13-11-2025,CUST1491,Customer_4130,Surat,Home & Kitchen,Skincare Kit,Store,2,14981.44,0,29962.88,0,32.68,29995.56,Net Banking,Returning,Returned,2.9,
ORD104131,31-07-2025,CUST1273,Customer_4131,Hyderabad,Beauty,Laptop,Marketplace,2,5672.12,0,11344.24,0,291.56,11635.8,Net Banking,Returning,Cancelled,3.8,
ORD104132,03-01-2025,CUST1613,Customer_4132,Hyderabad,Electronics,Shoes,Store,2,4587.23,0,9174.46,0,232.92,9407.38,Cash on Delivery,New,Returned,2.8,
ORD104133,28-06-2025,CUST1527,Customer_4133,Bengaluru,Clothing,Blender,Marketplace,1,12896.59,15,12896.59,1934.49,72.89,11034.99,Net Banking,Returning,Delivered,2.9,
ORD104134,08-12-2025,CUST1128,Customer_4134,Delhi,Sports,Skincare Kit,Marketplace,3,14979.38,0,44938.14,0,122.25,45060.39,UPI,New,Cancelled,4.3,
ORD104135,30-10-2025,CUST1210,Customer_4135,Ahmedabad,Beauty,Skincare Kit,Store,2,9500.17,20,19000.34,3800.07,73.35,15273.62,Cash on Delivery,Returning,Returned,4.1,
ORD104136,28-11-2025,CUST1624,Customer_4136,Delhi,Clothing,Blender,Website,4,11957.84,10,47831.36,4783.14,236.99,43285.21,Debit Card,New,Returned,1.9,
ORD104137,07-02-2025,CUST1782,Customer_4137,Delhi,Clothing,T-Shirt,Mobile App,5,11758.93,0,58794.65,0,45.9,58840.55,UPI,New,Delivered,3.5,
ORD104138,27-08-2025,CUST1142,Customer_4138,Kolkata,Clothing,Headphones,Store,5,5426.79,0,27133.95,0,256.91,27390.86,Cash on Delivery,Returning,Delivered,3.7,
ORD104139,18-06-2025,CUST1173,Customer_4139,Delhi,Electronics,Football,Marketplace,4,8677.92,10,34711.68,3471.17,284.39,31524.9,Cash on Delivery,VIP,Returned,2.6,
ORD104140,09-12-2025,CUST1865,Customer_4140,Jaipur,Clothing,Laptop,Website,2,12520.9,20,25041.8,5008.36,212.69,20246.13,Credit Card,Returning,Delivered,1.3,
ORD104141,10-11-2025,CUST1678,Customer_4141,Jaipur,Electronics,Blender,Marketplace,1,10368.49,15,10368.49,1555.27,87.5,8900.72,UPI,Returning,Delivered,2.5,
ORD104142,02-11-2025,CUST1447,Customer_4142,Delhi,Electronics,Shoes,Website,3,464.28,5,1392.84,69.64,127.22,1450.42,Net Banking,Returning,Delivered,2.4,
ORD104143,30-01-2025,CUST1119,Customer_4143,Surat,Books,Football,Store,5,5150.08,10,25750.4,2575.04,158.85,23334.21,UPI,New,Delivered,3.8,
ORD104144,09-07-2025,CUST1715,Customer_4144,Surat,Accessories,Headphones,Mobile App,3,2295.46,5,6886.38,344.32,193.25,6735.31,UPI,New,Delivered,4.2,
ORD104145,23-12-2025,CUST1011,Customer_4145,Hyderabad,Clothing,Novel,Marketplace,1,3609.64,25,3609.64,902.41,210.54,2917.77,Credit Card,VIP,Delivered,2.6,
ORD104146,25-01-2025,CUST1761,Customer_4146,Jaipur,Books,Groceries Pack,Website,5,13596.52,15,67982.6,10197.39,179.64,57964.85,Net Banking,VIP,Delivered,3.6,
ORD104147,22-04-2025,CUST1304,Customer_4147,Jaipur,Sports,Watch,Website,3,697.87,10,2093.61,209.36,124.85,2009.1,Credit Card,New,Delivered,3.6,
ORD104148,25-07-2025,CUST1760,Customer_4148,Surat,Books,Laptop,Mobile App,1,3414.04,5,3414.04,170.7,270.55,3513.89,Credit Card,New,Delivered,3.6,
ORD104149,04-07-2025,CUST1154,Customer_4149,Surat,Accessories,Blender,Marketplace,3,4747.1,10,14241.3,1424.13,51.98,12869.15,Credit Card,VIP,Returned,3.2,
ORD104150,16-02-2025,CUST1323,Customer_4150,Kolkata,Books,Shoes,Store,2,9310.73,5,18621.46,931.07,155.89,17846.28,UPI,Returning,Delivered,3.5,
ORD104151,16-08-2025,CUST1537,Customer_4151,Kolkata,Accessories,Blender,Store,1,8081.41,0,8081.41,0,239.4,8320.81,Credit Card,New,Delivered,4.5,
ORD104152,08-02-2025,CUST1977,Customer_4152,Jaipur,Grocery,Groceries Pack,Marketplace,3,3391.3,5,10173.9,508.7,46.44,9711.64,Debit Card,New,Delivered,4.7,
ORD104153,16-01-2025,CUST1445,Customer_4153,Chennai,Grocery,T-Shirt,Mobile App,2,2588.98,25,5177.96,1294.49,220.44,4103.91,Net Banking,VIP,Delivered,1.4,
ORD104154,22-01-2025,CUST1342,Customer_4154,Surat,Grocery,Laptop,Mobile App,2,3666.45,10,7332.9,733.29,251.32,6850.93,Net Banking,New,Returned,1,
ORD104155,01-08-2025,CUST1221,Customer_4155,Delhi,Clothing,T-Shirt,Mobile App,1,7612.56,0,7612.56,0,208.42,7820.98,Credit Card,New,Delivered,3.1,
ORD104156,06-11-2025,CUST1110,Customer_4156,Chennai,Sports,Shoes,Website,4,4176.99,20,16707.96,3341.59,33.49,13399.86,UPI,Returning,Cancelled,2.7,
ORD104157,29-05-2025,CUST1410,Customer_4157,Bengaluru,Beauty,Headphones,Website,5,14221.9,5,71109.5,3555.48,78.64,67632.66,Cash on Delivery,New,Cancelled,2.8,
ORD104158,29-08-2025,CUST1418,Customer_4158,Mumbai,Home & Kitchen,Laptop,Mobile App,1,7038.4,0,7038.4,0,122.37,7160.77,Cash on Delivery,New,Delivered,2.8,
ORD104159,29-09-2025,CUST1602,Customer_4159,Jaipur,Beauty,Laptop,Marketplace,2,1023.12,5,2046.24,102.31,93.1,2037.03,UPI,New,Delivered,4.6,
ORD104160,28-02-2025,CUST1505,Customer_4160,Mumbai,Electronics,Novel,Store,2,10979.61,10,21959.22,2195.92,289.92,20053.22,Credit Card,New,Delivered,3.5,
ORD104161,14-10-2025,CUST1777,Customer_4161,Ahmedabad,Accessories,Shoes,Website,1,5033.35,10,5033.35,503.34,205.93,4735.94,Credit Card,Returning,Delivered,2.8,
ORD104162,21-07-2025,CUST1040,Customer_4162,Pune,Beauty,Headphones,Mobile App,4,9854.31,10,39417.24,3941.72,110.18,35585.7,Debit Card,Returning,Delivered,2.8,
ORD104163,01-02-2025,CUST1509,Customer_4163,Surat,Home & Kitchen,Watch,Website,5,4301.98,15,21509.9,3226.48,281.02,18564.44,Cash on Delivery,New,Delivered,4.4,
ORD104164,11-06-2025,CUST1459,Customer_4164,Kolkata,Accessories,T-Shirt,Website,3,8625.54,5,25876.62,1293.83,229.96,24812.75,Cash on Delivery,New,Returned,1.9,
ORD104165,12-09-2025,CUST1263,Customer_4165,Pune,Home & Kitchen,Novel,Mobile App,1,11616.46,15,11616.46,1742.47,106.84,9980.83,Net Banking,New,Delivered,1.1,
ORD104166,11-09-2025,CUST1670,Customer_4166,Mumbai,Sports,Skincare Kit,Marketplace,5,13930.93,0,69654.65,0,132.3,69786.95,Credit Card,New,Delivered,2.9,
ORD104167,09-01-2025,CUST1118,Customer_4167,Surat,Grocery,Novel,Store,5,4027.74,15,20138.7,3020.8,83.85,17201.75,UPI,Returning,Returned,4.8,
ORD104168,19-05-2025,CUST1450,Customer_4168,Bengaluru,Beauty,Watch,Marketplace,2,5122.63,15,10245.26,1536.79,292.19,9000.66,Credit Card,New,Returned,4.3,
ORD104169,10-01-2025,CUST1768,Customer_4169,Jaipur,Electronics,Blender,Website,3,7044.36,15,21133.08,3169.96,169.67,18132.79,Credit Card,Returning,Delivered,2.6,
ORD104170,02-08-2025,CUST1414,Customer_4170,Chennai,Books,T-Shirt,Marketplace,1,13918.55,10,13918.55,1391.86,271.94,12798.63,Debit Card,Returning,Cancelled,1.7,
ORD104171,30-09-2025,CUST1708,Customer_4171,Pune,Books,Skincare Kit,Marketplace,2,13535.59,15,27071.18,4060.68,123.55,23134.05,UPI,New,Delivered,3.3,
ORD104172,20-11-2025,CUST1826,Customer_4172,Bengaluru,Electronics,Watch,Store,2,1484.69,0,2969.38,0,262.43,3231.81,Debit Card,New,Delivered,4.5,
ORD104173,17-02-2025,CUST1823,Customer_4173,Pune,Sports,Novel,Mobile App,4,2109.16,20,8436.64,1687.33,44.55,6793.86,Debit Card,VIP,Returned,3.9,
ORD104174,21-04-2025,CUST1526,Customer_4174,Chennai,Accessories,Blender,Mobile App,5,7508.31,0,37541.55,0,295.16,37836.71,Debit Card,VIP,Delivered,3.2,
ORD104175,02-06-2025,CUST1461,Customer_4175,Pune,Books,Blender,Mobile App,1,1733.3,0,1733.3,0,276.25,2009.55,Debit Card,VIP,Cancelled,3.9,
ORD104176,03-05-2025,CUST1118,Customer_4176,Jaipur,Sports,T-Shirt,Marketplace,1,5281.88,10,5281.88,528.19,128.06,4881.75,Credit Card,Returning,Returned,4.9,
ORD104177,23-12-2025,CUST1217,Customer_4177,Chennai,Books,T-Shirt,Marketplace,1,2353.52,15,2353.52,353.03,239.17,2239.66,Net Banking,VIP,Delivered,3.2,
ORD104178,12-04-2025,CUST1717,Customer_4178,Chennai,Books,Novel,Store,2,9595.2,0,19190.4,0,233.11,19423.51,Credit Card,Returning,Cancelled,3.2,
ORD104179,29-08-2025,CUST1077,Customer_4179,Kolkata,Beauty,Laptop,Mobile App,4,14250.01,25,57000.04,14250.01,273.34,43023.37,Debit Card,New,Returned,2.9,
ORD104180,17-11-2025,CUST1421,Customer_4180,Jaipur,Sports,Shoes,Store,3,14951.5,25,44854.5,11213.62,112.96,33753.84,Debit Card,Returning,Cancelled,3.3,
ORD104181,10-07-2025,CUST1892,Customer_4181,Jaipur,Home & Kitchen,Groceries Pack,Store,2,5722.33,10,11444.66,1144.47,155.69,10455.88,Net Banking,New,Delivered,3.5,
ORD104182,05-08-2025,CUST1172,Customer_4182,Hyderabad,Electronics,Skincare Kit,Marketplace,3,9045.34,10,27136.02,2713.6,263.55,24685.97,Cash on Delivery,Returning,Returned,1.8,
ORD104183,20-02-2025,CUST1390,Customer_4183,Chennai,Books,Skincare Kit,Mobile App,4,12865.57,15,51462.28,7719.34,240.22,43983.16,UPI,New,Cancelled,3.3,
ORD104184,19-10-2025,CUST1026,Customer_4184,Jaipur,Grocery,Watch,Website,5,1894.31,5,9471.55,473.58,136.24,9134.21,Debit Card,New,Delivered,1.1,
ORD104185,22-03-2025,CUST1128,Customer_4185,Pune,Home & Kitchen,Football,Website,1,10390.03,10,10390.03,1039,258.35,9609.38,Debit Card,New,Returned,4.8,
ORD104186,29-03-2025,CUST1374,Customer_4186,Surat,Clothing,Football,Marketplace,3,6221.33,20,18663.99,3732.8,42.68,14973.87,Credit Card,New,Returned,1.2,
ORD104187,13-07-2025,CUST1654,Customer_4187,Mumbai,Home & Kitchen,Skincare Kit,Marketplace,2,3211.27,25,6422.54,1605.64,241.15,5058.05,Debit Card,Returning,Cancelled,4.8,
ORD104188,14-04-2025,CUST1904,Customer_4188,Chennai,Grocery,Groceries Pack,Marketplace,3,6130.89,25,18392.67,4598.17,85.83,13880.33,Debit Card,Returning,Cancelled,4.9,
ORD104189,28-09-2025,CUST1024,Customer_4189,Surat,Electronics,Novel,Marketplace,5,1278.01,5,6390.05,319.5,107.25,6177.8,UPI,New,Delivered,3.1,
ORD104190,06-04-2025,CUST1470,Customer_4190,Delhi,Clothing,Novel,Website,1,10476.8,0,10476.8,0,163.17,10639.97,Credit Card,Returning,Delivered,2.3,
ORD104191,17-07-2025,CUST1744,Customer_4191,Surat,Beauty,Headphones,Mobile App,3,3903.23,5,11709.69,585.48,151.43,11275.64,Cash on Delivery,Returning,Returned,1.7,
ORD104192,01-01-2025,CUST1423,Customer_4192,Jaipur,Grocery,Football,Store,5,4774.37,10,23871.85,2387.18,170.55,21655.22,Debit Card,Returning,Delivered,1.6,
ORD104193,16-06-2025,CUST1177,Customer_4193,Hyderabad,Clothing,Laptop,Website,2,1948.06,5,3896.12,194.81,177.09,3878.4,Debit Card,New,Delivered,2,
ORD104194,06-05-2025,CUST1853,Customer_4194,Bengaluru,Sports,Watch,Mobile App,4,12990.19,5,51960.76,2598.04,119.51,49482.23,Cash on Delivery,Returning,Delivered,2.9,
ORD104195,09-11-2025,CUST1747,Customer_4195,Mumbai,Electronics,Novel,Marketplace,2,7477.65,10,14955.3,1495.53,77.31,13537.08,Net Banking,Returning,Delivered,4,
ORD104196,22-03-2025,CUST1831,Customer_4196,Chennai,Sports,T-Shirt,Store,1,8646.38,15,8646.38,1296.96,237.49,7586.91,Cash on Delivery,VIP,Delivered,2.6,
ORD104197,08-09-2025,CUST1538,Customer_4197,Ahmedabad,Home & Kitchen,Groceries Pack,Mobile App,2,8606.08,15,17212.16,2581.82,137.99,14768.33,Cash on Delivery,New,Cancelled,4.1,
ORD104198,18-06-2025,CUST1266,Customer_4198,Chennai,Beauty,Blender,Mobile App,2,6245.82,20,12491.64,2498.33,166.58,10159.89,Credit Card,New,Delivered,3.3,
ORD104199,14-03-2025,CUST1973,Customer_4199,Surat,Electronics,Football,Store,2,3009.07,0,6018.14,0,204.07,6222.21,Cash on Delivery,New,Delivered,1.1,
ORD104200,21-05-2025,CUST1874,Customer_4200,Surat,Beauty,Football,Mobile App,2,11215.22,0,22430.44,0,275.6,22706.04,Credit Card,New,Delivered,1.5,
ORD104201,11-03-2025,CUST1629,Customer_4201,Chennai,Books,Groceries Pack,Mobile App,1,2036.79,15,2036.79,305.52,221.04,1952.31,Cash on Delivery,New,Delivered,3.3,
ORD104202,19-09-2025,CUST1570,Customer_4202,Surat,Electronics,Headphones,Store,5,1692.53,10,8462.65,846.26,42.27,7658.66,Debit Card,VIP,Delivered,1.6,
ORD104203,06-12-2025,CUST1270,Customer_4203,Delhi,Grocery,Shoes,Store,3,10695.65,10,32086.95,3208.7,256.41,29134.66,Debit Card,Returning,Delivered,3.4,
ORD104204,04-11-2025,CUST1329,Customer_4204,Bengaluru,Sports,Novel,Website,4,3251.23,0,13004.92,0,297.13,13302.05,Net Banking,New,Delivered,2.8,
ORD104205,02-09-2025,CUST1455,Customer_4205,Bengaluru,Home & Kitchen,Blender,Marketplace,3,4705.58,5,14116.74,705.84,157.57,13568.47,Cash on Delivery,Returning,Delivered,3.8,
ORD104206,03-01-2025,CUST1295,Customer_4206,Bengaluru,Clothing,Blender,Marketplace,3,7207.13,10,21621.39,2162.14,291.79,19751.04,UPI,New,Cancelled,2.2,
ORD104207,03-12-2025,CUST1122,Customer_4207,Kolkata,Accessories,T-Shirt,Mobile App,4,6822.87,20,27291.48,5458.3,177.78,22010.96,Cash on Delivery,New,Cancelled,4.3,
ORD104208,04-03-2025,CUST1159,Customer_4208,Hyderabad,Accessories,Blender,Marketplace,1,10672.4,20,10672.4,2134.48,154.1,8692.02,UPI,Returning,Returned,2.6,
ORD104209,18-02-2025,CUST1178,Customer_4209,Surat,Beauty,Football,Website,4,9407.96,10,37631.84,3763.18,119.48,33988.14,Cash on Delivery,Returning,Delivered,4.2,
ORD104210,17-03-2025,CUST1656,Customer_4210,Kolkata,Electronics,Shoes,Mobile App,1,9719.28,10,9719.28,971.93,207.54,8954.89,Credit Card,Returning,Returned,1.1,
ORD104211,24-06-2025,CUST1328,Customer_4211,Bengaluru,Electronics,Novel,Marketplace,3,10753.71,20,32261.13,6452.23,92.05,25900.95,Debit Card,New,Delivered,2.6,
ORD104212,19-04-2025,CUST1880,Customer_4212,Chennai,Books,Skincare Kit,Marketplace,1,4495.3,10,4495.3,449.53,58.33,4104.1,UPI,New,Delivered,1.9,
ORD104213,02-07-2025,CUST1307,Customer_4213,Surat,Beauty,Skincare Kit,Mobile App,5,4936.65,10,24683.25,2468.32,37.35,22252.28,UPI,VIP,Delivered,2.8,
ORD104214,11-07-2025,CUST1911,Customer_4214,Kolkata,Clothing,Skincare Kit,Store,4,6654.27,20,26617.08,5323.42,108.94,21402.6,Cash on Delivery,VIP,Delivered,4.8,
ORD104215,06-03-2025,CUST1089,Customer_4215,Surat,Home & Kitchen,Shoes,Website,5,4715.81,15,23579.05,3536.86,136.86,20179.05,Debit Card,New,Delivered,1.6,
ORD104216,03-12-2025,CUST1751,Customer_4216,Delhi,Electronics,T-Shirt,Mobile App,3,14776.33,20,44328.99,8865.8,179.06,35642.25,Net Banking,Returning,Delivered,1.4,
ORD104217,28-09-2025,CUST1038,Customer_4217,Delhi,Accessories,Watch,Mobile App,4,12238.67,0,48954.68,0,109.04,49063.72,UPI,New,Delivered,1.2,
ORD104218,10-04-2025,CUST1873,Customer_4218,Hyderabad,Electronics,Skincare Kit,Marketplace,3,2595.12,10,7785.36,778.54,295.7,7302.52,Debit Card,New,Delivered,1.5,
ORD104219,01-02-2025,CUST1591,Customer_4219,Jaipur,Beauty,Skincare Kit,Store,5,233.07,20,1165.35,233.07,108.77,1041.05,Debit Card,Returning,Delivered,1.2,
ORD104220,18-12-2025,CUST1857,Customer_4220,Ahmedabad,Beauty,Headphones,Marketplace,3,785.33,0,2355.99,0,149.06,2505.05,UPI,Returning,Delivered,3.7,
ORD104221,08-05-2025,CUST1839,Customer_4221,Bengaluru,Electronics,Watch,Mobile App,4,3774.34,15,15097.36,2264.6,57.88,12890.64,Credit Card,Returning,Returned,1.5,
ORD104222,05-12-2025,CUST1346,Customer_4222,Jaipur,Electronics,Groceries Pack,Mobile App,4,1847.23,0,7388.92,0,100.37,7489.29,Credit Card,Returning,Delivered,1.8,
ORD104223,12-02-2025,CUST1252,Customer_4223,Hyderabad,Books,Shoes,Marketplace,3,8070.07,20,24210.21,4842.04,43.05,19411.22,Cash on Delivery,Returning,Delivered,3.6,
ORD104224,19-03-2025,CUST1840,Customer_4224,Mumbai,Electronics,Shoes,Store,4,12891.23,10,51564.92,5156.49,181.07,46589.5,Cash on Delivery,New,Cancelled,2.8,
ORD104225,10-11-2025,CUST1978,Customer_4225,Jaipur,Sports,Watch,Mobile App,4,11090.74,0,44362.96,0,232.79,44595.75,Debit Card,Returning,Delivered,1.2,
ORD104226,16-10-2025,CUST1149,Customer_4226,Ahmedabad,Electronics,Novel,Website,3,3351.79,10,10055.37,1005.54,82.84,9132.67,UPI,VIP,Cancelled,4.9,
ORD104227,27-09-2025,CUST1016,Customer_4227,Ahmedabad,Home & Kitchen,T-Shirt,Store,5,6079.59,15,30397.95,4559.69,129.34,25967.6,Credit Card,Returning,Returned,3.4,
ORD104228,11-06-2025,CUST1367,Customer_4228,Chennai,Home & Kitchen,Watch,Mobile App,4,7692.23,10,30768.92,3076.89,34.49,27726.52,Debit Card,New,Delivered,3.5,
ORD104229,08-07-2025,CUST1835,Customer_4229,Surat,Grocery,Football,Store,4,12181.56,5,48726.24,2436.31,256.67,46546.6,Credit Card,VIP,Delivered,4.4,
ORD104230,04-09-2025,CUST1833,Customer_4230,Delhi,Books,Football,Store,4,12610.96,20,50443.84,10088.77,240.59,40595.66,UPI,New,Delivered,4.6,
ORD104231,04-08-2025,CUST1781,Customer_4231,Jaipur,Clothing,Headphones,Website,4,13659.32,10,54637.28,5463.73,47.08,49220.63,Credit Card,New,Delivered,1.2,
ORD104232,11-11-2025,CUST1118,Customer_4232,Kolkata,Beauty,T-Shirt,Mobile App,3,7712.29,10,23136.87,2313.69,128.51,20951.69,Net Banking,New,Delivered,1.3,
ORD104233,05-12-2025,CUST1704,Customer_4233,Jaipur,Clothing,Shoes,Store,5,10459.98,0,52299.9,0,287.93,52587.83,Cash on Delivery,New,Cancelled,4.1,
ORD104234,17-06-2025,CUST1317,Customer_4234,Ahmedabad,Electronics,Headphones,Mobile App,5,1810.24,25,9051.2,2262.8,135.85,6924.25,Credit Card,New,Delivered,3.8,
ORD104235,05-12-2025,CUST1288,Customer_4235,Ahmedabad,Beauty,Groceries Pack,Mobile App,1,8544.54,0,8544.54,0,172.08,8716.62,UPI,Returning,Delivered,1.9,
ORD104236,12-07-2025,CUST1908,Customer_4236,Hyderabad,Electronics,Watch,Store,4,3843.07,10,15372.28,1537.23,125.92,13960.97,UPI,Returning,Delivered,2.3,
ORD104237,10-10-2025,CUST1351,Customer_4237,Ahmedabad,Beauty,Skincare Kit,Marketplace,4,6561,20,26244,5248.8,190.96,21186.16,Net Banking,Returning,Delivered,3.4,
ORD104238,02-12-2025,CUST1297,Customer_4238,Jaipur,Books,Laptop,Store,1,9565.65,0,9565.65,0,294.1,9859.75,UPI,Returning,Delivered,4.2,
ORD104239,13-01-2025,CUST1194,Customer_4239,Hyderabad,Grocery,Laptop,Marketplace,5,3966.24,10,19831.2,1983.12,299.33,18147.41,Net Banking,Returning,Returned,3.4,
ORD104240,28-08-2025,CUST1392,Customer_4240,Pune,Sports,Novel,Marketplace,2,924.95,0,1849.9,0,239.17,2089.07,Debit Card,Returning,Delivered,4.2,
ORD104241,16-11-2025,CUST1443,Customer_4241,Hyderabad,Accessories,Skincare Kit,Marketplace,2,301.97,15,603.94,90.59,139.16,652.51,Credit Card,VIP,Returned,1.9,
ORD104242,27-05-2025,CUST1281,Customer_4242,Bengaluru,Grocery,Watch,Marketplace,5,479.07,10,2395.35,239.54,163.5,2319.31,UPI,New,Returned,2.3,
ORD104243,23-07-2025,CUST1901,Customer_4243,Ahmedabad,Sports,Football,Store,4,273.99,20,1095.96,219.19,126.32,1003.09,Cash on Delivery,New,Returned,1.4,
ORD104244,21-03-2025,CUST1301,Customer_4244,Chennai,Sports,Skincare Kit,Marketplace,2,1788.77,20,3577.54,715.51,296.11,3158.14,Credit Card,New,Delivered,4.9,
ORD104245,12-02-2025,CUST1898,Customer_4245,Surat,Grocery,Headphones,Mobile App,3,3706.41,10,11119.23,1111.92,221.1,10228.41,Net Banking,New,Delivered,4.2,
ORD104246,30-03-2025,CUST1426,Customer_4246,Kolkata,Books,T-Shirt,Store,3,3435.14,15,10305.42,1545.81,151.21,8910.82,Credit Card,VIP,Cancelled,3.9,
ORD104247,28-05-2025,CUST1250,Customer_4247,Bengaluru,Grocery,Novel,Website,1,14803.93,10,14803.93,1480.39,33.27,13356.81,Credit Card,New,Delivered,1.8,
ORD104248,05-04-2025,CUST1934,Customer_4248,Bengaluru,Clothing,Shoes,Marketplace,5,4694.19,5,23470.95,1173.55,170.53,22467.93,UPI,Returning,Returned,3.8,
ORD104249,31-05-2025,CUST1743,Customer_4249,Kolkata,Beauty,Novel,Store,5,2042.2,10,10211,1021.1,295.66,9485.56,Cash on Delivery,New,Delivered,4.4,
ORD104250,02-01-2025,CUST1515,Customer_4250,Bengaluru,Clothing,T-Shirt,Marketplace,2,8251.6,20,16503.2,3300.64,171.23,13373.79,Debit Card,Returning,Delivered,4.2,
ORD104251,22-01-2025,CUST1686,Customer_4251,Surat,Accessories,Headphones,Mobile App,4,12890.67,5,51562.68,2578.13,79.26,49063.81,Cash on Delivery,New,Delivered,4,
ORD104252,09-11-2025,CUST1752,Customer_4252,Bengaluru,Beauty,Football,Marketplace,5,10219.2,5,51096,2554.8,35.97,48577.17,Net Banking,Returning,Returned,2.5,
ORD104253,24-11-2025,CUST1998,Customer_4253,Jaipur,Accessories,Laptop,Store,2,4546.82,5,9093.64,454.68,125.77,8764.73,Cash on Delivery,VIP,Delivered,4.1,
ORD104254,07-01-2025,CUST1406,Customer_4254,Bengaluru,Accessories,T-Shirt,Mobile App,2,8490,10,16980,1698,277.92,15559.92,Cash on Delivery,New,Returned,2.9,
ORD104255,25-07-2025,CUST1616,Customer_4255,Kolkata,Electronics,Headphones,Marketplace,5,10765.61,0,53828.05,0,299.07,54127.12,Net Banking,New,Delivered,2.6,
ORD104256,24-04-2025,CUST1801,Customer_4256,Jaipur,Accessories,Blender,Website,2,10962.35,10,21924.7,2192.47,285.25,20017.48,Cash on Delivery,New,Delivered,4.9,
ORD104257,29-09-2025,CUST1244,Customer_4257,Pune,Sports,Headphones,Marketplace,1,10048.1,10,10048.1,1004.81,226.94,9270.23,Debit Card,Returning,Returned,1.6,
ORD104258,24-03-2025,CUST1800,Customer_4258,Kolkata,Sports,Watch,Marketplace,1,13081.53,10,13081.53,1308.15,180.7,11954.08,Credit Card,New,Delivered,4.5,
ORD104259,28-06-2025,CUST1367,Customer_4259,Jaipur,Beauty,Blender,Mobile App,5,13071.07,5,65355.35,3267.77,189.49,62277.07,Debit Card,Returning,Cancelled,2.3,
ORD104260,29-07-2025,CUST1785,Customer_4260,Surat,Clothing,T-Shirt,Marketplace,4,8747.21,10,34988.84,3498.88,175.53,31665.49,Credit Card,New,Delivered,3.1,
ORD104261,24-11-2025,CUST1120,Customer_4261,Bengaluru,Clothing,Groceries Pack,Store,1,6533.37,20,6533.37,1306.67,220.9,5447.6,Credit Card,New,Cancelled,2.5,
ORD104262,04-05-2025,CUST1850,Customer_4262,Bengaluru,Home & Kitchen,Watch,Store,1,9677.32,25,9677.32,2419.33,143.1,7401.09,Cash on Delivery,Returning,Cancelled,3,
ORD104263,23-04-2025,CUST1440,Customer_4263,Ahmedabad,Sports,Groceries Pack,Mobile App,5,12300.45,10,61502.25,6150.22,210.69,55562.72,Credit Card,New,Delivered,4.3,
ORD104264,12-01-2025,CUST1771,Customer_4264,Bengaluru,Sports,Novel,Store,3,233.93,0,701.79,0,62.84,764.63,Net Banking,Returning,Delivered,1.7,
ORD104265,06-05-2025,CUST1504,Customer_4265,Jaipur,Clothing,Blender,Website,2,14881.16,25,29762.32,7440.58,101.74,22423.48,Debit Card,New,Delivered,4,
ORD104266,22-02-2025,CUST1582,Customer_4266,Pune,Sports,Watch,Marketplace,1,2865.97,15,2865.97,429.9,255.72,2691.79,Credit Card,Returning,Delivered,2.8,
ORD104267,27-11-2025,CUST1433,Customer_4267,Hyderabad,Clothing,Football,Mobile App,3,7133.2,5,21399.6,1069.98,274.01,20603.63,Cash on Delivery,Returning,Delivered,4.7,
ORD104268,10-10-2025,CUST1183,Customer_4268,Bengaluru,Home & Kitchen,Headphones,Store,4,13099.64,0,52398.56,0,175.53,52574.09,Cash on Delivery,Returning,Cancelled,3.2,
ORD104269,20-05-2025,CUST1461,Customer_4269,Pune,Beauty,T-Shirt,Website,3,3491.85,0,10475.55,0,38.54,10514.09,Cash on Delivery,New,Delivered,1.2,
ORD104270,07-04-2025,CUST1759,Customer_4270,Surat,Accessories,Headphones,Website,5,7230.41,0,36152.05,0,280.28,36432.33,UPI,New,Returned,4.6,
ORD104271,05-01-2025,CUST1118,Customer_4271,Jaipur,Beauty,Watch,Mobile App,4,2118.85,0,8475.4,0,219.56,8694.96,Debit Card,Returning,Delivered,4.7,
ORD104272,26-02-2025,CUST1031,Customer_4272,Kolkata,Home & Kitchen,Laptop,Mobile App,4,6016.88,20,24067.52,4813.5,141.79,19395.81,Cash on Delivery,New,Returned,1.7,
ORD104273,30-11-2025,CUST1977,Customer_4273,Delhi,Sports,T-Shirt,Store,3,2780.46,10,8341.38,834.14,191.56,7698.8,Net Banking,New,Delivered,4.9,
ORD104274,10-03-2025,CUST1149,Customer_4274,Surat,Grocery,Shoes,Marketplace,5,5549.87,15,27749.35,4162.4,146.04,23732.99,Cash on Delivery,Returning,Delivered,2.8,
ORD104275,28-04-2025,CUST1528,Customer_4275,Bengaluru,Electronics,Groceries Pack,Website,1,5695.94,20,5695.94,1139.19,155.64,4712.39,UPI,New,Returned,4.7,
ORD104276,28-02-2025,CUST1273,Customer_4276,Ahmedabad,Sports,Headphones,Website,3,14898.59,15,44695.77,6704.37,269.44,38260.84,Debit Card,Returning,Delivered,2.5,
ORD104277,02-02-2025,CUST1864,Customer_4277,Pune,Accessories,Groceries Pack,Mobile App,1,14922.97,20,14922.97,2984.59,73.49,12011.87,Credit Card,VIP,Delivered,1.1,
ORD104278,14-11-2025,CUST1385,Customer_4278,Bengaluru,Clothing,Laptop,Website,3,1854.58,25,5563.74,1390.94,57.99,4230.79,Debit Card,New,Delivered,4.2,
ORD104279,19-02-2025,CUST1880,Customer_4279,Hyderabad,Books,Groceries Pack,Mobile App,1,10930.64,10,10930.64,1093.06,30.74,9868.32,Credit Card,VIP,Delivered,4.5,
ORD104280,19-01-2025,CUST1102,Customer_4280,Hyderabad,Accessories,Skincare Kit,Marketplace,3,918.42,25,2755.26,688.82,114.78,2181.22,Credit Card,VIP,Delivered,1.7,
ORD104281,02-08-2025,CUST1072,Customer_4281,Surat,Electronics,Novel,Mobile App,4,598.35,15,2393.4,359.01,69.8,2104.19,Cash on Delivery,New,Returned,3.2,
ORD104282,16-07-2025,CUST1705,Customer_4282,Hyderabad,Home & Kitchen,T-Shirt,Marketplace,2,1714.21,0,3428.42,0,89.4,3517.82,Net Banking,New,Returned,4.3,
ORD104283,16-02-2025,CUST1834,Customer_4283,Delhi,Beauty,Novel,Store,4,14487.46,15,57949.84,8692.48,33.03,49290.39,Net Banking,Returning,Delivered,2.8,
ORD104284,16-06-2025,CUST1623,Customer_4284,Chennai,Beauty,Groceries Pack,Mobile App,1,14121.82,15,14121.82,2118.27,91.34,12094.89,Cash on Delivery,Returning,Delivered,4.2,
ORD104285,16-10-2025,CUST1805,Customer_4285,Delhi,Grocery,Football,Store,5,3029.83,20,15149.15,3029.83,119.83,12239.15,UPI,New,Delivered,3.6,
ORD104286,21-05-2025,CUST1408,Customer_4286,Hyderabad,Sports,Shoes,Marketplace,4,2550.83,5,10203.32,510.17,38.52,9731.67,Credit Card,New,Returned,3.9,
ORD104287,25-03-2025,CUST1347,Customer_4287,Surat,Beauty,Skincare Kit,Website,2,3721.95,10,7443.9,744.39,194.13,6893.64,Net Banking,New,Delivered,4.7,
ORD104288,01-07-2025,CUST1852,Customer_4288,Ahmedabad,Accessories,Skincare Kit,Store,1,7805.87,0,7805.87,0,183.58,7989.45,Debit Card,Returning,Delivered,2.7,
ORD104289,20-03-2025,CUST1367,Customer_4289,Jaipur,Sports,Headphones,Mobile App,4,8610.11,5,34440.44,1722.02,56.2,32774.62,UPI,New,Delivered,4.1,
ORD104290,03-08-2025,CUST1830,Customer_4290,Chennai,Grocery,Headphones,Mobile App,3,3440.66,0,10321.98,0,190.65,10512.63,Cash on Delivery,Returning,Delivered,3.9,
ORD104291,14-01-2025,CUST1789,Customer_4291,Kolkata,Grocery,Blender,Store,5,11385.85,10,56929.25,5692.92,299.64,51535.97,UPI,VIP,Delivered,2.8,
ORD104292,03-08-2025,CUST1618,Customer_4292,Delhi,Clothing,Laptop,Store,1,4746.86,20,4746.86,949.37,285.01,4082.5,Net Banking,Returning,Cancelled,2.5,
ORD104293,08-05-2025,CUST1549,Customer_4293,Jaipur,Clothing,Blender,Store,4,13843.65,0,55374.6,0,30.72,55405.32,Cash on Delivery,New,Returned,4.5,
ORD104294,06-11-2025,CUST1291,Customer_4294,Mumbai,Home & Kitchen,Watch,Mobile App,1,9902.33,10,9902.33,990.23,244.75,9156.85,Net Banking,New,Returned,1.8,
ORD104295,05-09-2025,CUST1422,Customer_4295,Kolkata,Books,T-Shirt,Store,3,6629.82,0,19889.46,0,125.47,20014.93,Credit Card,Returning,Delivered,2.3,
ORD104296,29-01-2025,CUST1181,Customer_4296,Ahmedabad,Clothing,T-Shirt,Store,2,11880.19,0,23760.38,0,47.19,23807.57,UPI,VIP,Returned,4.9,
ORD104297,07-10-2025,CUST1655,Customer_4297,Surat,Sports,Novel,Marketplace,4,12296.03,10,49184.12,4918.41,109.92,44375.63,Credit Card,Returning,Delivered,2.1,
ORD104298,04-12-2025,CUST1114,Customer_4298,Chennai,Beauty,T-Shirt,Store,1,4463.65,0,4463.65,0,116.87,4580.52,Debit Card,Returning,Delivered,4.5,
ORD104299,15-11-2025,CUST1238,Customer_4299,Surat,Clothing,T-Shirt,Store,1,5194.76,10,5194.76,519.48,171.28,4846.56,Credit Card,New,Returned,2.5,
ORD104300,21-07-2025,CUST1938,Customer_4300,Ahmedabad,Clothing,Laptop,Mobile App,1,14048.93,0,14048.93,0,208.49,14257.42,UPI,Returning,Delivered,3.2,
ORD104301,27-12-2025,CUST1094,Customer_4301,Hyderabad,Sports,Novel,Mobile App,2,2596.4,0,5192.8,0,232.25,5425.05,Debit Card,Returning,Delivered,2.6,
ORD104302,26-02-2025,CUST1260,Customer_4302,Ahmedabad,Grocery,Watch,Website,1,775.93,10,775.93,77.59,96.39,794.73,Net Banking,VIP,Delivered,1.9,
ORD104303,06-08-2025,CUST1107,Customer_4303,Bengaluru,Clothing,Watch,Mobile App,5,6892.72,10,34463.6,3446.36,116.88,31134.12,Debit Card,Returning,Cancelled,3.8,
ORD104304,03-03-2025,CUST1244,Customer_4304,Chennai,Beauty,Skincare Kit,Mobile App,5,12047.97,0,60239.85,0,113.26,60353.11,UPI,Returning,Cancelled,4.9,
ORD104305,06-06-2025,CUST1423,Customer_4305,Mumbai,Books,Novel,Mobile App,1,11609.27,10,11609.27,1160.93,127.94,10576.28,Cash on Delivery,Returning,Returned,4.6,
ORD104306,21-07-2025,CUST1335,Customer_4306,Delhi,Beauty,T-Shirt,Mobile App,5,13805.03,20,69025.15,13805.03,299.91,55520.03,Debit Card,VIP,Delivered,4.9,
ORD104307,17-01-2025,CUST1023,Customer_4307,Bengaluru,Grocery,Skincare Kit,Store,4,8068.03,15,32272.12,4840.82,240.04,27671.34,Net Banking,Returning,Delivered,3.8,
ORD104308,18-11-2025,CUST1873,Customer_4308,Hyderabad,Books,Headphones,Website,5,1635.96,0,8179.8,0,293.25,8473.05,Debit Card,New,Delivered,1.1,
ORD104309,06-01-2025,CUST1271,Customer_4309,Kolkata,Beauty,T-Shirt,Mobile App,1,8892.03,10,8892.03,889.2,217.14,8219.97,Credit Card,Returning,Cancelled,3.2,
ORD104310,27-02-2025,CUST1986,Customer_4310,Bengaluru,Accessories,Shoes,Store,3,11709.17,15,35127.51,5269.13,139.69,29998.07,Cash on Delivery,VIP,Delivered,3.5,
ORD104311,21-11-2025,CUST1140,Customer_4311,Hyderabad,Accessories,Groceries Pack,Mobile App,4,1535.92,0,6143.68,0,135.23,6278.91,UPI,Returning,Delivered,1.5,
ORD104312,14-11-2025,CUST1466,Customer_4312,Chennai,Grocery,Shoes,Website,2,2713.96,20,5427.92,1085.58,161.92,4504.26,Cash on Delivery,Returning,Delivered,4.3,
ORD104313,18-06-2025,CUST1454,Customer_4313,Bengaluru,Beauty,Football,Marketplace,1,332.52,20,332.52,66.5,142.55,408.57,Credit Card,Returning,Returned,3.9,
ORD104314,23-03-2025,CUST1384,Customer_4314,Hyderabad,Electronics,Novel,Marketplace,2,8965.74,20,17931.48,3586.3,253.65,14598.83,Cash on Delivery,Returning,Delivered,2.8,
ORD104315,07-08-2025,CUST1594,Customer_4315,Delhi,Grocery,Blender,Website,3,13318.01,20,39954.03,7990.81,155.55,32118.77,Credit Card,New,Delivered,2.2,
ORD104316,26-06-2025,CUST1377,Customer_4316,Pune,Beauty,Headphones,Store,2,10109.35,15,20218.7,3032.8,109.82,17295.72,Debit Card,Returning,Delivered,1.9,
ORD104317,23-07-2025,CUST1438,Customer_4317,Surat,Grocery,Novel,Store,1,14733.3,10,14733.3,1473.33,239.21,13499.18,UPI,New,Returned,4.9,
ORD104318,12-03-2025,CUST1856,Customer_4318,Bengaluru,Grocery,Blender,Website,1,1086.05,15,1086.05,162.91,260.69,1183.83,Credit Card,VIP,Cancelled,4.2,
ORD104319,23-09-2025,CUST1422,Customer_4319,Chennai,Electronics,Blender,Marketplace,3,13559.57,20,40678.71,8135.74,143.52,32686.49,Credit Card,VIP,Delivered,3.8,
ORD104320,08-04-2025,CUST1156,Customer_4320,Hyderabad,Beauty,Football,Mobile App,1,12238.91,15,12238.91,1835.84,210.31,10613.38,Debit Card,New,Delivered,4.8,
ORD104321,11-12-2025,CUST1335,Customer_4321,Chennai,Grocery,Skincare Kit,Marketplace,3,4816.49,5,14449.47,722.47,45.88,13772.88,Credit Card,VIP,Delivered,1.8,
ORD104322,18-10-2025,CUST1531,Customer_4322,Hyderabad,Grocery,T-Shirt,Mobile App,3,14606.87,5,43820.61,2191.03,172.96,41802.54,UPI,New,Delivered,4.4,
ORD104323,27-07-2025,CUST1581,Customer_4323,Mumbai,Beauty,Football,Website,1,4425.88,20,4425.88,885.18,42.14,3582.84,Net Banking,Returning,Delivered,,
ORD104324,02-01-2025,CUST1960,Customer_4324,Chennai,Sports,Laptop,Website,5,13356.18,0,66780.9,0,37.88,66818.78,Cash on Delivery,New,Delivered,4.7,
ORD104325,04-05-2025,CUST1132,Customer_4325,Jaipur,Books,Shoes,Website,3,13229.12,15,39687.36,5953.1,195.49,33929.75,Credit Card,New,Returned,3.6,
ORD104326,07-10-2025,CUST1768,Customer_4326,Chennai,Beauty,Shoes,Marketplace,1,11401.22,25,11401.22,2850.3,111.9,8662.82,Cash on Delivery,VIP,Delivered,4,
ORD104327,15-03-2025,CUST1721,Customer_4327,Bengaluru,Clothing,Skincare Kit,Website,5,8517.54,15,42587.7,6388.16,230.49,36430.03,Cash on Delivery,VIP,Delivered,1.9,
ORD104328,15-06-2025,CUST1501,Customer_4328,Bengaluru,Beauty,Skincare Kit,Marketplace,3,1932.04,25,5796.12,1449.03,271.94,4619.03,Net Banking,Returning,Delivered,2.4,
ORD104329,22-01-2025,CUST1522,Customer_4329,Pune,Accessories,Watch,Store,5,8049.78,15,40248.9,6037.34,67.64,34279.2,Credit Card,New,Delivered,2.2,
ORD104330,03-06-2025,CUST1140,Customer_4330,Kolkata,Home & Kitchen,Novel,Mobile App,4,5448.42,0,21793.68,0,225.62,22019.3,UPI,Returning,Cancelled,3.8,
ORD104331,22-10-2025,CUST1965,Customer_4331,Pune,Accessories,Laptop,Mobile App,4,11914.42,20,47657.68,9531.54,168.92,38295.06,Credit Card,VIP,Returned,2.6,
ORD104332,07-08-2025,CUST1135,Customer_4332,Mumbai,Sports,Football,Mobile App,5,11408.22,5,57041.1,2852.06,60.27,54249.31,Cash on Delivery,New,Delivered,4.4,
ORD104333,06-06-2025,CUST1767,Customer_4333,Pune,Sports,Shoes,Website,3,13672.6,10,41017.8,4101.78,205.93,37121.95,Debit Card,New,Delivered,1.9,
ORD104334,18-08-2025,CUST1812,Customer_4334,Delhi,Beauty,Skincare Kit,Mobile App,1,370.23,5,370.23,18.51,194.56,546.28,Net Banking,Returning,Delivered,4.2,
ORD104335,20-01-2025,CUST1407,Customer_4335,Surat,Home & Kitchen,Watch,Website,2,12165.18,5,24330.36,1216.52,169.22,23283.06,UPI,VIP,Cancelled,4.3,
ORD104336,10-02-2025,CUST1770,Customer_4336,Jaipur,Grocery,Groceries Pack,Marketplace,1,14086.16,10,14086.16,1408.62,280.15,12957.69,UPI,New,Cancelled,,
ORD104337,28-05-2025,CUST1094,Customer_4337,Surat,Books,T-Shirt,Website,2,11871.11,5,23742.22,1187.11,170.69,22725.8,Cash on Delivery,Returning,Cancelled,1.6,
ORD104338,18-04-2025,CUST1884,Customer_4338,Surat,Beauty,Novel,Mobile App,2,2083.39,10,4166.78,416.68,297.44,4047.54,UPI,Returning,Returned,2.3,
ORD104339,25-03-2025,CUST1241,Customer_4339,Mumbai,Clothing,T-Shirt,Website,3,1356.99,20,4070.97,814.19,167.49,3424.27,Cash on Delivery,New,Cancelled,2.6,
ORD104340,18-11-2025,CUST1749,Customer_4340,Bengaluru,Grocery,Skincare Kit,Website,5,459.55,5,2297.75,114.89,61.28,2244.14,UPI,Returning,Delivered,2.9,
ORD104341,05-11-2025,CUST1165,Customer_4341,Pune,Sports,Headphones,Marketplace,1,9486.87,0,9486.87,0,157.03,9643.9,UPI,Returning,Returned,3.9,
ORD104342,17-10-2025,CUST1325,Customer_4342,Bengaluru,Grocery,Groceries Pack,Website,5,9500.64,15,47503.2,7125.48,79.23,40456.95,Cash on Delivery,New,Delivered,2.4,
ORD104343,19-11-2025,CUST1660,Customer_4343,Pune,Sports,Headphones,Mobile App,4,14805.67,15,59222.68,8883.4,191.23,50530.51,Net Banking,Returning,Cancelled,1.1,
ORD104344,14-05-2025,CUST1218,Customer_4344,Surat,Books,Blender,Website,3,6060.94,20,18182.82,3636.56,217.15,14763.41,UPI,Returning,Delivered,4.5,
ORD104345,26-07-2025,CUST1940,Customer_4345,Bengaluru,Home & Kitchen,Skincare Kit,Store,3,5078.81,0,15236.43,0,156.48,15392.91,Credit Card,New,Delivered,2.7,
ORD104346,10-10-2025,CUST1620,Customer_4346,Delhi,Electronics,Shoes,Website,4,9422.71,20,37690.84,7538.17,56.38,30209.05,Debit Card,Returning,Delivered,2.1,
ORD104347,23-09-2025,CUST1231,Customer_4347,Ahmedabad,Books,Football,Store,1,12410.29,10,12410.29,1241.03,156.53,11325.79,Cash on Delivery,New,Cancelled,4.3,
ORD104348,14-03-2025,CUST1582,Customer_4348,Bengaluru,Home & Kitchen,Football,Mobile App,4,14061.09,10,56244.36,5624.44,51.99,50671.91,UPI,New,Delivered,4.5,
ORD104349,18-12-2025,CUST1733,Customer_4349,Kolkata,Accessories,Football,Store,1,12076.39,0,12076.39,0,214.17,12290.56,Net Banking,New,Delivered,3.9,
ORD104350,17-02-2025,CUST1586,Customer_4350,Ahmedabad,Grocery,Football,Store,2,6486.11,10,12972.22,1297.22,243.4,11918.4,Credit Card,Returning,Delivered,2.4,
ORD104351,22-11-2025,CUST1179,Customer_4351,Chennai,Clothing,Watch,Store,3,9578.48,0,28735.44,0,289.84,29025.28,Cash on Delivery,New,Delivered,1.9,
ORD104352,21-08-2025,CUST1080,Customer_4352,Delhi,Home & Kitchen,Watch,Store,1,12866.05,5,12866.05,643.3,70.18,12292.93,Credit Card,New,Delivered,3.9,
ORD104353,10-04-2025,CUST1354,Customer_4353,Jaipur,Books,Groceries Pack,Store,5,7435.55,10,37177.75,3717.78,173.75,33633.72,Debit Card,New,Delivered,1.2,
ORD104354,28-02-2025,CUST1671,Customer_4354,Hyderabad,Electronics,Headphones,Website,5,3367.8,20,16839,3367.8,183.24,13654.44,Net Banking,Returning,Returned,2.6,
ORD104355,15-09-2025,CUST1868,Customer_4355,Ahmedabad,Grocery,Blender,Marketplace,3,2670.39,15,8011.17,1201.68,279.07,7088.56,Cash on Delivery,Returning,Cancelled,4,
ORD104356,06-03-2025,CUST1681,Customer_4356,Surat,Clothing,Watch,Store,4,152.34,10,609.36,60.94,199.36,747.78,Cash on Delivery,New,Cancelled,3.3,
ORD104357,24-03-2025,CUST1826,Customer_4357,Pune,Clothing,Groceries Pack,Mobile App,4,10815.83,10,43263.32,4326.33,69.29,39006.28,UPI,VIP,Delivered,3.9,
ORD104358,03-06-2025,CUST1901,Customer_4358,Jaipur,Accessories,Headphones,Mobile App,1,1799.79,5,1799.79,89.99,147.81,1857.61,Credit Card,Returning,Cancelled,3.3,
ORD104359,23-09-2025,CUST1161,Customer_4359,Delhi,Electronics,T-Shirt,Website,4,3771.01,25,15084.04,3771.01,206.79,11519.82,Cash on Delivery,Returning,Delivered,2,
ORD104360,05-11-2025,CUST1427,Customer_4360,Bengaluru,Accessories,Football,Marketplace,3,4573.46,10,13720.38,1372.04,219.08,12567.42,Credit Card,Returning,Returned,2.9,
ORD104361,20-03-2025,CUST1403,Customer_4361,Chennai,Beauty,Groceries Pack,Marketplace,1,8471.64,5,8471.64,423.58,263.03,8311.09,Debit Card,New,Delivered,4.1,
ORD104362,11-11-2025,CUST1032,Customer_4362,Hyderabad,Home & Kitchen,T-Shirt,Store,2,6059.67,0,12119.34,0,78.74,12198.08,UPI,VIP,Cancelled,1.9,
ORD104363,30-05-2025,CUST1121,Customer_4363,Chennai,Books,Watch,Mobile App,4,10168.91,10,40675.64,4067.56,286.92,36895,Debit Card,New,Delivered,4.9,
ORD104364,17-02-2025,CUST1727,Customer_4364,Kolkata,Clothing,Novel,Mobile App,4,976.23,10,3904.92,390.49,45.97,3560.4,UPI,Returning,Returned,1.8,
ORD104365,05-09-2025,CUST1515,Customer_4365,Unkonwn,Books,Novel,Website,1,1990.5,0,1990.5,0,295.62,2286.12,UPI,Returning,Returned,1.1,
ORD104366,05-10-2025,CUST1385,Customer_4366,Mumbai,Home & Kitchen,Shoes,Store,5,7563.29,20,37816.45,7563.29,261.6,30514.76,Credit Card,VIP,Cancelled,4.1,
ORD104367,22-12-2025,CUST1740,Customer_4367,Delhi,Grocery,Skincare Kit,Mobile App,4,5153.93,15,20615.72,3092.36,208.27,17731.63,UPI,New,Cancelled,4.7,
ORD104368,08-04-2025,CUST1425,Customer_4368,Bengaluru,Electronics,Novel,Store,3,4542.83,15,13628.49,2044.27,228.45,11812.67,Debit Card,Returning,Delivered,2,
ORD104369,25-01-2025,CUST1476,Customer_4369,Hyderabad,Accessories,Groceries Pack,Marketplace,4,1145.37,0,4581.48,0,49.63,4631.11,Debit Card,Returning,Delivered,1.6,
ORD104370,11-10-2025,CUST1560,Customer_4370,Pune,Sports,Headphones,Store,2,13451.43,5,26902.86,1345.14,41.2,25598.92,Debit Card,New,Returned,1.9,
ORD104371,28-10-2025,CUST1167,Customer_4371,Hyderabad,Electronics,Laptop,Store,4,10423.51,25,41694.04,10423.51,57.48,31328.01,Credit Card,New,Delivered,3.5,
ORD104372,09-03-2025,CUST1389,Customer_4372,Jaipur,Home & Kitchen,Blender,Website,5,1956.03,20,9780.15,1956.03,53.59,7877.71,Credit Card,New,Delivered,3.3,
ORD104373,07-01-2025,CUST1333,Customer_4373,Mumbai,Clothing,Watch,Website,4,1115.93,5,4463.72,223.19,177.79,4418.32,Net Banking,New,Delivered,3.5,
ORD104374,01-11-2025,CUST1523,Customer_4374,Hyderabad,Grocery,T-Shirt,Marketplace,1,14626.86,0,14626.86,0,88.17,14715.03,Cash on Delivery,New,Delivered,1,
ORD104375,17-05-2025,CUST1750,Customer_4375,Kolkata,Home & Kitchen,Skincare Kit,Marketplace,4,10265.41,10,41061.64,4106.16,262.26,37217.74,Net Banking,Returning,Delivered,1.6,
ORD104376,13-06-2025,CUST1790,Customer_4376,Pune,Grocery,Laptop,Store,5,6349.22,5,31746.1,1587.3,150.35,30309.15,Net Banking,Returning,Delivered,2,
ORD104377,24-03-2025,CUST1753,Customer_4377,Ahmedabad,Sports,Shoes,Mobile App,1,10570.71,15,10570.71,1585.61,217.79,9202.89,UPI,VIP,Cancelled,3.8,
ORD104378,18-05-2025,CUST1471,Customer_4378,Jaipur,Clothing,Skincare Kit,Store,3,11381.53,25,34144.59,8536.15,206.28,25814.72,UPI,New,Delivered,3.4,
ORD104379,14-03-2025,CUST1704,Customer_4379,Bengaluru,Grocery,Headphones,Marketplace,1,11732.44,5,11732.44,586.62,116.36,11262.18,Net Banking,New,Returned,3.5,
ORD104380,25-08-2025,CUST1524,Customer_4380,Jaipur,Sports,Novel,Website,2,7246.48,0,14492.96,0,95.66,14588.62,Cash on Delivery,VIP,Delivered,3.3,
ORD104381,15-02-2025,CUST1053,Customer_4381,Bengaluru,Grocery,Shoes,Website,1,6533.76,20,6533.76,1306.75,122.46,5349.47,Net Banking,Returning,Delivered,4,
ORD104382,16-04-2025,CUST1567,Customer_4382,Jaipur,Beauty,Headphones,Marketplace,3,313.77,0,941.31,0,245.1,1186.41,Credit Card,Returning,Returned,4.8,
ORD104383,15-10-2025,CUST1821,Customer_4383,Kolkata,Books,Laptop,Store,4,13909.37,25,55637.48,13909.37,188.29,41916.4,Debit Card,New,Delivered,3.7,
ORD104384,19-09-2025,CUST1021,Customer_4384,Pune,Electronics,Novel,Mobile App,1,9109.12,15,9109.12,1366.37,98.46,7841.21,Net Banking,VIP,Delivered,4,
ORD104385,25-06-2025,CUST1019,Customer_4385,Pune,Beauty,Watch,Website,1,3166.84,25,3166.84,791.71,250.82,2625.95,UPI,New,Delivered,3.4,
ORD104386,15-06-2025,CUST1965,Customer_4386,Mumbai,Home & Kitchen,Laptop,Store,1,13806.11,0,13806.11,0,44.79,13850.9,Cash on Delivery,New,Delivered,4.2,
ORD104387,25-05-2025,CUST1856,Customer_4387,Kolkata,Accessories,Football,Mobile App,1,13736.74,0,13736.74,0,218.78,13955.52,UPI,Returning,Delivered,4.8,
ORD104388,26-11-2025,CUST1862,Customer_4388,Bengaluru,Beauty,Football,Marketplace,3,14839.38,10,44518.14,4451.81,148.56,40214.89,Credit Card,Returning,Cancelled,3.4,
ORD104389,10-10-2025,CUST1456,Customer_4389,Delhi,Electronics,Skincare Kit,Store,5,13129.74,10,65648.7,6564.87,227.45,59311.28,UPI,New,Delivered,1.7,
ORD104390,23-02-2025,CUST1322,Customer_4390,Unkonwn,Clothing,Novel,Mobile App,5,14967.1,5,74835.5,3741.78,280.41,71374.13,UPI,Returning,Delivered,4.1,
ORD104391,27-06-2025,CUST1827,Customer_4391,Delhi,Books,Watch,Store,1,3783.59,25,3783.59,945.9,232.51,3070.2,Cash on Delivery,Returning,Delivered,3.6,
ORD104392,01-09-2025,CUST1433,Customer_4392,Bengaluru,Sports,Laptop,Website,3,12657.41,20,37972.23,7594.45,149.33,30527.11,Cash on Delivery,Returning,Returned,4.7,
ORD104393,07-12-2025,CUST1994,Customer_4393,Kolkata,Grocery,Laptop,Marketplace,3,12371.97,15,37115.91,5567.39,70.76,31619.28,UPI,New,Delivered,2.1,
ORD104394,07-05-2025,CUST1059,Customer_4394,Hyderabad,Accessories,Laptop,Website,1,3579.46,0,3579.46,0,247.71,3827.17,UPI,New,Cancelled,4.9,
ORD104395,28-09-2025,CUST1151,Customer_4395,Surat,Clothing,Skincare Kit,Website,2,1611.8,15,3223.6,483.54,154.39,2894.45,Net Banking,Returning,Delivered,3.2,
ORD104396,12-05-2025,CUST1771,Customer_4396,Pune,Books,Football,Store,1,14694.39,15,14694.39,2204.16,50.33,12540.56,Credit Card,VIP,Returned,4.9,
ORD104397,03-04-2025,CUST1440,Customer_4397,Unkonwn,Beauty,Watch,Marketplace,2,4545.96,5,9091.92,454.6,224.14,8861.46,Net Banking,New,Returned,4.1,
ORD104398,14-03-2025,CUST1884,Customer_4398,Jaipur,Home & Kitchen,Groceries Pack,Store,1,13082.74,25,13082.74,3270.68,108.8,9920.86,Cash on Delivery,New,Delivered,4.5,
ORD104399,05-09-2025,CUST1058,Customer_4399,Hyderabad,Beauty,Watch,Mobile App,2,211.29,0,422.58,0,43.2,465.78,Net Banking,New,Delivered,2.3,
ORD104400,14-12-2025,CUST1728,Customer_4400,Delhi,Electronics,Blender,Marketplace,2,462.22,5,924.44,46.22,273.74,1151.96,Net Banking,New,Cancelled,1.9,
ORD104401,30-09-2025,CUST1574,Customer_4401,Chennai,Electronics,Laptop,Website,1,7068.19,0,7068.19,0,160.44,7228.63,UPI,VIP,Returned,3.5,
ORD104402,12-02-2025,CUST1658,Customer_4402,Surat,Home & Kitchen,Groceries Pack,Website,2,3694.91,15,7389.82,1108.47,105.86,6387.21,UPI,New,Delivered,2.5,
ORD104403,10-02-2025,CUST1957,Customer_4403,Hyderabad,Books,Blender,Website,4,10394.14,10,41576.56,4157.66,223.42,37642.32,Credit Card,Returning,Delivered,4.9,
ORD104404,19-06-2025,CUST1894,Customer_4404,Jaipur,Clothing,Skincare Kit,Store,5,8548.63,5,42743.15,2137.16,269.19,40875.18,Debit Card,New,Delivered,3,
ORD104405,31-07-2025,CUST1751,Customer_4405,Hyderabad,Grocery,Groceries Pack,Store,3,1300.66,0,3901.98,0,30.08,3932.06,Debit Card,New,Delivered,1.4,
ORD104406,17-06-2025,CUST1293,Customer_4406,Surat,Grocery,Headphones,Store,2,2565.03,0,5130.06,0,215.72,5345.78,Net Banking,VIP,Returned,3,
ORD104407,08-02-2025,CUST1182,Customer_4407,Bengaluru,Electronics,T-Shirt,Marketplace,2,5912.53,0,11825.06,0,237.09,12062.15,Credit Card,Returning,Cancelled,3.1,
ORD104408,02-09-2025,CUST1881,Customer_4408,Surat,Electronics,Football,Marketplace,3,2906.22,10,8718.66,871.87,86.68,7933.47,Credit Card,Returning,Cancelled,1,
ORD104409,31-05-2025,CUST1607,Customer_4409,Chennai,Home & Kitchen,T-Shirt,Marketplace,2,11914.5,0,23829,0,162.2,23991.2,Cash on Delivery,Returning,Delivered,2,
ORD104410,21-04-2025,CUST1078,Customer_4410,Chennai,Clothing,Headphones,Marketplace,3,6328.64,5,18985.92,949.3,54.11,18090.73,UPI,New,Delivered,1,
ORD104411,16-02-2025,CUST1961,Customer_4411,Jaipur,Accessories,Football,Mobile App,1,1537.46,20,1537.46,307.49,231.62,1461.59,Cash on Delivery,Returning,Delivered,3.2,
ORD104412,04-03-2025,CUST1654,Customer_4412,Mumbai,Accessories,Novel,Website,4,7342.49,10,29369.96,2937,258.81,26691.77,Debit Card,New,Delivered,2.2,
ORD104413,13-08-2025,CUST1105,Customer_4413,Hyderabad,Beauty,Groceries Pack,Store,4,1498.95,15,5995.8,899.37,59.21,5155.64,Credit Card,Returning,Delivered,1.7,
ORD104414,10-03-2025,CUST1261,Customer_4414,Delhi,Sports,Headphones,Store,5,2064.72,0,10323.6,0,250.44,10574.04,Debit Card,Returning,Delivered,4.4,
ORD104415,26-10-2025,CUST1607,Customer_4415,Jaipur,Home & Kitchen,Headphones,Mobile App,2,3708.21,5,7416.42,370.82,238.32,7283.92,UPI,New,Delivered,1.1,
ORD104416,17-10-2025,CUST1223,Customer_4416,Bengaluru,Clothing,Football,Website,5,12913.99,10,64569.95,6457,123.67,58236.62,UPI,VIP,Returned,3.8,
ORD104417,23-10-2025,CUST1990,Customer_4417,Bengaluru,Sports,Shoes,Website,1,13880.5,0,13880.5,0,216.38,14096.88,UPI,Returning,Delivered,3.3,
ORD104418,22-07-2025,CUST1484,Customer_4418,Mumbai,Grocery,Blender,Mobile App,4,12419.93,0,49679.72,0,30.01,49709.73,Debit Card,Returning,Returned,4.1,
ORD104419,02-03-2025,CUST1702,Customer_4419,Hyderabad,Home & Kitchen,Laptop,Marketplace,1,5111.05,20,5111.05,1022.21,281.59,4370.43,Credit Card,New,Delivered,1.5,
ORD104420,14-11-2025,CUST1129,Customer_4420,Hyderabad,Beauty,Skincare Kit,Website,1,4195.83,25,4195.83,1048.96,178.6,3325.47,Cash on Delivery,VIP,Cancelled,4.5,
ORD104421,10-11-2025,CUST1319,Customer_4421,Ahmedabad,Beauty,Watch,Marketplace,2,8304.96,0,16609.92,0,197.49,16807.41,Credit Card,VIP,Delivered,2.3,
ORD104422,10-06-2025,CUST1707,Customer_4422,Jaipur,Clothing,Novel,Mobile App,1,10869.52,5,10869.52,543.48,209.46,10535.5,Credit Card,Returning,Delivered,1,
ORD104423,27-11-2025,CUST1509,Customer_4423,Delhi,Clothing,Laptop,Store,4,14901.59,25,59606.36,14901.59,181.57,44886.34,Net Banking,New,Cancelled,3.6,
ORD104424,16-01-2025,CUST1020,Customer_4424,Ahmedabad,Beauty,Headphones,Store,5,2103.83,0,10519.15,0,261.33,10780.48,Credit Card,New,Delivered,4.4,
ORD104425,04-12-2025,CUST1811,Customer_4425,Surat,Beauty,Football,Store,4,881.99,10,3527.96,352.8,194.62,3369.78,Cash on Delivery,New,Delivered,2.4,
ORD104426,04-04-2025,CUST1752,Customer_4426,Ahmedabad,Home & Kitchen,Headphones,Store,2,10461.18,25,20922.36,5230.59,275.1,15966.87,Net Banking,Returning,Returned,3.1,
ORD104427,31-10-2025,CUST1235,Customer_4427,Ahmedabad,Books,Groceries Pack,Website,4,12508.55,25,50034.2,12508.55,187.23,37712.88,Credit Card,New,Delivered,2.6,
ORD104428,18-05-2025,CUST1597,Customer_4428,Pune,Grocery,Skincare Kit,Marketplace,3,12718.28,10,38154.84,3815.48,76.2,34415.56,Net Banking,VIP,Returned,1.2,
ORD104429,04-12-2025,CUST1606,Customer_4429,Pune,Books,Blender,Store,5,10225.18,0,51125.9,0,276.66,51402.56,Credit Card,New,Returned,4,
ORD104430,07-02-2025,CUST1554,Customer_4430,Ahmedabad,Clothing,Football,Store,3,14317.13,0,42951.39,0,214.04,43165.43,UPI,Returning,Cancelled,4.8,
ORD104431,07-05-2025,CUST1876,Customer_4431,Pune,Sports,Watch,Store,3,7738.42,20,23215.26,4643.05,218.79,18791,UPI,New,Delivered,2.7,
ORD104432,02-10-2025,CUST1350,Customer_4432,Chennai,Beauty,Novel,Mobile App,2,13720.15,20,27440.3,5488.06,296.08,22248.32,Credit Card,New,Cancelled,1.6,
ORD104433,13-06-2025,CUST1453,Customer_4433,Pune,Sports,Groceries Pack,Website,1,14522.01,10,14522.01,1452.2,50.3,13120.11,Net Banking,Returning,Delivered,3,
ORD104434,15-11-2025,CUST1586,Customer_4434,Kolkata,Clothing,Skincare Kit,Mobile App,3,12730.29,15,38190.87,5728.63,145.72,32607.96,Cash on Delivery,Returning,Returned,4.6,
ORD104435,18-03-2025,CUST1984,Customer_4435,Bengaluru,Grocery,Blender,Marketplace,4,4749.91,15,18999.64,2849.95,94.56,16244.25,UPI,Returning,Delivered,3.4,
ORD104436,23-06-2025,CUST1877,Customer_4436,Kolkata,Clothing,Football,Store,1,3063.8,15,3063.8,459.57,200.22,2804.45,Net Banking,New,Delivered,1.8,
ORD104437,24-12-2025,CUST1509,Customer_4437,Jaipur,Electronics,Headphones,Website,4,8289.58,20,33158.32,6631.66,247.84,26774.5,Cash on Delivery,New,Cancelled,3.2,
ORD104438,17-11-2025,CUST1627,Customer_4438,Ahmedabad,Beauty,Novel,Website,4,6877.27,15,27509.08,4126.36,290.9,23673.62,Net Banking,VIP,Cancelled,2.3,
ORD104439,01-04-2025,CUST1423,Customer_4439,Bengaluru,Grocery,Shoes,Website,1,13184.71,10,13184.71,1318.47,152.74,12018.98,Credit Card,Returning,Delivered,1.1,
ORD104440,26-08-2025,CUST1190,Customer_4440,Chennai,Books,Laptop,Mobile App,1,1635.47,0,1635.47,0,242.28,1877.75,UPI,Returning,Delivered,4.7,
ORD104441,21-09-2025,CUST1944,Customer_4441,Ahmedabad,Books,T-Shirt,Mobile App,4,3977.44,15,15909.76,2386.46,277.6,13800.9,UPI,New,Delivered,4.2,
ORD104442,28-06-2025,CUST1125,Customer_4442,Jaipur,Accessories,Groceries Pack,Mobile App,2,11314.21,10,22628.42,2262.84,214.5,20580.08,UPI,Returning,Delivered,4.7,
ORD104443,28-07-2025,CUST1006,Customer_4443,Mumbai,Clothing,Shoes,Mobile App,5,1560.55,5,7802.75,390.14,95.54,7508.15,Credit Card,New,Delivered,3.7,
ORD104444,14-03-2025,CUST1458,Customer_4444,Jaipur,Clothing,Watch,Marketplace,5,4913.35,20,24566.75,4913.35,194.12,19847.52,Cash on Delivery,New,Cancelled,2.8,
ORD104445,17-04-2025,CUST1891,Customer_4445,Bengaluru,Beauty,Watch,Store,2,5899.26,15,11798.52,1769.78,291.89,10320.63,Cash on Delivery,New,Delivered,3,
ORD104446,11-12-2025,CUST1554,Customer_4446,Jaipur,Electronics,T-Shirt,Store,1,9395.52,25,9395.52,2348.88,296.64,7343.28,UPI,New,Delivered,1.8,
ORD104447,22-10-2025,CUST1570,Customer_4447,Ahmedabad,Electronics,Shoes,Mobile App,4,2498.27,0,9993.08,0,203.44,10196.52,Cash on Delivery,New,Cancelled,2.5,
ORD104448,11-10-2025,CUST1939,Customer_4448,Pune,Electronics,T-Shirt,Mobile App,5,12929.98,10,64649.9,6464.99,269.49,58454.4,UPI,New,Delivered,1.7,
ORD104449,19-12-2025,CUST1522,Customer_4449,Kolkata,Electronics,T-Shirt,Mobile App,4,6796,0,27184,0,84.09,27268.09,Cash on Delivery,Returning,Cancelled,2.9,
ORD104450,01-07-2025,CUST1089,Customer_4450,Chennai,Grocery,Headphones,Marketplace,2,13767.77,20,27535.54,5507.11,96.44,22124.87,UPI,Returning,Delivered,3.6,
ORD104451,06-02-2025,CUST1846,Customer_4451,Delhi,Home & Kitchen,Skincare Kit,Marketplace,4,7097.87,0,28391.48,0,287.28,28678.76,Cash on Delivery,VIP,Delivered,2,
ORD104452,17-05-2025,CUST1111,Customer_4452,Bengaluru,Beauty,Watch,Website,2,4234.35,15,8468.7,1270.3,66.51,7264.91,Net Banking,New,Delivered,4.8,
ORD104453,04-12-2025,CUST1551,Customer_4453,Surat,Beauty,Skincare Kit,Store,1,2256.16,15,2256.16,338.42,81.6,1999.34,UPI,New,Cancelled,3.6,
ORD104454,25-02-2025,CUST1397,Customer_4454,Chennai,Beauty,Watch,Mobile App,2,205.61,5,411.22,20.56,143.55,534.21,UPI,Returning,Delivered,1.9,
ORD104455,06-07-2025,CUST1971,Customer_4455,Hyderabad,Grocery,Shoes,Website,2,8052.54,25,16105.08,4026.27,189.19,12268,Debit Card,New,Delivered,1.7,
ORD104456,07-12-2025,CUST1679,Customer_4456,Bengaluru,Books,Novel,Store,5,1741.28,20,8706.4,1741.28,193.03,7158.15,UPI,New,Returned,1.7,
ORD104457,15-09-2025,CUST1011,Customer_4457,Delhi,Grocery,Skincare Kit,Website,4,5967.16,5,23868.64,1193.43,108.83,22784.04,Cash on Delivery,Returning,Returned,4.9,
ORD104458,27-02-2025,CUST1622,Customer_4458,Mumbai,Electronics,Novel,Marketplace,5,8900.69,0,44503.45,0,278.57,44782.02,Net Banking,Returning,Returned,1.9,
ORD104459,29-12-2025,CUST1497,Customer_4459,Surat,Electronics,Skincare Kit,Marketplace,3,4243.94,5,12731.82,636.59,277.08,12372.31,Net Banking,Returning,Delivered,1.7,
ORD104460,03-05-2025,CUST1016,Customer_4460,Kolkata,Books,Groceries Pack,Website,2,2752.08,5,5504.16,275.21,135.86,5364.81,Cash on Delivery,VIP,Delivered,1.7,
ORD104461,07-07-2025,CUST1033,Customer_4461,Delhi,Accessories,T-Shirt,Website,3,11654.62,20,34963.86,6992.77,147.26,28118.35,Credit Card,Returning,Delivered,2.4,
ORD104462,18-08-2025,CUST1745,Customer_4462,Chennai,Grocery,T-Shirt,Store,5,14209.85,25,71049.25,17762.31,219.67,53506.61,UPI,New,Delivered,3.5,
ORD104463,17-06-2025,CUST1489,Customer_4463,Ahmedabad,Books,Headphones,Mobile App,4,1641.54,0,6566.16,0,209.01,6775.17,Net Banking,Returning,Delivered,1.3,
ORD104464,24-04-2025,CUST1188,Customer_4464,Jaipur,Clothing,Watch,Store,5,2460.52,10,12302.6,1230.26,133.22,11205.56,Cash on Delivery,Returning,Delivered,1.6,
ORD104465,09-09-2025,CUST1736,Customer_4465,Ahmedabad,Home & Kitchen,Skincare Kit,Store,4,14406.19,10,57624.76,5762.48,141.85,52004.13,Net Banking,Returning,Delivered,4.9,
ORD104466,17-04-2025,CUST1571,Customer_4466,Mumbai,Books,Football,Marketplace,4,711.1,0,2844.4,0,123.97,2968.37,Net Banking,VIP,Returned,3.5,
ORD104467,06-02-2025,CUST1458,Customer_4467,Ahmedabad,Beauty,Football,Marketplace,1,14667.84,5,14667.84,733.39,93.55,14028,Cash on Delivery,Returning,Delivered,1.6,
ORD104468,01-12-2025,CUST1051,Customer_4468,Bengaluru,Home & Kitchen,Blender,Website,2,218.97,5,437.94,21.9,153.7,569.74,Debit Card,Returning,Delivered,3.2,
ORD104469,02-04-2025,CUST1271,Customer_4469,Mumbai,Grocery,Skincare Kit,Marketplace,5,13123.98,10,65619.9,6561.99,215.34,59273.25,Net Banking,New,Delivered,2,
ORD104470,18-01-2025,CUST1464,Customer_4470,Ahmedabad,Books,Football,Store,4,4713.78,15,18855.12,2828.27,230.33,16257.18,Net Banking,VIP,Delivered,4.9,
ORD104471,20-12-2025,CUST1043,Customer_4471,Ahmedabad,Accessories,Headphones,Website,5,14088.04,15,70440.2,10566.03,240.3,60114.47,Credit Card,Returning,Returned,2.6,
ORD104472,04-03-2025,CUST1539,Customer_4472,Mumbai,Beauty,Watch,Website,5,4856.64,0,24283.2,0,131.18,24414.38,Debit Card,New,Delivered,1.6,
ORD104473,30-05-2025,CUST1568,Customer_4473,Hyderabad,Electronics,Football,Marketplace,4,9866.45,20,39465.8,7893.16,236.45,31809.09,Credit Card,New,Delivered,3.5,
ORD104474,19-05-2025,CUST1121,Customer_4474,Mumbai,Grocery,Laptop,Mobile App,3,1338.48,15,4015.44,602.32,31.76,3444.88,Cash on Delivery,New,Returned,1.5,
ORD104475,05-07-2025,CUST1625,Customer_4475,Mumbai,Electronics,Skincare Kit,Marketplace,2,3748.6,20,7497.2,1499.44,158.8,6156.56,UPI,New,Delivered,3.1,
ORD104476,04-07-2025,CUST1316,Customer_4476,Jaipur,Beauty,Novel,Website,2,11639.14,10,23278.28,2327.83,244.35,21194.8,Cash on Delivery,Returning,Delivered,4.4,
ORD104477,24-07-2025,CUST1115,Customer_4477,Pune,Accessories,Laptop,Website,1,8000.98,20,8000.98,1600.2,200.11,6600.89,Debit Card,New,Returned,2.4,
ORD104478,17-09-2025,CUST1621,Customer_4478,Jaipur,Sports,Laptop,Mobile App,1,13930.34,20,13930.34,2786.07,158,11302.27,Cash on Delivery,VIP,Delivered,2.9,
ORD104479,02-08-2025,CUST1992,Customer_4479,Jaipur,Grocery,Skincare Kit,Store,1,6516.96,10,6516.96,651.7,204.05,6069.31,Debit Card,Returning,Delivered,1.4,
ORD104480,13-09-2025,CUST1454,Customer_4480,Mumbai,Electronics,Blender,Website,2,13066.71,5,26133.42,1306.67,274.88,25101.63,Credit Card,New,Delivered,3.6,
ORD104481,15-05-2025,CUST1687,Customer_4481,Chennai,Accessories,T-Shirt,Mobile App,3,6816.99,25,20450.97,5112.74,182.92,15521.15,Net Banking,New,Delivered,1.4,
ORD104482,02-03-2025,CUST1624,Customer_4482,Kolkata,Accessories,Watch,Store,2,14691.84,15,29383.68,4407.55,245.94,25222.07,Cash on Delivery,New,Delivered,2.3,
ORD104483,29-12-2025,CUST1612,Customer_4483,Jaipur,Clothing,Watch,Marketplace,2,14403.54,25,28807.08,7201.77,294.8,21900.11,Cash on Delivery,New,Cancelled,4.4,
ORD104484,06-11-2025,CUST1520,Customer_4484,Kolkata,Books,Football,Mobile App,2,5037.68,15,10075.36,1511.3,220.5,8784.56,Net Banking,New,Delivered,1.6,
ORD104485,29-03-2025,CUST1959,Customer_4485,Jaipur,Electronics,Football,Store,2,13305.97,10,26611.94,2661.19,184.8,24135.55,Cash on Delivery,Returning,Delivered,4.4,
ORD104486,20-11-2025,CUST1985,Customer_4486,Bengaluru,Clothing,Football,Website,3,12737.03,0,38211.09,0,40.12,38251.21,Cash on Delivery,VIP,Cancelled,3.5,
ORD104487,26-07-2025,CUST1647,Customer_4487,Surat,Accessories,Skincare Kit,Website,1,3278.6,5,3278.6,163.93,131.11,3245.78,UPI,VIP,Delivered,1.6,
ORD104488,09-05-2025,CUST1763,Customer_4488,Chennai,Home & Kitchen,Shoes,Mobile App,5,9420.71,25,47103.55,11775.89,182.67,35510.33,UPI,Returning,Delivered,1.7,
ORD104489,07-11-2025,CUST1337,Customer_4489,Kolkata,Grocery,Groceries Pack,Marketplace,1,1229.33,5,1229.33,61.47,245.25,1413.11,Net Banking,Returning,Delivered,3.7,
ORD104490,03-01-2025,CUST1240,Customer_4490,Kolkata,Electronics,Groceries Pack,Mobile App,1,12575.15,0,12575.15,0,148.29,12723.44,Credit Card,VIP,Delivered,3.9,
ORD104491,30-08-2025,CUST1734,Customer_4491,Bengaluru,Books,Football,Website,5,2742.01,15,13710.05,2056.51,289.22,11942.76,Cash on Delivery,Returning,Delivered,3.6,
ORD104492,01-05-2025,CUST1386,Customer_4492,Chennai,Electronics,Football,Store,2,1201.6,15,2403.2,360.48,103.38,2146.1,Cash on Delivery,New,Delivered,3.9,
ORD104493,12-04-2025,CUST1145,Customer_4493,Hyderabad,Books,Novel,Marketplace,3,6093.25,5,18279.75,913.99,231.03,17596.79,Credit Card,Returning,Delivered,2.4,
ORD104494,07-02-2025,CUST1377,Customer_4494,Delhi,Home & Kitchen,Blender,Store,3,8717.29,5,26151.87,1307.59,143.14,24987.42,Cash on Delivery,VIP,Delivered,1,
ORD104495,07-12-2025,CUST1004,Customer_4495,Surat,Books,Groceries Pack,Mobile App,1,12845.52,10,12845.52,1284.55,161.22,11722.19,Credit Card,New,Delivered,3.1,
ORD104496,13-05-2025,CUST1794,Customer_4496,Hyderabad,Clothing,Skincare Kit,Mobile App,5,14617.5,0,73087.5,0,246.68,73334.18,Net Banking,New,Cancelled,3.4,
ORD104497,21-07-2025,CUST1846,Customer_4497,Jaipur,Sports,Football,Store,4,6676.46,15,26705.84,4005.88,109.98,22809.94,Net Banking,New,Delivered,3.8,
ORD104498,14-12-2025,CUST1328,Customer_4498,Mumbai,Grocery,Football,Store,2,1047.64,5,2095.28,104.76,56.14,2046.66,Credit Card,New,Delivered,1.9,
ORD104499,21-01-2025,CUST1197,Customer_4499,Delhi,Books,Groceries Pack,Store,1,11274.37,20,11274.37,2254.87,170.47,9189.97,Credit Card,New,Delivered,1.7,
ORD104500,30-08-2025,CUST1389,Customer_4500,Jaipur,Grocery,Football,Mobile App,3,8542.82,20,25628.46,5125.69,172.77,20675.54,Debit Card,New,Delivered,4.3,
ORD104501,19-04-2025,CUST1640,Customer_4501,Bengaluru,Books,T-Shirt,Store,5,6801.19,15,34005.95,5100.89,245.24,29150.3,UPI,VIP,Returned,4.4,
ORD104502,30-10-2025,CUST1261,Customer_4502,Bengaluru,Grocery,Skincare Kit,Website,5,4742.64,5,23713.2,1185.66,291.45,22818.99,UPI,VIP,Cancelled,5,
ORD104503,25-03-2025,CUST1603,Customer_4503,Mumbai,Clothing,Skincare Kit,Store,1,7610.62,10,7610.62,761.06,44.93,6894.49,Cash on Delivery,VIP,Returned,2.4,
ORD104504,24-03-2025,CUST1837,Customer_4504,Surat,Accessories,Football,Website,4,5179.39,10,20717.56,2071.76,189.76,18835.56,Cash on Delivery,New,Delivered,1.2,
ORD104505,18-10-2025,CUST1771,Customer_4505,Ahmedabad,Grocery,Skincare Kit,Website,3,11391.63,5,34174.89,1708.74,213.95,32680.1,Credit Card,New,Cancelled,2.9,
ORD104506,10-03-2025,CUST1934,Customer_4506,Chennai,Beauty,Shoes,Store,1,8226.82,20,8226.82,1645.36,296.17,6877.63,Credit Card,New,Cancelled,2.9,
ORD104507,09-05-2025,CUST1094,Customer_4507,Bengaluru,Beauty,Skincare Kit,Marketplace,4,13171.19,10,52684.76,5268.48,284.5,47700.78,UPI,VIP,Delivered,1.1,
ORD104508,15-07-2025,CUST1257,Customer_4508,Hyderabad,Beauty,T-Shirt,Marketplace,5,8221.63,20,41108.15,8221.63,222.36,33108.88,Cash on Delivery,New,Delivered,3.3,
ORD104509,20-05-2025,CUST1136,Customer_4509,Jaipur,Books,Laptop,Marketplace,2,3688.2,0,7376.4,0,170.88,7547.28,UPI,Returning,Delivered,2,
ORD104510,10-10-2025,CUST1525,Customer_4510,Chennai,Home & Kitchen,Laptop,Website,3,12788.71,0,38366.13,0,73.61,38439.74,Net Banking,New,Delivered,1.5,
ORD104511,08-11-2025,CUST1980,Customer_4511,Chennai,Clothing,Blender,Marketplace,3,8424.7,25,25274.1,6318.52,133.73,19089.31,UPI,New,Returned,3.4,
ORD104512,22-08-2025,CUST1710,Customer_4512,Hyderabad,Books,Novel,Marketplace,4,3221.59,10,12886.36,1288.64,187.98,11785.7,UPI,New,Delivered,2.1,
ORD104513,23-01-2025,CUST1498,Customer_4513,Bengaluru,Grocery,T-Shirt,Store,1,9409.09,10,9409.09,940.91,225.8,8693.98,Credit Card,Returning,Returned,3.2,
ORD104514,02-06-2025,CUST1178,Customer_4514,Bengaluru,Electronics,Headphones,Mobile App,5,5462.09,10,27310.45,2731.04,201.56,24780.97,Cash on Delivery,New,Returned,1.1,
ORD104515,04-10-2025,CUST1112,Customer_4515,Kolkata,Books,Novel,Website,4,12689.42,0,50757.68,0,222.81,50980.49,Net Banking,New,Delivered,2.5,
ORD104516,02-03-2025,CUST1264,Customer_4516,Pune,Beauty,Groceries Pack,Mobile App,2,6881.5,15,13763,2064.45,145.87,11844.42,UPI,New,Delivered,4.5,
ORD104517,15-11-2025,CUST1414,Customer_4517,Kolkata,Clothing,Groceries Pack,Website,2,10937.65,0,21875.3,0,226.46,22101.76,UPI,Returning,Delivered,3.6,
ORD104518,21-02-2025,CUST1369,Customer_4518,Kolkata,Electronics,Headphones,Website,2,1568.71,10,3137.42,313.74,68.81,2892.49,Credit Card,Returning,Cancelled,4.5,
ORD104519,10-12-2025,CUST1936,Customer_4519,Bengaluru,Accessories,Novel,Marketplace,4,6030.96,10,24123.84,2412.38,73.9,21785.36,Debit Card,VIP,Delivered,4,
ORD104520,02-06-2025,CUST1591,Customer_4520,Mumbai,Clothing,Headphones,Store,5,14751.14,20,73755.7,14751.14,73.96,59078.52,Cash on Delivery,New,Delivered,3.9,
ORD104521,25-08-2025,CUST1378,Customer_4521,Mumbai,Home & Kitchen,Football,Mobile App,3,12155.64,10,36466.92,3646.69,270.53,33090.76,Cash on Delivery,New,Delivered,4.5,
ORD104522,07-11-2025,CUST1768,Customer_4522,Kolkata,Beauty,Novel,Mobile App,1,2525.12,0,2525.12,0,50.53,2575.65,Cash on Delivery,Returning,Delivered,1.1,
ORD104523,29-10-2025,CUST1586,Customer_4523,Kolkata,Sports,Laptop,Marketplace,3,4274.8,10,12824.4,1282.44,246.41,11788.37,UPI,Returning,Delivered,2.7,
ORD104524,01-02-2025,CUST1383,Customer_4524,Delhi,Books,Novel,Mobile App,5,5047.76,0,25238.8,0,93.06,25331.86,UPI,Returning,Returned,4.8,
ORD104525,24-02-2025,CUST1673,Customer_4525,Pune,Grocery,T-Shirt,Mobile App,3,9807.93,0,29423.79,0,156.48,29580.27,UPI,VIP,Returned,1.7,
ORD104526,18-12-2025,CUST1511,Customer_4526,Pune,Beauty,Laptop,Website,4,11391.37,0,45565.48,0,277.31,45842.79,Debit Card,Returning,Delivered,3.6,
ORD104527,05-02-2025,CUST1713,Customer_4527,Mumbai,Beauty,Football,Store,2,11280.47,10,22560.94,2256.09,188.2,20493.05,UPI,New,Delivered,4.2,
ORD104528,20-04-2025,CUST1881,Customer_4528,Mumbai,Home & Kitchen,Watch,Store,5,7721.63,0,38608.15,0,86.73,38694.88,Cash on Delivery,New,Delivered,4.7,
ORD104529,26-06-2025,CUST1820,Customer_4529,Surat,Electronics,T-Shirt,Mobile App,5,12190.68,10,60953.4,6095.34,106.7,54964.76,Cash on Delivery,VIP,Cancelled,4.5,
ORD104530,28-12-2025,CUST1377,Customer_4530,Ahmedabad,Beauty,Novel,Mobile App,3,6640.61,25,19921.83,4980.46,278.52,15219.89,Credit Card,New,Cancelled,3.7,
ORD104531,10-11-2025,CUST1545,Customer_4531,Mumbai,Electronics,Groceries Pack,Website,4,1989.63,15,7958.52,1193.78,145.33,6910.07,Debit Card,Returning,Delivered,3.8,
ORD104532,22-10-2025,CUST1073,Customer_4532,Chennai,Electronics,Headphones,Marketplace,3,8531.96,0,25595.88,0,188.49,25784.37,Net Banking,VIP,Delivered,2.4,
ORD104533,02-12-2025,CUST1974,Customer_4533,Ahmedabad,Home & Kitchen,Laptop,Website,3,14291.68,0,42875.04,0,154.18,43029.22,UPI,Returning,Delivered,1.9,
ORD104534,07-04-2025,CUST1504,Customer_4534,Ahmedabad,Beauty,Novel,Marketplace,5,11925.96,15,59629.8,8944.47,132.18,50817.51,Net Banking,Returning,Delivered,4.8,
ORD104535,01-08-2025,CUST1352,Customer_4535,Kolkata,Books,Watch,Marketplace,3,8743.7,20,26231.1,5246.22,90.29,21075.17,UPI,Returning,Delivered,4.9,
ORD104536,13-11-2025,CUST1805,Customer_4536,Mumbai,Home & Kitchen,Skincare Kit,Website,2,9755.06,0,19510.12,0,215.27,19725.39,Debit Card,New,Delivered,2.7,
ORD104537,17-05-2025,CUST1710,Customer_4537,Bengaluru,Home & Kitchen,Watch,Store,3,13968.85,20,41906.55,8381.31,223.93,33749.17,Debit Card,Returning,Delivered,2.6,
ORD104538,06-01-2025,CUST1325,Customer_4538,Delhi,Sports,Laptop,Website,2,6510.89,10,13021.78,1302.18,104.22,11823.82,Cash on Delivery,New,Returned,2.8,
ORD104539,19-04-2025,CUST1388,Customer_4539,Bengaluru,Books,T-Shirt,Marketplace,5,5071.2,10,25356,2535.6,243.03,23063.43,Debit Card,New,Delivered,2.8,
ORD104540,04-02-2025,CUST1828,Customer_4540,Chennai,Home & Kitchen,Groceries Pack,Store,4,14662.04,25,58648.16,14662.04,260.72,44246.84,Net Banking,Returning,Delivered,4.4,
ORD104541,08-02-2025,CUST1240,Customer_4541,Surat,Sports,Groceries Pack,Store,2,12972.13,15,25944.26,3891.64,278.58,22331.2,Net Banking,Returning,Delivered,2.7,
ORD104542,30-05-2025,CUST1976,Customer_4542,Mumbai,Accessories,Skincare Kit,Website,4,4947.2,20,19788.8,3957.76,73.53,15904.57,Debit Card,Returning,Delivered,4.5,
ORD104543,28-04-2025,CUST1074,Customer_4543,Mumbai,Electronics,T-Shirt,Store,4,7037.14,5,28148.56,1407.43,112.06,26853.19,Net Banking,VIP,Delivered,3.8,
ORD104544,18-09-2025,CUST1031,Customer_4544,Kolkata,Books,Novel,Store,2,6313.91,10,12627.82,1262.78,262.3,11627.34,UPI,New,Delivered,4.9,
ORD104545,28-03-2025,CUST1479,Customer_4545,Hyderabad,Books,Skincare Kit,Website,5,2364.07,10,11820.35,1182.04,83.61,10721.92,Credit Card,Returning,Delivered,3.7,
ORD104546,17-03-2025,CUST1014,Customer_4546,Chennai,Electronics,Laptop,Mobile App,1,14373.62,5,14373.62,718.68,30.94,13685.88,Cash on Delivery,New,Delivered,2.6,
ORD104547,09-11-2025,CUST1717,Customer_4547,Pune,Accessories,Skincare Kit,Store,4,6154.04,10,24616.16,2461.62,265.12,22419.66,Credit Card,Returning,Delivered,4.7,
ORD104548,02-08-2025,CUST1316,Customer_4548,Pune,Clothing,Blender,Website,4,13148.64,0,52594.56,0,118.14,52712.7,Net Banking,VIP,Delivered,1.9,
ORD104549,12-10-2025,CUST1068,Customer_4549,Bengaluru,Books,Novel,Website,5,2961.94,0,14809.7,0,141.91,14951.61,Cash on Delivery,New,Delivered,4.9,
ORD104550,27-08-2025,CUST1640,Customer_4550,Jaipur,Accessories,Headphones,Mobile App,5,8285.88,5,41429.4,2071.47,150.51,39508.44,Credit Card,Returning,Delivered,1.2,
ORD104551,14-06-2025,CUST1538,Customer_4551,Chennai,Grocery,Football,Store,3,505.83,15,1517.49,227.62,259.03,1548.9,Credit Card,Returning,Cancelled,3.6,
ORD104552,28-03-2025,CUST1920,Customer_4552,Surat,Clothing,Skincare Kit,Marketplace,5,11498.67,20,57493.35,11498.67,121.23,46115.91,Net Banking,Returning,Delivered,1.1,
ORD104553,21-05-2025,CUST1696,Customer_4553,Mumbai,Electronics,Laptop,Marketplace,4,8776.57,10,35106.28,3510.63,270.92,31866.57,Cash on Delivery,Returning,Delivered,1.8,
ORD104554,09-06-2025,CUST1649,Customer_4554,Mumbai,Beauty,Novel,Store,2,9440.01,10,18880.02,1888,196.57,17188.59,Cash on Delivery,Returning,Delivered,2.9,
ORD104555,15-02-2025,CUST1291,Customer_4555,Hyderabad,Clothing,Skincare Kit,Store,1,918.06,0,918.06,0,172.37,1090.43,Credit Card,New,Delivered,1.6,
ORD104556,22-04-2025,CUST1618,Customer_4556,Ahmedabad,Home & Kitchen,T-Shirt,Website,3,3283.92,20,9851.76,1970.35,117.92,7999.33,Cash on Delivery,Returning,Delivered,5,
ORD104557,14-02-2025,CUST1975,Customer_4557,Chennai,Books,Blender,Website,2,1253.81,10,2507.62,250.76,95.8,2352.66,Cash on Delivery,Returning,Returned,4.1,
ORD104558,04-09-2025,CUST1024,Customer_4558,Jaipur,Grocery,Football,Marketplace,1,4440.38,15,4440.38,666.06,198.5,3972.82,UPI,Returning,Returned,4.4,
ORD104559,14-04-2025,CUST1415,Customer_4559,Surat,Clothing,Groceries Pack,Store,1,9467.47,15,9467.47,1420.12,150.66,8198.01,Net Banking,New,Delivered,4.9,
ORD104560,26-03-2025,CUST1851,Customer_4560,Jaipur,Books,Shoes,Website,1,8557.86,5,8557.86,427.89,275.84,8405.81,Net Banking,New,Delivered,3.7,
ORD104561,14-05-2025,CUST1962,Customer_4561,Delhi,Electronics,Headphones,Marketplace,2,9240.42,10,18480.84,1848.08,162.74,16795.5,UPI,New,Returned,2.1,
ORD104562,18-04-2025,CUST1706,Customer_4562,Chennai,Beauty,T-Shirt,Marketplace,3,8306.38,25,24919.14,6229.78,168.18,18857.54,Credit Card,New,Delivered,4,
ORD104563,18-01-2025,CUST1681,Customer_4563,Ahmedabad,Accessories,Football,Mobile App,3,4204.48,0,12613.44,0,142.52,12755.96,Debit Card,New,Delivered,3.3,
ORD104564,04-04-2025,CUST1036,Customer_4564,Delhi,Electronics,Novel,Store,1,3780.94,15,3780.94,567.14,243.1,3456.9,Credit Card,Returning,Cancelled,2.1,
ORD104565,30-05-2025,CUST1101,Customer_4565,Hyderabad,Accessories,Blender,Mobile App,2,2185.34,25,4370.68,1092.67,144.71,3422.72,UPI,VIP,Returned,2.5,
ORD104566,03-09-2025,CUST1546,Customer_4566,Kolkata,Beauty,T-Shirt,Website,1,12758.7,5,12758.7,637.93,102.72,12223.49,Cash on Delivery,Returning,Returned,3.4,
ORD104567,16-10-2025,CUST1889,Customer_4567,Pune,Accessories,Laptop,Website,5,9304.72,20,46523.6,9304.72,262.75,37481.63,UPI,Returning,Returned,2.6,
ORD104568,28-07-2025,CUST1039,Customer_4568,Pune,Books,Watch,Marketplace,3,2919.69,25,8759.07,2189.77,191.14,6760.44,Net Banking,New,Delivered,1.9,
ORD104569,06-05-2025,CUST1211,Customer_4569,Kolkata,Clothing,Laptop,Website,4,2781.56,15,11126.24,1668.94,189.71,9647.01,Cash on Delivery,Returning,Delivered,2.7,
ORD104570,23-08-2025,CUST1742,Customer_4570,Kolkata,Home & Kitchen,Headphones,Mobile App,1,13114.58,0,13114.58,0,194.92,13309.5,Credit Card,VIP,Returned,1.9,
ORD104571,02-05-2025,CUST1791,Customer_4571,Hyderabad,Home & Kitchen,Blender,Store,5,11179.55,5,55897.75,2794.89,224.09,53326.95,Cash on Delivery,Returning,Delivered,4.5,
ORD104572,18-05-2025,CUST1592,Customer_4572,Pune,Accessories,T-Shirt,Marketplace,3,9942.08,0,29826.24,0,114.53,29940.77,Net Banking,New,Cancelled,3.8,
ORD104573,25-04-2025,CUST1750,Customer_4573,Surat,Accessories,Football,Marketplace,2,6191.93,20,12383.86,2476.77,39.14,9946.23,UPI,Returning,Returned,2.5,
ORD104574,11-06-2025,CUST1172,Customer_4574,Mumbai,Accessories,Headphones,Website,3,4040.34,20,12121.02,2424.2,248.86,9945.68,Credit Card,New,Delivered,4.8,
ORD104575,20-07-2025,CUST1838,Customer_4575,Jaipur,Electronics,Headphones,Marketplace,2,14694.84,10,29389.68,2938.97,64.8,26515.51,Debit Card,New,Returned,2.6,
ORD104576,22-08-2025,CUST1442,Customer_4576,Jaipur,Books,T-Shirt,Marketplace,2,11989.01,5,23978.02,1198.9,224.89,23004.01,Debit Card,New,Cancelled,3.3,
ORD104577,28-01-2025,CUST1059,Customer_4577,Chennai,Beauty,Laptop,Store,1,4631.42,0,4631.42,0,52.23,4683.65,UPI,VIP,Cancelled,3,
ORD104578,11-01-2025,CUST1410,Customer_4578,Jaipur,Accessories,Headphones,Marketplace,1,12736.34,15,12736.34,1910.45,131.33,10957.22,Credit Card,Returning,Returned,1.5,
ORD104579,25-07-2025,CUST1534,Customer_4579,Delhi,Clothing,Blender,Store,3,11420.14,15,34260.42,5139.06,47.02,29168.38,Credit Card,New,Delivered,2.7,
ORD104580,16-06-2025,CUST1365,Customer_4580,Delhi,Grocery,T-Shirt,Mobile App,5,4561.65,20,22808.25,4561.65,171,18417.6,Cash on Delivery,Returning,Delivered,1.3,
ORD104581,04-09-2025,CUST1367,Customer_4581,Mumbai,Accessories,Watch,Marketplace,3,6484.31,15,19452.93,2917.94,206.35,16741.34,UPI,Returning,Delivered,1.7,
ORD104582,16-02-2025,CUST1344,Customer_4582,Ahmedabad,Beauty,Skincare Kit,Mobile App,4,2911.41,20,11645.64,2329.13,76.29,9392.8,Cash on Delivery,New,Returned,4.2,
ORD104583,03-09-2025,CUST1750,Customer_4583,Delhi,Beauty,Headphones,Store,2,1799.13,15,3598.26,539.74,130.34,3188.86,UPI,Returning,Delivered,2.2,
ORD104584,07-05-2025,CUST1296,Customer_4584,Delhi,Beauty,Novel,Marketplace,2,10883.02,10,21766.04,2176.6,281.16,19870.6,Net Banking,New,Cancelled,1.4,
ORD104585,27-05-2025,CUST1341,Customer_4585,Chennai,Books,Shoes,Website,1,4122.55,5,4122.55,206.13,149.45,4065.87,UPI,Returning,Delivered,3.9,
ORD104586,28-04-2025,CUST1606,Customer_4586,Surat,Clothing,T-Shirt,Website,5,12327.88,20,61639.4,12327.88,246.69,49558.21,Cash on Delivery,New,Delivered,4.2,
ORD104587,01-06-2025,CUST1756,Customer_4587,Kolkata,Books,Blender,Marketplace,1,14934.79,15,14934.79,2240.22,280.34,12974.91,Credit Card,VIP,Delivered,3.3,
ORD104588,13-03-2025,CUST1523,Customer_4588,Ahmedabad,Grocery,Novel,Store,4,1287.8,5,5151.2,257.56,293.07,5186.71,UPI,New,Delivered,4.7,
ORD104589,29-12-2025,CUST1629,Customer_4589,Jaipur,Beauty,Groceries Pack,Website,3,7174.57,0,21523.71,0,272.55,21796.26,Credit Card,New,Delivered,4.4,
ORD104590,17-05-2025,CUST1265,Customer_4590,Ahmedabad,Grocery,Laptop,Mobile App,3,12060.63,5,36181.89,1809.09,115.7,34488.5,Net Banking,New,Delivered,3.2,
ORD104591,24-06-2025,CUST1524,Customer_4591,Delhi,Grocery,Shoes,Store,5,11865.92,10,59329.6,5932.96,289.89,53686.53,Debit Card,Returning,Delivered,3.9,
ORD104592,16-10-2025,CUST1666,Customer_4592,Bengaluru,Books,Skincare Kit,Store,1,11435.96,5,11435.96,571.8,249.35,11113.51,Debit Card,Returning,Returned,2.3,
ORD104593,19-01-2025,CUST1038,Customer_4593,Jaipur,Accessories,Skincare Kit,Marketplace,1,5332.57,0,5332.57,0,256.04,5588.61,Cash on Delivery,New,Delivered,3.5,
ORD104594,14-07-2025,CUST1131,Customer_4594,Ahmedabad,Accessories,Groceries Pack,Mobile App,4,6889.72,10,27558.88,2755.89,34.1,24837.09,UPI,New,Delivered,4.9,
ORD104595,26-11-2025,CUST1382,Customer_4595,Mumbai,Home & Kitchen,Laptop,Store,3,8985.28,0,26955.84,0,287.64,27243.48,Net Banking,Returning,Returned,4.2,
ORD104596,24-06-2025,CUST1225,Customer_4596,Pune,Electronics,Blender,Marketplace,1,14613.02,20,14613.02,2922.6,240.08,11930.5,Net Banking,Returning,Cancelled,2.5,
ORD104597,20-12-2025,CUST1143,Customer_4597,Hyderabad,Sports,Watch,Mobile App,5,5014.08,10,25070.4,2507.04,237.35,22800.71,Credit Card,Returning,Returned,4.7,
ORD104598,21-05-2025,CUST1431,Customer_4598,Pune,Accessories,Laptop,Store,3,13858.69,10,41576.07,4157.61,52.01,37470.47,Cash on Delivery,Returning,Cancelled,4.3,
ORD104599,03-09-2025,CUST1389,Customer_4599,Delhi,Beauty,Skincare Kit,Website,4,4149.95,0,16599.8,0,92.79,16692.59,Net Banking,Returning,Delivered,1.1,
ORD104600,03-04-2025,CUST1054,Customer_4600,Surat,Grocery,Groceries Pack,Mobile App,5,14837.76,5,74188.8,3709.44,289.81,70769.17,UPI,New,Returned,4,
ORD104601,27-08-2025,CUST1024,Customer_4601,Chennai,Home & Kitchen,Shoes,Store,2,10103.42,5,20206.84,1010.34,165.18,19361.68,Net Banking,Returning,Cancelled,4.9,
ORD104602,24-07-2025,CUST1395,Customer_4602,Ahmedabad,Books,Watch,Mobile App,4,7033.15,20,28132.6,5626.52,137.42,22643.5,Debit Card,Returning,Delivered,2.3,
ORD104603,17-02-2025,CUST1633,Customer_4603,Mumbai,Grocery,Watch,Website,5,9258.85,15,46294.25,6944.14,256.78,39606.89,Cash on Delivery,New,Delivered,2.1,
ORD104604,02-09-2025,CUST1119,Customer_4604,Kolkata,Home & Kitchen,Groceries Pack,Store,1,4197.09,0,4197.09,0,53.58,4250.67,Credit Card,New,Cancelled,3.6,
ORD104605,16-11-2025,CUST1673,Customer_4605,Bengaluru,Electronics,T-Shirt,Website,2,4221.48,10,8442.96,844.3,142.57,7741.23,UPI,Returning,Returned,1.4,
ORD104606,13-11-2025,CUST1983,Customer_4606,Jaipur,Electronics,Football,Marketplace,4,1836.28,0,7345.12,0,131.44,7476.56,Debit Card,Returning,Delivered,3.7,
ORD104607,22-10-2025,CUST1586,Customer_4607,Kolkata,Sports,Blender,Marketplace,1,1843.65,25,1843.65,460.91,124.46,1507.2,Net Banking,Returning,Returned,1.9,
ORD104608,08-05-2025,CUST1185,Customer_4608,Chennai,Sports,Watch,Store,2,5312.93,25,10625.86,2656.46,113.08,8082.48,Cash on Delivery,New,Delivered,2.8,
ORD104609,10-12-2025,CUST1948,Customer_4609,Ahmedabad,Grocery,Laptop,Store,3,11478.4,10,34435.2,3443.52,86.72,31078.4,Cash on Delivery,New,Delivered,4.6,
ORD104610,09-10-2025,CUST1192,Customer_4610,Pune,Accessories,Football,Mobile App,1,9178.37,15,9178.37,1376.76,76.69,7878.3,UPI,New,Cancelled,4.2,
ORD104611,17-01-2025,CUST1939,Customer_4611,Hyderabad,Sports,Novel,Store,5,1673.38,20,8366.9,1673.38,202.91,6896.43,Credit Card,VIP,Returned,1.4,
ORD104612,12-03-2025,CUST1732,Customer_4612,Jaipur,Clothing,Skincare Kit,Marketplace,4,12805.71,15,51222.84,7683.43,278.24,43817.65,Debit Card,VIP,Cancelled,4,
ORD104613,26-09-2025,CUST1487,Customer_4613,Surat,Clothing,Laptop,Store,2,9080.31,15,18160.62,2724.09,167.39,15603.92,Credit Card,New,Delivered,2.6,
ORD104614,21-11-2025,CUST1633,Customer_4614,Jaipur,Home & Kitchen,Groceries Pack,Mobile App,1,14418.71,25,14418.71,3604.68,110.45,10924.48,UPI,New,Delivered,5,
ORD104615,09-10-2025,CUST1721,Customer_4615,Kolkata,Books,Football,Marketplace,3,10102.25,10,30306.75,3030.68,72.97,27349.04,UPI,New,Delivered,2.2,
ORD104616,01-11-2025,CUST1384,Customer_4616,Kolkata,Electronics,Skincare Kit,Store,4,2751.35,10,11005.4,1100.54,254.14,10159,Debit Card,New,Delivered,2.9,
ORD104617,07-01-2025,CUST1812,Customer_4617,Bengaluru,Beauty,Shoes,Website,4,7185.68,20,28742.72,5748.54,292.3,23286.48,Cash on Delivery,New,Delivered,2.4,
ORD104618,10-11-2025,CUST1346,Customer_4618,Hyderabad,Accessories,T-Shirt,Website,1,9780.19,15,9780.19,1467.03,124.27,8437.43,Cash on Delivery,New,Returned,3.3,
ORD104619,01-11-2025,CUST1473,Customer_4619,Delhi,Electronics,Shoes,Website,3,569.73,15,1709.19,256.38,108.56,1561.37,Debit Card,Returning,Cancelled,2.1,
ORD104620,13-04-2025,CUST1676,Customer_4620,Ahmedabad,Clothing,Laptop,Website,2,371.42,0,742.84,0,192.4,935.24,Credit Card,Returning,Returned,4.7,
ORD104621,05-11-2025,CUST1780,Customer_4621,Hyderabad,Home & Kitchen,Groceries Pack,Mobile App,1,2071.63,5,2071.63,103.58,239.34,2207.39,Debit Card,New,Delivered,3.5,
ORD104622,12-07-2025,CUST1952,Customer_4622,Ahmedabad,Beauty,Headphones,Website,2,3887.22,0,7774.44,0,152.96,7927.4,Cash on Delivery,Returning,Delivered,4.8,
ORD104623,29-08-2025,CUST1003,Customer_4623,Kolkata,Sports,Headphones,Website,4,6528.8,10,26115.2,2611.52,200.12,23703.8,Credit Card,Returning,Delivered,3.7,
ORD104624,03-03-2025,CUST1050,Customer_4624,Hyderabad,Sports,T-Shirt,Store,2,7388.49,10,14776.98,1477.7,223.47,13522.75,Net Banking,New,Cancelled,1.7,
ORD104625,17-01-2025,CUST1925,Customer_4625,Ahmedabad,Clothing,Laptop,Website,3,2199.71,25,6599.13,1649.78,289.36,5238.71,Credit Card,Returning,Delivered,1.1,
ORD104626,20-06-2025,CUST1876,Customer_4626,Unkonwn,Home & Kitchen,Watch,Website,5,10149.86,10,50749.3,5074.93,74.56,45748.93,Cash on Delivery,New,Delivered,2.6,
ORD104627,25-01-2025,CUST1504,Customer_4627,Ahmedabad,Grocery,T-Shirt,Store,3,9002.65,15,27007.95,4051.19,299.29,23256.05,UPI,New,Delivered,5,
ORD104628,08-09-2025,CUST1984,Customer_4628,Mumbai,Books,Shoes,Marketplace,2,4522.79,5,9045.58,452.28,135.88,8729.18,Credit Card,New,Delivered,4.5,
ORD104629,10-09-2025,CUST1211,Customer_4629,Hyderabad,Electronics,Groceries Pack,Mobile App,1,352.85,20,352.85,70.57,225.26,507.54,Credit Card,VIP,Cancelled,4.4,
ORD104630,26-07-2025,CUST1973,Customer_4630,Chennai,Clothing,Blender,Mobile App,4,1303.07,10,5212.28,521.23,184.55,4875.6,UPI,Returning,Delivered,3.3,
ORD104631,29-01-2025,CUST1528,Customer_4631,Ahmedabad,Books,Skincare Kit,Marketplace,5,5966.67,15,29833.35,4475,161.4,25519.75,Cash on Delivery,New,Delivered,1.4,
ORD104632,27-04-2025,CUST1680,Customer_4632,Surat,Books,Laptop,Store,1,2436.52,5,2436.52,121.83,218.48,2533.17,Net Banking,Returning,Delivered,1.1,
ORD104633,09-10-2025,CUST1283,Customer_4633,Pune,Electronics,T-Shirt,Marketplace,1,5745.77,10,5745.77,574.58,136.85,5308.04,Net Banking,New,Cancelled,4.4,
ORD104634,24-05-2025,CUST1379,Customer_4634,Hyderabad,Beauty,Football,Mobile App,3,9478.51,10,28435.53,2843.55,64.05,25656.03,Debit Card,VIP,Cancelled,1.7,
ORD104635,25-01-2025,CUST1326,Customer_4635,Bengaluru,Electronics,Football,Mobile App,2,8276.48,10,16552.96,1655.3,162,15059.66,Net Banking,Returning,Delivered,1.3,
ORD104636,06-11-2025,CUST1298,Customer_4636,Hyderabad,Beauty,Watch,Marketplace,3,3582.96,20,10748.88,2149.78,170.92,8770.02,Net Banking,Returning,Delivered,3.8,
ORD104637,05-06-2025,CUST1697,Customer_4637,Pune,Accessories,Laptop,Website,2,5255.76,20,10511.52,2102.3,84.51,8493.73,Credit Card,Returning,Delivered,1,
ORD104638,14-03-2025,CUST1138,Customer_4638,Chennai,Books,Groceries Pack,Mobile App,3,9268.36,25,27805.08,6951.27,282.62,21136.43,Debit Card,Returning,Delivered,4,
ORD104639,30-04-2025,CUST1125,Customer_4639,Bengaluru,Home & Kitchen,Laptop,Marketplace,1,12933.7,15,12933.7,1940.06,91.42,11085.06,Net Banking,VIP,Cancelled,1.8,
ORD104640,08-11-2025,CUST1934,Customer_4640,Ahmedabad,Clothing,Football,Website,4,11335.22,25,45340.88,11335.22,140.49,34146.15,Credit Card,Returning,Returned,2.3,
ORD104641,17-11-2025,CUST1392,Customer_4641,Mumbai,Electronics,Headphones,Website,2,8367.99,20,16735.98,3347.2,71.83,13460.61,Debit Card,New,Delivered,1.7,
ORD104642,03-04-2025,CUST1402,Customer_4642,Hyderabad,Home & Kitchen,Groceries Pack,Store,5,5530.05,5,27650.25,1382.51,174.67,26442.41,Credit Card,New,Delivered,4.1,
ORD104643,27-03-2025,CUST1480,Customer_4643,Surat,Home & Kitchen,Groceries Pack,Marketplace,5,5571.01,5,27855.05,1392.75,113.06,26575.36,UPI,New,Delivered,2.9,
ORD104644,02-12-2025,CUST1401,Customer_4644,Mumbai,Electronics,Groceries Pack,Mobile App,1,13209.35,0,13209.35,0,162.1,13371.45,Cash on Delivery,New,Delivered,1.7,
ORD104645,30-12-2025,CUST1570,Customer_4645,Pune,Sports,Shoes,Store,3,732.77,0,2198.31,0,90.65,2288.96,Cash on Delivery,New,Delivered,1.2,
ORD104646,28-04-2025,CUST1362,Customer_4646,Bengaluru,Books,Skincare Kit,Mobile App,3,14821.54,0,44464.62,0,44.52,44509.14,Cash on Delivery,New,Delivered,4.9,
ORD104647,21-08-2025,CUST1066,Customer_4647,Chennai,Sports,Headphones,Website,1,10015.97,0,10015.97,0,240.39,10256.36,Net Banking,New,Returned,3.9,
ORD104648,18-07-2025,CUST1428,Customer_4648,Bengaluru,Beauty,T-Shirt,Marketplace,5,10264.89,15,51324.45,7698.67,203.09,43828.87,Cash on Delivery,Returning,Cancelled,3.7,
ORD104649,25-07-2025,CUST1852,Customer_4649,Chennai,Accessories,Skincare Kit,Website,5,714.27,5,3571.35,178.57,122,3514.78,Cash on Delivery,Returning,Delivered,3,
ORD104650,05-12-2025,CUST1714,Customer_4650,Jaipur,Home & Kitchen,Laptop,Website,3,9142.11,5,27426.33,1371.32,42.82,26097.83,Debit Card,New,Delivered,2.7,
ORD104651,27-05-2025,CUST1521,Customer_4651,Chennai,Clothing,Football,Website,2,7348.95,15,14697.9,2204.68,263.71,12756.93,Debit Card,New,Returned,4.2,
ORD104652,28-09-2025,CUST1432,Customer_4652,Mumbai,Clothing,Headphones,Marketplace,4,1720.82,20,6883.28,1376.66,75.84,5582.46,Debit Card,New,Returned,4.3,
ORD104653,19-05-2025,CUST1935,Customer_4653,Ahmedabad,Home & Kitchen,Novel,Store,2,4277.14,25,8554.28,2138.57,281.3,6697.01,Net Banking,VIP,Delivered,1.2,
ORD104654,30-06-2025,CUST1105,Customer_4654,Pune,Sports,Blender,Mobile App,5,13371.17,10,66855.85,6685.58,159.22,60329.49,Cash on Delivery,Returning,Delivered,4.4,
ORD104655,30-01-2025,CUST1089,Customer_4655,Chennai,Books,Football,Website,2,8317.33,10,16634.66,1663.47,121.9,15093.09,Net Banking,VIP,Delivered,4,
ORD104656,26-02-2025,CUST1601,Customer_4656,Ahmedabad,Home & Kitchen,Novel,Mobile App,4,6289.24,5,25156.96,1257.85,230.28,24129.39,Net Banking,VIP,Returned,2.9,
ORD104657,20-08-2025,CUST1856,Customer_4657,Jaipur,Grocery,T-Shirt,Mobile App,2,1229.33,0,2458.66,0,266.75,2725.41,Net Banking,VIP,Cancelled,2.9,
ORD104658,26-05-2025,CUST1006,Customer_4658,Delhi,Beauty,Skincare Kit,Store,2,10754.7,0,21509.4,0,130.09,21639.49,Net Banking,New,Delivered,4.3,
ORD104659,17-02-2025,CUST1158,Customer_4659,Chennai,Home & Kitchen,Groceries Pack,Marketplace,2,10587.33,5,21174.66,1058.73,139.98,20255.91,Net Banking,Returning,Delivered,4.2,
ORD104660,13-07-2025,CUST1379,Customer_4660,Delhi,Electronics,Shoes,Mobile App,2,9268.55,25,18537.1,4634.27,146.95,14049.78,Net Banking,VIP,Returned,1.6,
ORD104661,12-08-2025,CUST1330,Customer_4661,Bengaluru,Sports,Watch,Store,1,7727.4,0,7727.4,0,279.03,8006.43,Cash on Delivery,New,Delivered,3.2,
ORD104662,16-05-2025,CUST1103,Customer_4662,Jaipur,Electronics,Football,Mobile App,5,6591.7,0,32958.5,0,216.99,33175.49,Debit Card,Returning,Cancelled,4.9,
ORD104663,22-01-2025,CUST1223,Customer_4663,Mumbai,Electronics,Laptop,Website,4,8960.08,0,35840.32,0,96.86,35937.18,Credit Card,New,Delivered,3.9,
ORD104664,06-01-2025,CUST1402,Customer_4664,Hyderabad,Home & Kitchen,Football,Store,5,3615.92,15,18079.6,2711.94,79.95,15447.61,Credit Card,New,Delivered,4.9,
ORD104665,23-07-2025,CUST1683,Customer_4665,Surat,Books,Groceries Pack,Marketplace,1,14127.7,5,14127.7,706.38,92.2,13513.52,Credit Card,VIP,Delivered,4.1,
ORD104666,27-08-2025,CUST1545,Customer_4666,Kolkata,Home & Kitchen,Watch,Marketplace,1,8893.6,10,8893.6,889.36,101.16,8105.4,UPI,Returning,Returned,3.1,
ORD104667,04-07-2025,CUST1509,Customer_4667,Surat,Books,Novel,Website,1,4771.21,0,4771.21,0,92.15,4863.36,Debit Card,Returning,Cancelled,3.4,
ORD104668,26-12-2025,CUST1693,Customer_4668,Kolkata,Clothing,Shoes,Website,1,6827.75,5,6827.75,341.39,207.8,6694.16,Cash on Delivery,Returning,Delivered,3.8,
ORD104669,19-10-2025,CUST1184,Customer_4669,Pune,Books,T-Shirt,Mobile App,2,12114.42,0,24228.84,0,61.3,24290.14,Net Banking,Returning,Returned,3.9,
ORD104670,01-12-2025,CUST1915,Customer_4670,Delhi,Accessories,Football,Store,5,2550,10,12750,1275,134.59,11609.59,Credit Card,Returning,Cancelled,4,
ORD104671,08-08-2025,CUST1087,Customer_4671,Hyderabad,Electronics,Laptop,Store,3,4498.61,0,13495.83,0,198.76,13694.59,Debit Card,VIP,Delivered,4.7,
ORD104672,26-04-2025,CUST1581,Customer_4672,Kolkata,Accessories,Novel,Store,4,10240.69,15,40962.76,6144.41,108.53,34926.88,Cash on Delivery,VIP,Delivered,2.2,
ORD104673,09-11-2025,CUST1380,Customer_4673,Hyderabad,Home & Kitchen,Laptop,Store,1,4835.01,10,4835.01,483.5,47.62,4399.13,Credit Card,Returning,Delivered,4.3,
ORD104674,18-02-2025,CUST1538,Customer_4674,Bengaluru,Accessories,Football,Mobile App,5,11918.65,15,59593.25,8938.99,52.09,50706.35,Debit Card,Returning,Returned,3.3,
ORD104675,22-06-2025,CUST1413,Customer_4675,Pune,Clothing,Skincare Kit,Store,1,2087.23,5,2087.23,104.36,64.01,2046.88,Cash on Delivery,New,Delivered,4.5,
ORD104676,23-03-2025,CUST1920,Customer_4676,Chennai,Grocery,Watch,Store,1,11475.89,5,11475.89,573.79,255.68,11157.78,Debit Card,New,Cancelled,3.5,
ORD104677,18-11-2025,CUST1518,Customer_4677,Surat,Electronics,Novel,Marketplace,1,1165.02,0,1165.02,0,207.62,1372.64,Net Banking,New,Delivered,4.7,
ORD104678,29-11-2025,CUST1768,Customer_4678,Delhi,Clothing,Skincare Kit,Marketplace,1,337,10,337,33.7,47.42,350.72,Debit Card,New,Delivered,2.7,
ORD104679,14-02-2025,CUST1694,Customer_4679,Kolkata,Sports,Blender,Mobile App,1,13488.62,10,13488.62,1348.86,135.59,12275.35,Debit Card,New,Delivered,1.4,
ORD104680,01-12-2025,CUST1295,Customer_4680,Ahmedabad,Beauty,Groceries Pack,Website,4,8782.89,10,35131.56,3513.16,105.22,31723.62,UPI,New,Delivered,3.6,
ORD104681,20-01-2025,CUST1260,Customer_4681,Jaipur,Electronics,Shoes,Marketplace,5,5374.63,15,26873.15,4030.97,186.07,23028.25,Net Banking,New,Delivered,4.1,
ORD104682,09-08-2025,CUST1384,Customer_4682,Pune,Home & Kitchen,Football,Website,1,3604.03,20,3604.03,720.81,171.16,3054.38,Debit Card,Returning,Delivered,3.8,
ORD104683,03-05-2025,CUST1826,Customer_4683,Surat,Books,Skincare Kit,Mobile App,1,9310.75,15,9310.75,1396.61,159.9,8074.04,Net Banking,New,Delivered,3.9,
ORD104684,22-08-2025,CUST1304,Customer_4684,Kolkata,Sports,Watch,Marketplace,1,7708.68,0,7708.68,0,114.92,7823.6,Debit Card,Returning,Delivered,1.1,
ORD104685,09-08-2025,CUST1316,Customer_4685,Mumbai,Accessories,Skincare Kit,Marketplace,1,14875.23,10,14875.23,1487.52,67.21,13454.92,Net Banking,New,Returned,4.9,
ORD104686,19-11-2025,CUST1746,Customer_4686,Ahmedabad,Grocery,Blender,Mobile App,2,14750.76,0,29501.52,0,230.44,29731.96,Cash on Delivery,Returning,Delivered,2.1,
ORD104687,05-12-2025,CUST1794,Customer_4687,Surat,Clothing,Headphones,Store,2,9580.11,15,19160.22,2874.03,267.56,16553.75,Credit Card,VIP,Delivered,2.7,
ORD104688,03-01-2025,CUST1719,Customer_4688,Chennai,Beauty,Shoes,Mobile App,3,6726.63,5,20179.89,1008.99,284.92,19455.82,UPI,New,Delivered,2.7,
ORD104689,01-07-2025,CUST1077,Customer_4689,Surat,Books,Laptop,Website,1,7443.44,0,7443.44,0,45.83,7489.27,Credit Card,VIP,Cancelled,4.6,
ORD104690,25-07-2025,CUST1680,Customer_4690,Kolkata,Electronics,Groceries Pack,Website,3,10284.81,20,30854.43,6170.89,229.78,24913.32,Debit Card,Returning,Delivered,4,
ORD104691,16-11-2025,CUST1854,Customer_4691,Pune,Beauty,Groceries Pack,Store,4,1658.38,10,6633.52,663.35,226.16,6196.33,Debit Card,New,Returned,3.5,
ORD104692,09-02-2025,CUST1379,Customer_4692,Bengaluru,Accessories,Novel,Mobile App,3,5026.03,5,15078.09,753.9,285.72,14609.91,Cash on Delivery,New,Cancelled,1.5,
ORD104693,28-02-2025,CUST1461,Customer_4693,Bengaluru,Sports,Shoes,Mobile App,5,1267.79,0,6338.95,0,98.29,6437.24,Debit Card,VIP,Cancelled,2.3,
ORD104694,03-03-2025,CUST1056,Customer_4694,Jaipur,Accessories,Blender,Store,2,1239.41,10,2478.82,247.88,230.39,2461.33,Net Banking,Returning,Delivered,3,
ORD104695,12-05-2025,CUST1807,Customer_4695,Ahmedabad,Beauty,Laptop,Mobile App,2,3058.21,25,6116.42,1529.1,44.75,4632.07,Credit Card,New,Cancelled,1.5,
ORD104696,01-03-2025,CUST1081,Customer_4696,Ahmedabad,Accessories,Shoes,Marketplace,1,7356.01,10,7356.01,735.6,200.44,6820.85,Debit Card,VIP,Delivered,3.3,
ORD104697,27-11-2025,CUST1996,Customer_4697,Jaipur,Electronics,Shoes,Mobile App,1,11803.9,25,11803.9,2950.98,124.73,8977.65,Cash on Delivery,Returning,Delivered,1.9,
ORD104698,02-05-2025,CUST1679,Customer_4698,Mumbai,Sports,Blender,Marketplace,4,7359.61,0,29438.44,0,237.61,29676.05,UPI,Returning,Returned,4.3,
ORD104699,17-04-2025,CUST1176,Customer_4699,Surat,Clothing,Headphones,Mobile App,4,5131.83,10,20527.32,2052.73,263.09,18737.68,Credit Card,VIP,Delivered,4.3,
ORD104700,06-04-2025,CUST1793,Customer_4700,Hyderabad,Electronics,Headphones,Marketplace,5,1372.94,15,6864.7,1029.7,128.5,5963.5,Cash on Delivery,Returning,Delivered,3.4,
ORD104701,13-12-2025,CUST1930,Customer_4701,Mumbai,Beauty,Headphones,Website,1,8321.89,10,8321.89,832.19,171.91,7661.61,Cash on Delivery,New,Delivered,2.4,
ORD104702,23-08-2025,CUST1383,Customer_4702,Pune,Electronics,Novel,Store,1,4178.34,0,4178.34,0,61.7,4240.04,Credit Card,Returning,Delivered,1.2,
ORD104703,03-03-2025,CUST1149,Customer_4703,Delhi,Accessories,Headphones,Website,4,9281.77,10,37127.08,3712.71,142.56,33556.93,Cash on Delivery,Returning,Delivered,3.5,
ORD104704,13-09-2025,CUST1768,Customer_4704,Chennai,Accessories,Skincare Kit,Marketplace,4,14661.24,10,58644.96,5864.5,127.42,52907.88,UPI,New,Delivered,4.1,
ORD104705,18-02-2025,CUST1281,Customer_4705,Kolkata,Accessories,Headphones,Store,4,1803.02,15,7212.08,1081.81,79.44,6209.71,UPI,New,Delivered,4.2,
ORD104706,14-12-2025,CUST1345,Customer_4706,Mumbai,Sports,Novel,Website,2,3300.06,15,6600.12,990.02,271.51,5881.61,Debit Card,New,Delivered,2.9,
ORD104707,08-06-2025,CUST1790,Customer_4707,Chennai,Beauty,Laptop,Website,3,7175.45,15,21526.35,3228.95,69.98,18367.38,Net Banking,New,Delivered,1.6,
ORD104708,04-05-2025,CUST1791,Customer_4708,Jaipur,Clothing,Headphones,Marketplace,3,14533.92,15,43601.76,6540.26,201.65,37263.15,Debit Card,New,Delivered,1.3,
ORD104709,13-11-2025,CUST1409,Customer_4709,Surat,Grocery,Blender,Mobile App,1,11611.38,0,11611.38,0,270.34,11881.72,Net Banking,Returning,Delivered,1.2,
ORD104710,26-07-2025,CUST1718,Customer_4710,Jaipur,Grocery,Skincare Kit,Mobile App,2,13488.7,5,26977.4,1348.87,276.23,25904.76,Credit Card,Returning,Delivered,2,
ORD104711,17-02-2025,CUST1974,Customer_4711,Chennai,Books,Groceries Pack,Marketplace,4,5105.67,15,20422.68,3063.4,244.17,17603.45,Cash on Delivery,New,Returned,1.6,
ORD104712,16-05-2025,CUST1922,Customer_4712,Bengaluru,Home & Kitchen,Skincare Kit,Website,1,14881.77,25,14881.77,3720.44,77.56,11238.89,Debit Card,Returning,Delivered,1.7,
ORD104713,20-07-2025,CUST2000,Customer_4713,Bengaluru,Clothing,Novel,Mobile App,2,1677.07,0,3354.14,0,250.71,3604.85,Cash on Delivery,Returning,Delivered,3.8,
ORD104714,07-09-2025,CUST1030,Customer_4714,Surat,Electronics,Football,Mobile App,5,936.65,10,4683.25,468.32,104.67,4319.6,Debit Card,New,Delivered,1.7,
ORD104715,10-11-2025,CUST1730,Customer_4715,Kolkata,Home & Kitchen,Laptop,Website,2,12855.7,5,25711.4,1285.57,279.05,24704.88,Debit Card,New,Delivered,3.8,
ORD104716,23-12-2025,CUST1422,Customer_4716,Surat,Books,Headphones,Marketplace,1,13919.88,0,13919.88,0,221.45,14141.33,UPI,New,Delivered,2.4,
ORD104717,14-11-2025,CUST1982,Customer_4717,Kolkata,Books,Shoes,Marketplace,3,1495.19,10,4485.57,448.56,242.02,4279.03,Net Banking,Returning,Delivered,4.1,
ORD104718,22-10-2025,CUST1231,Customer_4718,Pune,Accessories,Laptop,Mobile App,4,1834.4,10,7337.6,733.76,52.96,6656.8,Credit Card,New,Delivered,1.6,
ORD104719,10-11-2025,CUST1359,Customer_4719,Chennai,Sports,Novel,Marketplace,5,642.64,0,3213.2,0,187.35,3400.55,Cash on Delivery,New,Delivered,1.1,
ORD104720,28-07-2025,CUST1162,Customer_4720,Chennai,Books,Shoes,Website,2,1701.94,15,3403.88,510.58,251.71,3145.01,Debit Card,New,Delivered,1.4,
ORD104721,21-12-2025,CUST1729,Customer_4721,Kolkata,Grocery,Football,Marketplace,1,3259.88,20,3259.88,651.98,262.63,2870.53,Cash on Delivery,VIP,Returned,4.9,
ORD104722,30-07-2025,CUST1228,Customer_4722,Chennai,Beauty,Football,Store,1,14555.64,25,14555.64,3638.91,37.73,10954.46,UPI,Returning,Delivered,3.2,
ORD104723,11-07-2025,CUST1845,Customer_4723,Jaipur,Accessories,Novel,Marketplace,4,10067.72,0,40270.88,0,283.57,40554.45,Credit Card,Returning,Delivered,3.4,
ORD104724,13-02-2025,CUST1221,Customer_4724,Chennai,Beauty,Groceries Pack,Marketplace,1,11711.51,10,11711.51,1171.15,41.7,10582.06,Net Banking,VIP,Delivered,4.9,
ORD104725,29-01-2025,CUST1746,Customer_4725,Bengaluru,Sports,Groceries Pack,Marketplace,1,11675.67,5,11675.67,583.78,195.92,11287.81,Net Banking,New,Delivered,4.1,
ORD104726,28-02-2025,CUST1073,Customer_4726,Mumbai,Books,Football,Store,4,8095.85,5,32383.4,1619.17,217.21,30981.44,Debit Card,Returning,Delivered,1.5,
ORD104727,12-03-2025,CUST1399,Customer_4727,Delhi,Electronics,Groceries Pack,Website,5,11992.71,10,59963.55,5996.36,58.98,54026.17,Credit Card,New,Delivered,2.7,
ORD104728,02-04-2025,CUST1095,Customer_4728,Chennai,Clothing,Blender,Marketplace,3,8997.74,15,26993.22,4048.98,42.96,22987.2,Net Banking,New,Delivered,4.3,
ORD104729,22-09-2025,CUST1940,Customer_4729,Unkonwn,Accessories,Watch,Mobile App,3,4821.01,0,14463.03,0,241.93,14704.96,Credit Card,Returning,Delivered,3.7,
ORD104730,08-08-2025,CUST1475,Customer_4730,Mumbai,Grocery,Shoes,Marketplace,2,8482.49,25,16964.98,4241.24,133.86,12857.6,Cash on Delivery,Returning,Delivered,1.9,
ORD104731,03-08-2025,CUST1095,Customer_4731,Chennai,Home & Kitchen,T-Shirt,Store,5,8072.6,20,40363,8072.6,58.92,32349.32,UPI,New,Delivered,4.2,
ORD104732,04-10-2025,CUST1906,Customer_4732,Bengaluru,Sports,Skincare Kit,Store,2,12378.28,15,24756.56,3713.48,235.92,21279,Credit Card,New,Delivered,3.2,
ORD104733,05-03-2025,CUST1755,Customer_4733,Chennai,Accessories,Watch,Mobile App,3,14728.65,15,44185.95,6627.89,259.27,37817.33,Credit Card,New,Cancelled,4.2,
ORD104734,12-12-2025,CUST1885,Customer_4734,Pune,Books,Groceries Pack,Store,4,6253.98,5,25015.92,1250.8,188.59,23953.71,Net Banking,Returning,Delivered,3.5,
ORD104735,19-10-2025,CUST1805,Customer_4735,Chennai,Electronics,Shoes,Store,1,11486.35,15,11486.35,1722.95,73.53,9836.93,Debit Card,New,Delivered,2.9,
ORD104736,02-09-2025,CUST1775,Customer_4736,Hyderabad,Accessories,Headphones,Store,3,1631.48,5,4894.44,244.72,34.11,4683.83,Debit Card,Returning,Delivered,3.9,
ORD104737,03-03-2025,CUST1124,Customer_4737,Mumbai,Electronics,T-Shirt,Website,5,11685.95,20,58429.75,11685.95,219.22,46963.02,Cash on Delivery,VIP,Delivered,4.5,
ORD104738,28-11-2025,CUST1800,Customer_4738,Chennai,Home & Kitchen,T-Shirt,Store,3,5665.54,0,16996.62,0,178.54,17175.16,Net Banking,New,Cancelled,2.9,
ORD104739,19-06-2025,CUST1500,Customer_4739,Pune,Accessories,Headphones,Marketplace,5,734.94,5,3674.7,183.74,205.72,3696.68,Net Banking,VIP,Delivered,1.1,
ORD104740,26-09-2025,CUST1779,Customer_4740,Kolkata,Sports,Groceries Pack,Mobile App,5,5544.21,10,27721.05,2772.1,249.56,25198.51,UPI,New,Delivered,3.4,
ORD104741,24-09-2025,CUST1944,Customer_4741,Ahmedabad,Clothing,Shoes,Marketplace,5,9218.04,5,46090.2,2304.51,147.24,43932.93,Debit Card,Returning,Cancelled,1.4,
ORD104742,23-02-2025,CUST1621,Customer_4742,Ahmedabad,Grocery,T-Shirt,Marketplace,2,1920.86,5,3841.72,192.09,63.62,3713.25,Net Banking,Returning,Delivered,2.3,
ORD104743,16-01-2025,CUST1860,Customer_4743,Mumbai,Clothing,Watch,Mobile App,4,13871.91,10,55487.64,5548.76,283.8,50222.68,Cash on Delivery,New,Returned,3.2,
ORD104744,08-01-2025,CUST1964,Customer_4744,Jaipur,Sports,Skincare Kit,Website,3,1303.44,20,3910.32,782.06,177.22,3305.48,UPI,New,Returned,2.4,
ORD104745,14-04-2025,CUST1048,Customer_4745,Kolkata,Beauty,Novel,Website,4,13960.6,10,55842.4,5584.24,196.13,50454.29,Debit Card,VIP,Delivered,2.1,
ORD104746,28-02-2025,CUST1813,Customer_4746,Chennai,Grocery,Novel,Store,1,10650.99,5,10650.99,532.55,282.02,10400.46,Debit Card,New,Cancelled,1.1,
ORD104747,09-11-2025,CUST1095,Customer_4747,Ahmedabad,Books,Watch,Website,3,5046.23,0,15138.69,0,281.53,15420.22,Debit Card,Returning,Delivered,2.1,
ORD104748,09-02-2025,CUST1477,Customer_4748,Chennai,Clothing,Skincare Kit,Website,4,5952.64,5,23810.56,1190.53,184.47,22804.5,UPI,New,Delivered,2.5,
ORD104749,25-08-2025,CUST1033,Customer_4749,Jaipur,Beauty,Blender,Store,4,11151.02,10,44604.08,4460.41,110.36,40254.03,Cash on Delivery,Returning,Cancelled,2.2,
ORD104750,04-04-2025,CUST1118,Customer_4750,Chennai,Sports,Football,Website,1,9081.85,15,9081.85,1362.28,299.22,8018.79,Cash on Delivery,Returning,Cancelled,3.5,
ORD104751,10-08-2025,CUST1644,Customer_4751,Pune,Books,T-Shirt,Website,5,10123.9,0,50619.5,0,213.82,50833.32,Net Banking,Returning,Delivered,3.7,
ORD104752,23-07-2025,CUST1251,Customer_4752,Chennai,Electronics,Watch,Store,3,5929.09,0,17787.27,0,140.28,17927.55,Net Banking,New,Cancelled,4.1,
ORD104753,18-05-2025,CUST1303,Customer_4753,Surat,Sports,Headphones,Marketplace,3,7394.03,5,22182.09,1109.1,181.16,21254.15,Debit Card,Returning,Cancelled,1.7,
ORD104754,27-10-2025,CUST1122,Customer_4754,Mumbai,Electronics,Novel,Marketplace,1,14849.53,5,14849.53,742.48,142.28,14249.33,Credit Card,New,Delivered,3.5,
ORD104755,26-07-2025,CUST1218,Customer_4755,Kolkata,Accessories,Groceries Pack,Mobile App,5,3326.75,5,16633.75,831.69,269.84,16071.9,Net Banking,New,Delivered,2.7,
ORD104756,02-12-2025,CUST1053,Customer_4756,Mumbai,Sports,Skincare Kit,Website,3,6355.16,15,19065.48,2859.82,160.27,16365.93,Cash on Delivery,Returning,Returned,2.3,
ORD104757,22-03-2025,CUST1126,Customer_4757,Mumbai,Grocery,Shoes,Store,3,4483.57,5,13450.71,672.54,252.35,13030.52,Debit Card,Returning,Delivered,2.9,
ORD104758,06-08-2025,CUST1159,Customer_4758,Pune,Beauty,Skincare Kit,Store,3,11511.91,10,34535.73,3453.57,256.85,31339.01,Cash on Delivery,New,Delivered,2.9,
ORD104759,02-01-2025,CUST1671,Customer_4759,Jaipur,Books,Football,Website,5,11495.59,10,57477.95,5747.8,252.57,51982.72,Debit Card,Returning,Delivered,3.6,
ORD104760,27-06-2025,CUST1795,Customer_4760,Hyderabad,Beauty,Novel,Website,1,4492.82,0,4492.82,0,224.99,4717.81,UPI,Returning,Cancelled,3.2,
ORD104761,12-12-2025,CUST1601,Customer_4761,Kolkata,Books,T-Shirt,Store,3,1358.65,15,4075.95,611.39,260.82,3725.38,Net Banking,New,Delivered,3.5,
ORD104762,06-10-2025,CUST1176,Customer_4762,Hyderabad,Grocery,Skincare Kit,Store,4,319.78,10,1279.12,127.91,134.55,1285.76,UPI,Returning,Delivered,4.9,
ORD104763,26-05-2025,CUST1292,Customer_4763,Pune,Sports,Watch,Store,5,6497.64,10,32488.2,3248.82,60.96,29300.34,Net Banking,VIP,Delivered,4.2,
ORD104764,14-11-2025,CUST1945,Customer_4764,Ahmedabad,Electronics,Skincare Kit,Mobile App,2,6243.51,20,12487.02,2497.4,257.46,10247.08,Cash on Delivery,Returning,Delivered,2.2,
ORD104765,12-08-2025,CUST1159,Customer_4765,Jaipur,Sports,Watch,Marketplace,1,14827.59,0,14827.59,0,164.51,14992.1,Cash on Delivery,Returning,Delivered,3.1,
ORD104766,03-03-2025,CUST1491,Customer_4766,Delhi,Electronics,Football,Store,4,7126.56,20,28506.24,5701.25,64.39,22869.38,Credit Card,New,Delivered,1.9,
ORD104767,21-10-2025,CUST1761,Customer_4767,Mumbai,Beauty,Shoes,Marketplace,3,3957.81,10,11873.43,1187.34,61.13,10747.22,Cash on Delivery,Returning,Delivered,3.1,
ORD104768,27-08-2025,CUST1357,Customer_4768,Chennai,Home & Kitchen,Skincare Kit,Website,2,13384.76,10,26769.52,2676.95,73,24165.57,Debit Card,Returning,Returned,3.8,
ORD104769,14-07-2025,CUST1634,Customer_4769,Mumbai,Clothing,Headphones,Marketplace,1,7442.36,20,7442.36,1488.47,232.76,6186.65,Credit Card,Returning,Delivered,1.3,
ORD104770,15-06-2025,CUST1237,Customer_4770,Ahmedabad,Beauty,Novel,Marketplace,5,9047.76,20,45238.8,9047.76,221.93,36412.97,Debit Card,VIP,Delivered,1.5,
ORD104771,10-08-2025,CUST1428,Customer_4771,Mumbai,Sports,T-Shirt,Marketplace,2,1570.68,10,3141.36,314.14,85.03,2912.25,Credit Card,New,Delivered,1,
ORD104772,02-03-2025,CUST1125,Customer_4772,Hyderabad,Sports,Groceries Pack,Website,2,5836.31,15,11672.62,1750.89,258.67,10180.4,Debit Card,New,Delivered,2.5,
ORD104773,09-05-2025,CUST1315,Customer_4773,Mumbai,Electronics,Novel,Marketplace,4,14171.72,10,56686.88,5668.69,105.95,51124.14,Credit Card,New,Cancelled,4.1,
ORD104774,22-06-2025,CUST1279,Customer_4774,Ahmedabad,Clothing,Skincare Kit,Marketplace,1,8904.15,10,8904.15,890.42,244.11,8257.84,Net Banking,Returning,Returned,2.8,
ORD104775,05-06-2025,CUST1867,Customer_4775,Ahmedabad,Books,Watch,Mobile App,4,5265.85,0,21063.4,0,161.98,21225.38,Net Banking,Returning,Delivered,3.3,
ORD104776,20-04-2025,CUST1836,Customer_4776,Bengaluru,Beauty,Headphones,Website,4,9441.16,0,37764.64,0,227.52,37992.16,Credit Card,New,Delivered,3.4,
ORD104777,26-09-2025,CUST1604,Customer_4777,Jaipur,Grocery,Novel,Marketplace,3,13669.6,20,41008.8,8201.76,132.97,32940.01,UPI,New,Returned,1.4,
ORD104778,22-12-2025,CUST1938,Customer_4778,Hyderabad,Clothing,Skincare Kit,Website,5,4218.76,0,21093.8,0,123.73,21217.53,Credit Card,Returning,Delivered,1.7,
ORD104779,05-10-2025,CUST1105,Customer_4779,Bengaluru,Accessories,Laptop,Store,2,7650.98,0,15301.96,0,257.17,15559.13,UPI,New,Delivered,4.7,
ORD104780,15-03-2025,CUST1042,Customer_4780,Hyderabad,Clothing,Skincare Kit,Marketplace,1,14386.56,15,14386.56,2157.98,39.53,12268.11,Debit Card,New,Returned,2.8,
ORD104781,26-07-2025,CUST1397,Customer_4781,Hyderabad,Beauty,Blender,Website,5,2710.08,0,13550.4,0,293.18,13843.58,Credit Card,New,Delivered,2.7,
ORD104782,06-10-2025,CUST1641,Customer_4782,Kolkata,Electronics,Skincare Kit,Marketplace,5,10837.01,5,54185.05,2709.25,205.01,51680.81,UPI,Returning,Delivered,4,
ORD104783,22-11-2025,CUST1460,Customer_4783,Bengaluru,Books,Laptop,Marketplace,1,9275.04,10,9275.04,927.5,146.77,8494.31,Credit Card,Returning,Cancelled,1.2,
ORD104784,06-12-2025,CUST1491,Customer_4784,Hyderabad,Electronics,Shoes,Store,5,10243.18,10,51215.9,5121.59,199.57,46293.88,Net Banking,New,Delivered,4.4,
ORD104785,23-12-2025,CUST1565,Customer_4785,Surat,Grocery,Football,Mobile App,3,5365.61,15,16096.83,2414.52,63.14,13745.45,Net Banking,Returning,Delivered,3.7,
ORD104786,06-12-2025,CUST1168,Customer_4786,Ahmedabad,Electronics,Blender,Website,5,4811.11,10,24055.55,2405.55,168.79,21818.79,Credit Card,VIP,Delivered,1.6,
ORD104787,23-07-2025,CUST1602,Customer_4787,Chennai,Home & Kitchen,Skincare Kit,Marketplace,3,10310.51,10,30931.53,3093.15,295.98,28134.36,Credit Card,New,Delivered,1.3,
ORD104788,10-06-2025,CUST1759,Customer_4788,Chennai,Clothing,Headphones,Store,2,3350.82,15,6701.64,1005.25,93.52,5789.91,Cash on Delivery,Returning,Cancelled,1,
ORD104789,28-01-2025,CUST1174,Customer_4789,Ahmedabad,Home & Kitchen,Novel,Store,2,6381.87,10,12763.74,1276.37,225.02,11712.39,Net Banking,Returning,Returned,2.2,
ORD104790,14-09-2025,CUST1372,Customer_4790,Jaipur,Electronics,Watch,Mobile App,4,2944.39,10,11777.56,1177.76,147.44,10747.24,Debit Card,VIP,Cancelled,2.3,
ORD104791,14-06-2025,CUST1599,Customer_4791,Pune,Books,Shoes,Mobile App,3,273.33,20,819.99,164,206.16,862.15,Credit Card,Returning,Delivered,1.7,
ORD104792,04-03-2025,CUST1881,Customer_4792,Kolkata,Beauty,Skincare Kit,Store,2,14555.35,5,29110.7,1455.54,85.32,27740.48,Cash on Delivery,Returning,Delivered,2.1,
ORD104793,22-01-2025,CUST1150,Customer_4793,Jaipur,Clothing,T-Shirt,Store,5,6560.79,5,32803.95,1640.2,157.03,31320.78,Credit Card,Returning,Delivered,3.2,
ORD104794,11-03-2025,CUST1249,Customer_4794,Delhi,Beauty,Groceries Pack,Website,1,14544.84,0,14544.84,0,294.63,14839.47,Net Banking,New,Delivered,1.5,
ORD104795,06-04-2025,CUST1627,Customer_4795,Ahmedabad,Sports,Novel,Website,1,2233.8,10,2233.8,223.38,82.73,2093.15,UPI,Returning,Delivered,1.8,
ORD104796,12-06-2025,CUST1180,Customer_4796,Delhi,Clothing,Skincare Kit,Store,3,8872.4,0,26617.2,0,201.84,26819.04,UPI,Returning,Delivered,3.2,
ORD104797,20-03-2025,CUST1120,Customer_4797,Mumbai,Beauty,Groceries Pack,Store,4,3134.46,10,12537.84,1253.78,185.41,11469.47,Net Banking,New,Delivered,3.8,
ORD104798,05-01-2025,CUST1028,Customer_4798,Mumbai,Electronics,Watch,Mobile App,5,11882.6,20,59413,11882.6,182.56,47712.96,Debit Card,New,Delivered,4.7,
ORD104799,12-11-2025,CUST1821,Customer_4799,Bengaluru,Home & Kitchen,Groceries Pack,Website,3,11787.99,10,35363.97,3536.4,196.08,32023.65,Cash on Delivery,New,Delivered,3,
ORD104800,30-04-2025,CUST1117,Customer_4800,Mumbai,Beauty,Headphones,Store,1,1822.22,5,1822.22,91.11,165.6,1896.71,Credit Card,New,Delivered,1.5,
ORD104801,29-10-2025,CUST1703,Customer_4801,Jaipur,Grocery,Groceries Pack,Website,3,13694.16,15,41082.48,6162.37,34.57,34954.68,Credit Card,Returning,Delivered,3.4,
ORD104802,27-06-2025,CUST1657,Customer_4802,Pune,Books,Novel,Website,5,3040.25,5,15201.25,760.06,273.03,14714.22,Credit Card,VIP,Cancelled,5,
ORD104803,25-06-2025,CUST1832,Customer_4803,Unkonwn,Accessories,Headphones,Store,2,9252.71,15,18505.42,2775.81,253.28,15982.89,Cash on Delivery,New,Delivered,4.5,
ORD104804,05-08-2025,CUST1262,Customer_4804,Hyderabad,Sports,Groceries Pack,Store,5,14786.66,10,73933.3,7393.33,77.03,66617,Cash on Delivery,New,Delivered,4.1,
ORD104805,25-02-2025,CUST1654,Customer_4805,Chennai,Electronics,Blender,Marketplace,2,13253.59,0,26507.18,0,141.58,26648.76,Net Banking,VIP,Delivered,3.9,
ORD104806,06-07-2025,CUST1626,Customer_4806,Ahmedabad,Grocery,Groceries Pack,Website,2,14354.97,20,28709.94,5741.99,238.05,23206,Cash on Delivery,Returning,Delivered,4,
ORD104807,20-08-2025,CUST1896,Customer_4807,Delhi,Sports,T-Shirt,Website,2,5237.59,0,10475.18,0,294.62,10769.8,Credit Card,VIP,Cancelled,1.4,
ORD104808,12-09-2025,CUST1785,Customer_4808,Kolkata,Books,Shoes,Mobile App,3,1717.8,25,5153.4,1288.35,286.81,4151.86,Credit Card,New,Returned,3.1,
ORD104809,14-04-2025,CUST1038,Customer_4809,Chennai,Books,Laptop,Mobile App,1,2946.95,0,2946.95,0,272.83,3219.78,Cash on Delivery,Returning,Delivered,3.8,
ORD104810,18-03-2025,CUST1197,Customer_4810,Bengaluru,Home & Kitchen,Blender,Mobile App,3,7582.35,5,22747.05,1137.35,72.76,21682.46,Cash on Delivery,Returning,Delivered,1.3,
ORD104811,18-08-2025,CUST1525,Customer_4811,Hyderabad,Accessories,Football,Website,1,11929.46,0,11929.46,0,276.91,12206.37,Net Banking,New,Delivered,4.7,
ORD104812,15-09-2025,CUST1624,Customer_4812,Hyderabad,Sports,Football,Store,5,2379.78,0,11898.9,0,267.18,12166.08,UPI,New,Delivered,1.5,
ORD104813,21-09-2025,CUST1437,Customer_4813,Delhi,Books,Skincare Kit,Store,4,9947.01,15,39788.04,5968.21,131.78,33951.61,Cash on Delivery,New,Delivered,1.4,
ORD104814,27-11-2025,CUST1649,Customer_4814,Mumbai,Beauty,Skincare Kit,Store,5,4955.13,15,24775.65,3716.35,136.52,21195.82,UPI,New,Delivered,1.5,
ORD104815,01-07-2025,CUST1684,Customer_4815,Pune,Books,Novel,Website,3,5216.85,15,15650.55,2347.58,154.18,13457.15,Debit Card,VIP,Cancelled,2.7,
ORD104816,13-09-2025,CUST1639,Customer_4816,Jaipur,Books,Watch,Store,3,9979.48,5,29938.44,1496.92,207.17,28648.69,UPI,New,Cancelled,3.2,
ORD104817,07-02-2025,CUST1874,Customer_4817,Delhi,Accessories,Groceries Pack,Mobile App,1,7084.94,10,7084.94,708.49,100.43,6476.88,Cash on Delivery,Returning,Delivered,1.4,
ORD104818,25-06-2025,CUST1410,Customer_4818,Pune,Beauty,Shoes,Store,3,12208.69,15,36626.07,5493.91,36.2,31168.36,Credit Card,Returning,Returned,4.1,
ORD104819,27-01-2025,CUST1333,Customer_4819,Delhi,Electronics,Shoes,Store,2,2465.39,10,4930.78,493.08,68.13,4505.83,Credit Card,New,Delivered,1.8,
ORD104820,03-10-2025,CUST1531,Customer_4820,Chennai,Home & Kitchen,Novel,Mobile App,3,11880.73,15,35642.19,5346.33,148.83,30444.69,Cash on Delivery,Returning,Delivered,3.2,
ORD104821,20-05-2025,CUST1944,Customer_4821,Hyderabad,Home & Kitchen,Blender,Marketplace,1,1103.89,10,1103.89,110.39,106.14,1099.64,Net Banking,New,Returned,3,
ORD104822,26-10-2025,CUST1465,Customer_4822,Hyderabad,Clothing,Watch,Marketplace,1,3031.7,0,3031.7,0,236.42,3268.12,Cash on Delivery,New,Delivered,4.6,
ORD104823,14-10-2025,CUST1720,Customer_4823,Ahmedabad,Grocery,Groceries Pack,Marketplace,2,9893.82,15,19787.64,2968.15,58.81,16878.3,Cash on Delivery,VIP,Returned,4.6,
ORD104824,01-04-2025,CUST1158,Customer_4824,Mumbai,Clothing,Skincare Kit,Website,1,12845.65,15,12845.65,1926.85,277.72,11196.52,Net Banking,New,Delivered,2,
ORD104825,02-03-2025,CUST1160,Customer_4825,Hyderabad,Beauty,Groceries Pack,Website,4,3902.29,15,15609.16,2341.37,271.74,13539.53,Net Banking,New,Delivered,3.2,
ORD104826,31-12-2025,CUST1334,Customer_4826,Jaipur,Books,Shoes,Mobile App,5,5008.8,0,25044,0,275.36,25319.36,Debit Card,Returning,Delivered,4.9,
ORD104827,13-12-2025,CUST1752,Customer_4827,Pune,Sports,Laptop,Marketplace,3,8126.24,5,24378.72,1218.94,229.69,23389.47,Debit Card,Returning,Delivered,2.3,
ORD104828,12-06-2025,CUST1376,Customer_4828,Mumbai,Books,Shoes,Website,4,3291.86,5,13167.44,658.37,58.89,12567.96,Debit Card,Returning,Delivered,1.3,
ORD104829,17-12-2025,CUST1079,Customer_4829,Pune,Books,Groceries Pack,Store,3,12195.67,5,36587.01,1829.35,148.3,34905.96,Net Banking,VIP,Returned,3.9,
ORD104830,23-05-2025,CUST1844,Customer_4830,Kolkata,Sports,Football,Marketplace,4,11638.5,0,46554,0,65.48,46619.48,UPI,New,Returned,3,
ORD104831,10-09-2025,CUST1869,Customer_4831,Hyderabad,Electronics,Skincare Kit,Marketplace,3,2307.58,20,6922.74,1384.55,296.68,5834.87,Cash on Delivery,Returning,Returned,4.8,
ORD104832,26-09-2025,CUST1843,Customer_4832,Pune,Home & Kitchen,Headphones,Website,2,7037.87,10,14075.74,1407.57,119.92,12788.09,Debit Card,VIP,Returned,3.3,
ORD104833,18-10-2025,CUST1197,Customer_4833,Surat,Accessories,Shoes,Marketplace,1,11656.19,10,11656.19,1165.62,188.04,10678.61,UPI,New,Delivered,3,
ORD104834,06-07-2025,CUST1120,Customer_4834,Hyderabad,Beauty,Laptop,Mobile App,1,5159.34,0,5159.34,0,240.44,5399.78,Cash on Delivery,Returning,Cancelled,4.7,
ORD104835,31-10-2025,CUST1760,Customer_4835,Kolkata,Sports,T-Shirt,Mobile App,2,9551.64,20,19103.28,3820.66,278.57,15561.19,UPI,New,Delivered,2.5,
ORD104836,18-10-2025,CUST1651,Customer_4836,Chennai,Accessories,Headphones,Website,4,895.66,0,3582.64,0,234,3816.64,Credit Card,New,Delivered,3.4,
ORD104837,27-03-2025,CUST1226,Customer_4837,Surat,Clothing,Shoes,Marketplace,5,9189.03,15,45945.15,6891.77,212.12,39265.5,Credit Card,New,Cancelled,4.4,
ORD104838,15-06-2025,CUST1595,Customer_4838,Delhi,Beauty,Shoes,Mobile App,4,2416.9,25,9667.6,2416.9,155.82,7406.52,Cash on Delivery,Returning,Returned,3.4,
ORD104839,24-04-2025,CUST1410,Customer_4839,Surat,Electronics,Groceries Pack,Marketplace,1,12484.16,15,12484.16,1872.62,193.46,10805,UPI,VIP,Cancelled,2.2,
ORD104840,22-12-2025,CUST1538,Customer_4840,Surat,Beauty,Football,Mobile App,5,5428.42,25,27142.1,6785.52,55.42,20412,UPI,Returning,Delivered,3.2,
ORD104841,02-07-2025,CUST1640,Customer_4841,Pune,Sports,T-Shirt,Mobile App,3,4331.07,15,12993.21,1948.98,268.66,11312.89,Net Banking,VIP,Delivered,2.7,
ORD104842,26-07-2025,CUST1913,Customer_4842,Bengaluru,Grocery,Football,Marketplace,5,12637.2,0,63186,0,176.82,63362.82,Debit Card,New,Cancelled,4.9,
ORD104843,13-09-2025,CUST1735,Customer_4843,Pune,Electronics,Novel,Website,4,894.64,0,3578.56,0,40.84,3619.4,Cash on Delivery,New,Delivered,1.2,
ORD104844,23-08-2025,CUST1339,Customer_4844,Jaipur,Books,Football,Website,2,6039.64,5,12079.28,603.96,278.37,11753.69,UPI,VIP,Delivered,4.1,
ORD104845,21-12-2025,CUST1556,Customer_4845,Hyderabad,Clothing,Novel,Website,3,5644.55,0,16933.65,0,162.11,17095.76,Debit Card,VIP,Delivered,1.1,
ORD104846,03-01-2025,CUST1596,Customer_4846,Bengaluru,Clothing,Groceries Pack,Marketplace,4,4379.29,15,17517.16,2627.57,264.52,15154.11,Cash on Delivery,New,Cancelled,3.4,
ORD104847,27-07-2025,CUST1919,Customer_4847,Pune,Sports,Laptop,Marketplace,3,13689.55,5,41068.65,2053.43,261.36,39276.58,UPI,Returning,Delivered,2.7,
ORD104848,16-07-2025,CUST1537,Customer_4848,Chennai,Electronics,Watch,Marketplace,5,11301.29,20,56506.45,11301.29,250.25,45455.41,Credit Card,New,Delivered,4.6,
ORD104849,07-12-2025,CUST1220,Customer_4849,Jaipur,Clothing,Skincare Kit,Website,1,1099.26,5,1099.26,54.96,46.58,1090.88,UPI,Returning,Delivered,3.2,
ORD104850,05-05-2025,CUST1293,Customer_4850,Pune,Accessories,Shoes,Marketplace,4,10763.11,10,43052.44,4305.24,96.71,38843.91,Credit Card,VIP,Cancelled,4.3,
ORD104851,18-05-2025,CUST1204,Customer_4851,Mumbai,Electronics,Laptop,Website,2,7980.39,25,15960.78,3990.2,266.4,12236.98,Credit Card,Returning,Cancelled,3.7,
ORD104852,05-12-2025,CUST1880,Customer_4852,Hyderabad,Beauty,Headphones,Mobile App,5,13527.89,0,67639.45,0,272.73,67912.18,Net Banking,New,Delivered,2.8,
ORD104853,25-01-2025,CUST1705,Customer_4853,Kolkata,Grocery,Watch,Website,4,4797.24,15,19188.96,2878.34,153.68,16464.3,Net Banking,New,Cancelled,2.4,
ORD104854,09-03-2025,CUST1514,Customer_4854,Delhi,Home & Kitchen,Shoes,Website,2,8676.31,15,17352.62,2602.89,148.81,14898.54,Debit Card,New,Delivered,1.5,
ORD104855,02-03-2025,CUST1202,Customer_4855,Chennai,Home & Kitchen,Laptop,Store,4,7586.22,0,30344.88,0,77.29,30422.17,Cash on Delivery,Returning,Delivered,1.1,
ORD104856,29-01-2025,CUST1866,Customer_4856,Jaipur,Home & Kitchen,Skincare Kit,Store,5,7419.98,10,37099.9,3709.99,291.47,33681.38,Debit Card,Returning,Returned,1,
ORD104857,19-01-2025,CUST1032,Customer_4857,Hyderabad,Clothing,Laptop,Website,4,6923.17,5,27692.68,1384.63,87.55,26395.6,Net Banking,VIP,Delivered,1.9,
ORD104858,20-06-2025,CUST1089,Customer_4858,Delhi,Sports,Groceries Pack,Store,3,3203.6,15,9610.8,1441.62,81.55,8250.73,Debit Card,Returning,Delivered,3.2,
ORD104859,15-03-2025,CUST1202,Customer_4859,Ahmedabad,Home & Kitchen,Watch,Marketplace,5,11372.29,10,56861.45,5686.14,208.4,51383.71,Cash on Delivery,New,Delivered,4.9,
ORD104860,02-03-2025,CUST1951,Customer_4860,Delhi,Books,T-Shirt,Store,4,6852.34,10,27409.36,2740.94,95.57,24763.99,Cash on Delivery,Returning,Cancelled,3.8,
ORD104861,02-06-2025,CUST1690,Customer_4861,Hyderabad,Grocery,Laptop,Store,1,14383.97,15,14383.97,2157.6,283.47,12509.84,UPI,Returning,Cancelled,1.3,
ORD104862,03-10-2025,CUST1705,Customer_4862,Bengaluru,Sports,Skincare Kit,Store,4,4023.01,0,16092.04,0,32.94,16124.98,Debit Card,New,Delivered,3.6,
ORD104863,17-02-2025,CUST1672,Customer_4863,Ahmedabad,Grocery,Skincare Kit,Website,3,10288.75,15,30866.25,4629.94,31.55,26267.86,Net Banking,New,Returned,2.9,
ORD104864,30-07-2025,CUST1293,Customer_4864,Hyderabad,Home & Kitchen,Football,Mobile App,2,14119.65,20,28239.3,5647.86,166.32,22757.76,UPI,VIP,Delivered,3.5,
ORD104865,09-12-2025,CUST1716,Customer_4865,Ahmedabad,Accessories,Football,Mobile App,2,10002.36,20,20004.72,4000.94,161.78,16165.56,Debit Card,Returning,Delivered,3.5,
ORD104866,19-05-2025,CUST1753,Customer_4866,Jaipur,Beauty,Watch,Mobile App,2,13088.4,15,26176.8,3926.52,74.11,22324.39,Cash on Delivery,Returning,Delivered,1.6,
ORD104867,20-04-2025,CUST1115,Customer_4867,Delhi,Accessories,Shoes,Mobile App,1,12438.09,5,12438.09,621.9,163.52,11979.71,Net Banking,Returning,Returned,4.7,
ORD104868,02-07-2025,CUST1722,Customer_4868,Delhi,Accessories,Blender,Mobile App,3,5497.75,25,16493.25,4123.31,141.15,12511.09,Debit Card,New,Delivered,3.2,
ORD104869,28-01-2025,CUST1222,Customer_4869,Ahmedabad,Grocery,T-Shirt,Mobile App,5,9061.84,5,45309.2,2265.46,270.39,43314.13,Cash on Delivery,Returning,Delivered,3.8,
ORD104870,16-07-2025,CUST1909,Customer_4870,Delhi,Home & Kitchen,Skincare Kit,Website,2,2470.48,10,4940.96,494.1,32.5,4479.36,Cash on Delivery,Returning,Delivered,2.5,
ORD104871,10-07-2025,CUST1182,Customer_4871,Chennai,Accessories,Football,Marketplace,3,8102.56,0,24307.68,0,293.59,24601.27,Debit Card,New,Delivered,1.5,
ORD104872,11-11-2025,CUST1771,Customer_4872,Surat,Sports,Groceries Pack,Marketplace,4,3571.77,25,14287.08,3571.77,198.59,10913.9,Debit Card,New,Delivered,3.8,
ORD104873,20-02-2025,CUST1469,Customer_4873,Jaipur,Clothing,Groceries Pack,Mobile App,1,11194.49,15,11194.49,1679.17,71,9586.32,Net Banking,Returning,Delivered,4.8,
ORD104874,29-05-2025,CUST1426,Customer_4874,Jaipur,Grocery,Blender,Store,3,7991.67,15,23975.01,3596.25,42.63,20421.39,UPI,New,Delivered,3.3,
ORD104875,25-09-2025,CUST1974,Customer_4875,Delhi,Accessories,Shoes,Store,3,6256.73,0,18770.19,0,175.29,18945.48,Cash on Delivery,Returning,Delivered,1.8,
ORD104876,19-02-2025,CUST1552,Customer_4876,Pune,Books,Football,Website,5,4141.64,15,20708.2,3106.23,93.42,17695.39,UPI,New,Delivered,3.5,
ORD104877,03-09-2025,CUST1842,Customer_4877,Ahmedabad,Accessories,T-Shirt,Mobile App,3,14980.67,15,44942.01,6741.3,111.31,38312.02,UPI,Returning,Delivered,2.7,
ORD104878,23-04-2025,CUST1834,Customer_4878,Kolkata,Beauty,Shoes,Mobile App,5,1214.9,15,6074.5,911.18,96.19,5259.51,Cash on Delivery,Returning,Delivered,2.6,
ORD104879,19-06-2025,CUST1060,Customer_4879,Jaipur,Sports,Groceries Pack,Store,1,796.88,5,796.88,39.84,205.55,962.59,Debit Card,New,Returned,4.7,
ORD104880,15-06-2025,CUST1485,Customer_4880,Surat,Electronics,Blender,Mobile App,1,3376.27,10,3376.27,337.63,179.45,3218.09,Cash on Delivery,New,Delivered,3.9,
ORD104881,14-01-2025,CUST1011,Customer_4881,Mumbai,Home & Kitchen,Watch,Mobile App,4,14570.43,0,58281.72,0,51.05,58332.77,UPI,New,Delivered,3,
ORD104882,22-07-2025,CUST1632,Customer_4882,Surat,Beauty,Football,Store,5,14691.69,10,73458.45,7345.84,172.16,66284.77,Net Banking,New,Delivered,2.7,
ORD104883,15-10-2025,CUST1385,Customer_4883,Ahmedabad,Clothing,Headphones,Marketplace,5,9875.68,0,49378.4,0,243.62,49622.02,Cash on Delivery,Returning,Cancelled,2,
ORD104884,08-07-2025,CUST1410,Customer_4884,Bengaluru,Grocery,Groceries Pack,Marketplace,2,13219.58,5,26439.16,1321.96,51.92,25169.12,Net Banking,New,Delivered,2.4,
ORD104885,04-06-2025,CUST1042,Customer_4885,Kolkata,Electronics,Blender,Website,2,3327.33,0,6654.66,0,270.23,6924.89,Debit Card,Returning,Cancelled,3.2,
ORD104886,24-02-2025,CUST1702,Customer_4886,Jaipur,Grocery,Blender,Store,4,14584.83,0,58339.32,0,186.14,58525.46,Debit Card,Returning,Delivered,1.2,
ORD104887,01-07-2025,CUST1123,Customer_4887,Delhi,Home & Kitchen,Shoes,Website,1,2270.36,0,2270.36,0,286.67,2557.03,Net Banking,New,Cancelled,2.4,
ORD104888,29-07-2025,CUST1701,Customer_4888,Surat,Beauty,Novel,Mobile App,2,1651.71,20,3303.42,660.68,70,2712.74,Net Banking,Returning,Cancelled,3,
ORD104889,16-03-2025,CUST1252,Customer_4889,Hyderabad,Books,Shoes,Store,3,1816.34,10,5449.02,544.9,298.26,5202.38,Cash on Delivery,Returning,Delivered,3.4,
ORD104890,04-10-2025,CUST1973,Customer_4890,Kolkata,Sports,Headphones,Marketplace,1,8660.95,5,8660.95,433.05,203.95,8431.85,Debit Card,New,Returned,4,
ORD104891,13-05-2025,CUST1604,Customer_4891,Surat,Grocery,Blender,Mobile App,3,11747.47,10,35242.41,3524.24,183.22,31901.39,Net Banking,Returning,Delivered,1.1,
ORD104892,09-12-2025,CUST1484,Customer_4892,Jaipur,Home & Kitchen,T-Shirt,Marketplace,5,5595.01,10,27975.05,2797.5,169.13,25346.68,Credit Card,New,Delivered,2.2,
ORD104893,28-02-2025,CUST1213,Customer_4893,Surat,Beauty,Shoes,Marketplace,1,14671.76,25,14671.76,3667.94,36.39,11040.21,Cash on Delivery,New,Delivered,2,
ORD104894,11-12-2025,CUST1830,Customer_4894,Pune,Home & Kitchen,T-Shirt,Website,4,6601.14,0,26404.56,0,283.7,26688.26,Cash on Delivery,New,Delivered,3.1,
ORD104895,01-07-2025,CUST1714,Customer_4895,Kolkata,Books,Football,Store,5,2384.16,5,11920.8,596.04,203.88,11528.64,Credit Card,New,Delivered,2.9,
ORD104896,05-12-2025,CUST1268,Customer_4896,Kolkata,Beauty,Skincare Kit,Store,5,7069.61,25,35348.05,8837.01,54.74,26565.78,Debit Card,Returning,Returned,1.3,
ORD104897,17-11-2025,CUST1667,Customer_4897,Delhi,Sports,Headphones,Store,3,10233.7,5,30701.1,1535.06,35.66,29201.7,Net Banking,Returning,Cancelled,4,
ORD104898,05-03-2025,CUST1707,Customer_4898,Jaipur,Home & Kitchen,Novel,Website,5,12508.55,0,62542.75,0,43.71,62586.46,Net Banking,New,Returned,3.7,
ORD104899,23-11-2025,CUST1540,Customer_4899,Bengaluru,Grocery,Blender,Marketplace,2,6962.71,0,13925.42,0,194.54,14119.96,Debit Card,Returning,Returned,4.3,
ORD104900,17-09-2025,CUST1706,Customer_4900,Surat,Beauty,Skincare Kit,Website,1,8965.06,0,8965.06,0,195.78,9160.84,Credit Card,Returning,Delivered,1.4,
ORD104901,12-07-2025,CUST1924,Customer_4901,Chennai,Grocery,Novel,Store,2,4120.07,25,8240.14,2060.04,164.91,6345.01,Credit Card,New,Delivered,3,
ORD104902,23-05-2025,CUST1735,Customer_4902,Surat,Electronics,Football,Mobile App,3,9741.86,5,29225.58,1461.28,112.83,27877.13,Credit Card,Returning,Cancelled,3.4,
ORD104903,14-04-2025,CUST1619,Customer_4903,Jaipur,Clothing,T-Shirt,Store,3,14791.68,25,44375.04,11093.76,173.57,33454.85,Cash on Delivery,New,Delivered,1.2,
ORD104904,02-08-2025,CUST1661,Customer_4904,Chennai,Books,Headphones,Store,1,878.45,25,878.45,219.61,169.4,828.24,Net Banking,VIP,Delivered,4.8,
ORD104905,30-08-2025,CUST1135,Customer_4905,Pune,Beauty,T-Shirt,Marketplace,5,13314.98,10,66574.9,6657.49,35.24,59952.65,UPI,New,Delivered,4.2,
ORD104906,28-07-2025,CUST1498,Customer_4906,Ahmedabad,Grocery,Novel,Store,4,8499.9,0,33999.6,0,106.27,34105.87,Cash on Delivery,Returning,Returned,2,
ORD104907,03-04-2025,CUST1607,Customer_4907,Jaipur,Accessories,Shoes,Store,3,3893.67,0,11681.01,0,44.36,11725.37,Cash on Delivery,VIP,Cancelled,3.5,
ORD104908,22-05-2025,CUST1782,Customer_4908,Pune,Accessories,Novel,Marketplace,1,14330.11,10,14330.11,1433.01,273.04,13170.14,Net Banking,Returning,Delivered,1.6,
ORD104909,22-04-2025,CUST1935,Customer_4909,Delhi,Beauty,Shoes,Store,4,7327.81,5,29311.24,1465.56,225.81,28071.49,Debit Card,New,Cancelled,4.5,
ORD104910,28-02-2025,CUST1886,Customer_4910,Mumbai,Beauty,Football,Store,5,5075.6,10,25378,2537.8,298.95,23139.15,Net Banking,Returning,Delivered,1.4,
ORD104911,12-02-2025,CUST1126,Customer_4911,Delhi,Accessories,Skincare Kit,Marketplace,3,2845.24,10,8535.72,853.57,111.59,7793.74,Debit Card,New,Delivered,4.6,
ORD104912,26-07-2025,CUST1359,Customer_4912,Kolkata,Home & Kitchen,Watch,Mobile App,1,3780.12,25,3780.12,945.03,267.19,3102.28,Net Banking,Returning,Cancelled,4.3,
ORD104913,25-09-2025,CUST1503,Customer_4913,Mumbai,Books,Laptop,Marketplace,1,12517.81,10,12517.81,1251.78,192.82,11458.85,Cash on Delivery,Returning,Delivered,2.9,
ORD104914,23-10-2025,CUST1841,Customer_4914,Surat,Clothing,Novel,Store,1,9273.99,15,9273.99,1391.1,152.34,8035.23,Credit Card,Returning,Cancelled,3.6,
ORD104915,28-04-2025,CUST1983,Customer_4915,Ahmedabad,Books,Skincare Kit,Website,3,13711.7,20,41135.1,8227.02,90.09,32998.17,Cash on Delivery,New,Delivered,2,
ORD104916,20-01-2025,CUST1318,Customer_4916,Mumbai,Home & Kitchen,Headphones,Mobile App,4,3594.73,0,14378.92,0,229.37,14608.29,Cash on Delivery,Returning,Cancelled,2.5,
ORD104917,10-08-2025,CUST1012,Customer_4917,Mumbai,Grocery,Blender,Marketplace,1,1948.91,0,1948.91,0,274.12,2223.03,UPI,New,Returned,1.9,
ORD104918,15-06-2025,CUST1477,Customer_4918,Pune,Beauty,Headphones,Mobile App,5,240.4,0,1202,0,93.53,1295.53,Cash on Delivery,New,Delivered,3.1,
ORD104919,11-05-2025,CUST1294,Customer_4919,Ahmedabad,Books,Watch,Mobile App,1,7691.75,0,7691.75,0,77.36,7769.11,Cash on Delivery,Returning,Delivered,2.3,
ORD104920,05-06-2025,CUST1954,Customer_4920,Surat,Beauty,Football,Website,4,14974.86,10,59899.44,5989.94,217.98,54127.48,Cash on Delivery,Returning,Delivered,2.4,
ORD104921,03-07-2025,CUST1440,Customer_4921,Jaipur,Clothing,Watch,Website,3,10470.23,5,31410.69,1570.53,293.78,30133.94,UPI,Returning,Cancelled,2.8,
ORD104922,31-03-2025,CUST1807,Customer_4922,Mumbai,Electronics,Skincare Kit,Website,1,4729.66,5,4729.66,236.48,232.49,4725.67,Debit Card,New,Delivered,4.5,
ORD104923,04-04-2025,CUST1854,Customer_4923,Hyderabad,Home & Kitchen,Football,Store,1,13171.35,25,13171.35,3292.84,106.84,9985.35,UPI,VIP,Delivered,3.2,
ORD104924,13-01-2025,CUST1516,Customer_4924,Pune,Electronics,Skincare Kit,Marketplace,5,11758.58,0,58792.9,0,143.39,58936.29,Credit Card,Returning,Returned,4.2,
ORD104925,18-11-2025,CUST1816,Customer_4925,Mumbai,Books,Watch,Store,5,378.92,10,1894.6,189.46,133.77,1838.91,Debit Card,New,Delivered,4.4,
ORD104926,20-10-2025,CUST1391,Customer_4926,Surat,Beauty,Laptop,Marketplace,1,12280.38,0,12280.38,0,260.07,12540.45,UPI,VIP,Delivered,2,
ORD104927,18-08-2025,CUST1316,Customer_4927,Ahmedabad,Grocery,T-Shirt,Store,1,4612.82,5,4612.82,230.64,238.27,4620.45,Credit Card,VIP,Delivered,4.1,
ORD104928,18-11-2025,CUST1680,Customer_4928,Hyderabad,Grocery,Watch,Store,5,2372.65,10,11863.25,1186.32,189.02,10865.95,Credit Card,New,Returned,3.6,
ORD104929,19-10-2025,CUST1008,Customer_4929,Hyderabad,Beauty,Headphones,Website,4,3511.01,25,14044.04,3511.01,104.24,10637.27,Net Banking,Returning,Delivered,3,
ORD104930,26-01-2025,CUST1508,Customer_4930,Delhi,Sports,Laptop,Store,2,7108.41,5,14216.82,710.84,283.26,13789.24,Net Banking,Returning,Delivered,1.4,
ORD104931,16-03-2025,CUST1124,Customer_4931,Jaipur,Sports,Laptop,Website,2,6459.29,0,12918.58,0,206.4,13124.98,Cash on Delivery,New,Delivered,3.3,
ORD104932,30-12-2025,CUST1372,Customer_4932,Kolkata,Electronics,Shoes,Marketplace,1,4439.98,5,4439.98,222,292.03,4510.01,Debit Card,New,Delivered,1.6,
ORD104933,26-10-2025,CUST1314,Customer_4933,Delhi,Sports,Laptop,Website,5,2707.44,0,13537.2,0,186.63,13723.83,UPI,Returning,Delivered,4.3,
ORD104934,30-05-2025,CUST1185,Customer_4934,Kolkata,Grocery,Headphones,Mobile App,3,11469.13,0,34407.39,0,251.72,34659.11,Cash on Delivery,New,Delivered,4.7,
ORD104935,28-05-2025,CUST1547,Customer_4935,Jaipur,Books,Laptop,Mobile App,3,14853.13,10,44559.39,4455.94,249.54,40352.99,Debit Card,Returning,Delivered,2.9,
ORD104936,08-01-2025,CUST1585,Customer_4936,Pune,Accessories,Skincare Kit,Store,2,11700.2,0,23400.4,0,121.08,23521.48,Net Banking,New,Delivered,2.8,
ORD104937,29-01-2025,CUST1883,Customer_4937,Hyderabad,Clothing,Shoes,Mobile App,4,4544.66,10,18178.64,1817.86,290.29,16651.07,UPI,VIP,Cancelled,3,
ORD104938,23-10-2025,CUST1525,Customer_4938,Ahmedabad,Books,Novel,Marketplace,2,3785.41,10,7570.82,757.08,35.92,6849.66,Credit Card,Returning,Delivered,1.3,
ORD104939,28-07-2025,CUST1039,Customer_4939,Pune,Electronics,Blender,Store,1,3382.34,5,3382.34,169.12,237.55,3450.77,Credit Card,Returning,Delivered,1.9,
ORD104940,08-05-2025,CUST1084,Customer_4940,Surat,Books,Watch,Website,4,2179.92,0,8719.68,0,290.7,9010.38,Cash on Delivery,New,Delivered,4.8,
ORD104941,06-12-2025,CUST1021,Customer_4941,Surat,Sports,Blender,Store,3,8337.26,25,25011.78,6252.94,121.51,18880.35,Cash on Delivery,Returning,Delivered,2.4,
ORD104942,26-04-2025,CUST1253,Customer_4942,Chennai,Sports,Novel,Store,5,9140.2,5,45701,2285.05,204.99,43620.94,UPI,New,Delivered,3.4,
ORD104943,24-05-2025,CUST1303,Customer_4943,Ahmedabad,Clothing,Watch,Mobile App,5,10626.71,15,53133.55,7970.03,181.8,45345.32,Credit Card,Returning,Returned,3.6,
ORD104944,14-11-2025,CUST1979,Customer_4944,Surat,Accessories,Skincare Kit,Store,1,10251.17,5,10251.17,512.56,235.61,9974.22,Cash on Delivery,New,Delivered,4.5,
ORD104945,23-08-2025,CUST1258,Customer_4945,Kolkata,Books,Skincare Kit,Marketplace,2,4491.15,10,8982.3,898.23,263.87,8347.94,Credit Card,Returning,Delivered,2,
ORD104946,07-01-2025,CUST1812,Customer_4946,Chennai,Clothing,T-Shirt,Store,1,5055.12,5,5055.12,252.76,192.82,4995.18,Net Banking,New,Delivered,4.6,
ORD104947,14-02-2025,CUST2000,Customer_4947,Bengaluru,Grocery,Skincare Kit,Website,5,10270.49,5,51352.45,2567.62,250.29,49035.12,Cash on Delivery,Returning,Delivered,2.6,
ORD104948,27-08-2025,CUST1542,Customer_4948,Bengaluru,Electronics,Watch,Website,3,5339.3,0,16017.9,0,114.32,16132.22,Debit Card,Returning,Cancelled,4.7,
ORD104949,04-06-2025,CUST1983,Customer_4949,Surat,Home & Kitchen,Football,Mobile App,5,3307.45,5,16537.25,826.86,91.72,15802.11,Cash on Delivery,Returning,Returned,2.6,
ORD104950,30-06-2025,CUST1640,Customer_4950,Chennai,Accessories,Headphones,Store,4,5708.89,20,22835.56,4567.11,146.28,18414.73,Net Banking,New,Delivered,1.4,
ORD104951,03-08-2025,CUST1823,Customer_4951,Hyderabad,Books,T-Shirt,Website,5,4190.45,15,20952.25,3142.84,212.99,18022.4,UPI,New,Cancelled,1.2,
ORD104952,29-03-2025,CUST1552,Customer_4952,Delhi,Grocery,Skincare Kit,Store,5,1461.44,0,7307.2,0,80.56,7387.76,Credit Card,Returning,Returned,4.9,
ORD104953,13-09-2025,CUST1461,Customer_4953,Kolkata,Grocery,Watch,Store,4,12477.56,10,49910.24,4991.02,213.7,45132.92,UPI,New,Cancelled,1.5,
ORD104954,14-03-2025,CUST1609,Customer_4954,Hyderabad,Books,Groceries Pack,Website,2,12818.7,20,25637.4,5127.48,136.41,20646.33,Cash on Delivery,New,Delivered,3.2,
ORD104955,28-06-2025,CUST1224,Customer_4955,Mumbai,Clothing,Groceries Pack,Store,5,3413.29,15,17066.45,2559.97,244.81,14751.29,Debit Card,New,Delivered,3.1,
ORD104956,31-07-2025,CUST1092,Customer_4956,Surat,Sports,Novel,Mobile App,1,1111.87,0,1111.87,0,39.95,1151.82,UPI,Returning,Delivered,2.6,
ORD104957,20-10-2025,CUST1280,Customer_4957,Mumbai,Electronics,Novel,Mobile App,5,11121.59,20,55607.95,11121.59,210.36,44696.72,Debit Card,New,Returned,2.7,
ORD104958,22-08-2025,CUST1170,Customer_4958,Ahmedabad,Home & Kitchen,Groceries Pack,Website,1,3291.2,5,3291.2,164.56,205.45,3332.09,Cash on Delivery,VIP,Returned,2.9,
ORD104959,27-08-2025,CUST1796,Customer_4959,Pune,Books,Groceries Pack,Marketplace,4,5992.52,10,23970.08,2397.01,284.05,21857.12,Debit Card,New,Delivered,1.4,
ORD104960,11-08-2025,CUST1734,Customer_4960,Surat,Electronics,Watch,Marketplace,5,1102.41,10,5512.05,551.21,222.61,5183.45,Debit Card,Returning,Returned,4.2,
ORD104961,29-04-2025,CUST1629,Customer_4961,Hyderabad,Sports,Groceries Pack,Store,4,3510.1,20,14040.4,2808.08,245,11477.32,Net Banking,New,Delivered,2.5,
ORD104962,09-11-2025,CUST1248,Customer_4962,Delhi,Accessories,Blender,Mobile App,4,11924.6,25,47698.4,11924.6,274.24,36048.04,UPI,VIP,Delivered,2,
ORD104963,21-09-2025,CUST1361,Customer_4963,Bengaluru,Home & Kitchen,Skincare Kit,Website,2,12095.29,25,24190.58,6047.64,212.26,18355.2,Cash on Delivery,New,Delivered,2.3,
ORD104964,26-07-2025,CUST1349,Customer_4964,Pune,Home & Kitchen,Blender,Mobile App,5,3225.21,0,16126.05,0,108.34,16234.39,Net Banking,New,Delivered,3.4,
ORD104965,05-04-2025,CUST1866,Customer_4965,Bengaluru,Grocery,Laptop,Marketplace,1,5138.32,25,5138.32,1284.58,264.84,4118.58,Debit Card,New,Delivered,4.1,
ORD104966,10-08-2025,CUST1435,Customer_4966,Kolkata,Clothing,Shoes,Marketplace,1,2143.44,0,2143.44,0,231.85,2375.29,Net Banking,New,Delivered,1.6,
ORD104967,03-10-2025,CUST1406,Customer_4967,Delhi,Beauty,Laptop,Store,5,1251.46,5,6257.3,312.86,144.6,6089.04,Net Banking,Returning,Delivered,3.4,
ORD104968,19-08-2025,CUST1601,Customer_4968,Pune,Sports,Laptop,Website,2,14883.75,10,29767.5,2976.75,221.84,27012.59,Debit Card,Returning,Delivered,2.7,
ORD104969,05-11-2025,CUST1078,Customer_4969,Chennai,Beauty,T-Shirt,Store,2,9885.57,10,19771.14,1977.11,264.28,18058.31,Cash on Delivery,New,Delivered,4.4,
ORD104970,29-04-2025,CUST1458,Customer_4970,Chennai,Sports,Football,Mobile App,2,8200.13,10,16400.26,1640.03,293.43,15053.66,Credit Card,Returning,Cancelled,4.8,
ORD104971,25-09-2025,CUST1586,Customer_4971,Hyderabad,Electronics,Laptop,Mobile App,1,11517.65,10,11517.65,1151.77,287.13,10653.01,Net Banking,Returning,Delivered,3.7,
ORD104972,30-09-2025,CUST1392,Customer_4972,Kolkata,Beauty,Football,Marketplace,4,12625.15,25,50500.6,12625.15,117.84,37993.29,UPI,VIP,Delivered,3.4,
ORD104973,05-03-2025,CUST1014,Customer_4973,Chennai,Grocery,Watch,Store,2,12129.71,0,24259.42,0,143.86,24403.28,Debit Card,New,Cancelled,4.1,
ORD104974,25-10-2025,CUST1045,Customer_4974,Bengaluru,Books,Watch,Mobile App,1,395.61,5,395.61,19.78,59.57,435.4,Credit Card,New,Returned,3,
ORD104975,16-12-2025,CUST1038,Customer_4975,Surat,Accessories,Laptop,Mobile App,1,2924.1,25,2924.1,731.02,96.84,2289.92,Net Banking,New,Delivered,1.2,
ORD104976,11-01-2025,CUST1416,Customer_4976,Kolkata,Grocery,Groceries Pack,Mobile App,4,9875.34,0,39501.36,0,268.25,39769.61,Debit Card,New,Delivered,3.8,
ORD104977,08-04-2025,CUST1245,Customer_4977,Hyderabad,Grocery,Blender,Website,5,5730.03,10,28650.15,2865.02,127.43,25912.56,Debit Card,Returning,Delivered,3.3,
ORD104978,12-03-2025,CUST1062,Customer_4978,Ahmedabad,Books,Skincare Kit,Marketplace,5,14739.87,15,73699.35,11054.9,197.55,62842,Net Banking,Returning,Cancelled,1.6,
ORD104979,30-12-2025,CUST1493,Customer_4979,Kolkata,Books,Groceries Pack,Store,2,10031.26,10,20062.52,2006.25,209.81,18266.08,UPI,New,Cancelled,1.9,
ORD104980,27-02-2025,CUST1608,Customer_4980,Chennai,Home & Kitchen,T-Shirt,Mobile App,2,14354.75,15,28709.5,4306.42,241.09,24644.17,Debit Card,Returning,Delivered,1.9,
ORD104981,17-10-2025,CUST1323,Customer_4981,Hyderabad,Clothing,T-Shirt,Website,4,3141.48,0,12565.92,0,79.36,12645.28,Debit Card,New,Returned,3.9,
ORD104982,08-09-2025,CUST1252,Customer_4982,Hyderabad,Grocery,Blender,Mobile App,2,12979.76,20,25959.52,5191.9,112.3,20879.92,Net Banking,New,Delivered,3.1,
ORD104983,03-10-2025,CUST1468,Customer_4983,Bengaluru,Sports,Football,Mobile App,4,4922.08,0,19688.32,0,151.05,19839.37,Credit Card,New,Delivered,1.2,
ORD104984,19-02-2025,CUST1061,Customer_4984,Bengaluru,Clothing,T-Shirt,Marketplace,1,14845.04,5,14845.04,742.25,128.51,14231.3,Debit Card,Returning,Delivered,4.4,
ORD104985,24-12-2025,CUST1781,Customer_4985,Delhi,Sports,Shoes,Website,2,2491.68,0,4983.36,0,295.38,5278.74,Debit Card,Returning,Delivered,3.6,
ORD104986,04-08-2025,CUST1119,Customer_4986,Jaipur,Books,Headphones,Mobile App,1,7817.65,10,7817.65,781.76,255.43,7291.32,Net Banking,Returning,Cancelled,3.9,
ORD104987,21-02-2025,CUST1087,Customer_4987,Jaipur,Home & Kitchen,Groceries Pack,Marketplace,3,11923.74,15,35771.22,5365.68,159.52,30565.06,Debit Card,VIP,Cancelled,4.7,
ORD104988,28-09-2025,CUST1595,Customer_4988,Mumbai,Home & Kitchen,Watch,Website,4,6574.74,25,26298.96,6574.74,267.4,19991.62,Net Banking,Returning,Delivered,2,
ORD104989,25-03-2025,CUST1080,Customer_4989,Pune,Home & Kitchen,Groceries Pack,Mobile App,3,7101.05,15,21303.15,3195.47,123.87,18231.55,UPI,New,Delivered,3.4,
ORD104990,20-10-2025,CUST1228,Customer_4990,Kolkata,Home & Kitchen,Headphones,Store,2,14797.38,10,29594.76,2959.48,242.17,26877.45,Net Banking,New,Delivered,4,
ORD104991,06-05-2025,CUST1483,Customer_4991,Kolkata,Grocery,Blender,Marketplace,1,6465.83,25,6465.83,1616.46,90.39,4939.76,Credit Card,VIP,Delivered,3.1,
ORD104992,23-10-2025,CUST1815,Customer_4992,Chennai,Home & Kitchen,Laptop,Mobile App,2,9120.47,10,18240.94,1824.09,238.53,16655.38,Debit Card,Returning,Delivered,2.9,
ORD104993,13-03-2025,CUST1623,Customer_4993,Bengaluru,Books,Novel,Mobile App,3,959.91,10,2879.73,287.97,153.24,2745,UPI,Returning,Delivered,4.7,
ORD104994,23-10-2025,CUST1882,Customer_4994,Bengaluru,Clothing,Skincare Kit,Website,2,12656.82,10,25313.64,2531.36,59.02,22841.3,Debit Card,Returning,Delivered,2,
ORD104995,24-08-2025,CUST1310,Customer_4995,Surat,Electronics,Watch,Store,5,9775.3,5,48876.5,2443.82,103.78,46536.46,Debit Card,New,Delivered,3.6,
ORD104996,25-02-2025,CUST1583,Customer_4996,Chennai,Beauty,Watch,Marketplace,3,6149.7,20,18449.1,3689.82,138.61,14897.89,Net Banking,Returning,Delivered,4.9,
ORD104997,26-12-2025,CUST1948,Customer_4997,Delhi,Clothing,Headphones,Website,2,390.12,0,780.24,0,232.31,1012.55,Debit Card,New,Returned,1.9,
ORD104998,20-04-2025,CUST1485,Customer_4998,Delhi,Books,Headphones,Mobile App,1,8936.28,10,8936.28,893.63,49.71,8092.36,UPI,New,Delivered,2.8,
ORD104999,11-07-2025,CUST1840,Customer_4999,Pune,Accessories,Watch,Marketplace,2,337.97,15,675.94,101.39,208.08,782.63,Cash on Delivery,New,Delivered,4.9,
ORD105000,03-04-2025,CUST1025,Customer_5000,Hyderabad,Beauty,Blender,Mobile App,1,167.87,20,167.87,33.57,223.32,357.62,Debit Card,Returning,Delivered,1.1,
